
AVRASM ver. 2.1.30  C:\Users\Reza\Documents\aas\Debug\List\a.asm Thu May 01 11:46:30 2025

                 
                 
                 ;CodeVisionAVR C Compiler V3.12 Advanced
                 ;(C) Copyright 1998-2014 Pavel Haiduc, HP InfoTech s.r.l.
                 ;http://www.hpinfotech.com
                 
                 ;Build configuration    : Debug
                 ;Chip type              : ATmega32
                 ;Program type           : Application
                 ;Clock frequency        : 8/000000 MHz
                 ;Memory model           : Small
                 ;Optimize for           : Size
                 ;(s)printf features     : int, width
                 ;(s)scanf features      : int, width
                 ;External RAM size      : 0
                 ;Data Stack size        : 512 byte(s)
                 ;Heap size              : 0 byte(s)
                 ;Promote 'char' to 'int': Yes
                 ;'char' is unsigned     : Yes
                 ;8 bit enums            : Yes
                 ;Global 'const' stored in FLASH: Yes
                 ;Enhanced function parameter passing: Yes
                 ;Enhanced core instructions: On
                 ;Automatic register allocation for global variables: On
                 ;Smart register allocation: On
                 
                 	#define _MODEL_SMALL_
                 
                 	#pragma AVRPART ADMIN PART_NAME ATmega32
                 	#pragma AVRPART MEMORY PROG_FLASH 32768
                 	#pragma AVRPART MEMORY EEPROM 1024
                 	#pragma AVRPART MEMORY INT_SRAM SIZE 2048
                 	#pragma AVRPART MEMORY INT_SRAM START_ADDR 0x60
                 
                 	#define CALL_SUPPORTED 1
                 
                 	.LISTMAC
                 	.EQU UDRE=0x5
                 	.EQU RXC=0x7
                 	.EQU USR=0xB
                 	.EQU UDR=0xC
                 	.EQU SPSR=0xE
                 	.EQU SPDR=0xF
                 	.EQU EERE=0x0
                 	.EQU EEWE=0x1
                 	.EQU EEMWE=0x2
                 	.EQU EECR=0x1C
                 	.EQU EEDR=0x1D
                 	.EQU EEARL=0x1E
                 	.EQU EEARH=0x1F
                 	.EQU WDTCR=0x21
                 	.EQU MCUCR=0x35
                 	.EQU GICR=0x3B
                 	.EQU SPL=0x3D
                 	.EQU SPH=0x3E
                 	.EQU SREG=0x3F
                 
                 	.DEF R0X0=R0
                 	.DEF R0X1=R1
                 	.DEF R0X2=R2
                 	.DEF R0X3=R3
                 	.DEF R0X4=R4
                 	.DEF R0X5=R5
                 	.DEF R0X6=R6
                 	.DEF R0X7=R7
                 	.DEF R0X8=R8
                 	.DEF R0X9=R9
                 	.DEF R0XA=R10
                 	.DEF R0XB=R11
                 	.DEF R0XC=R12
                 	.DEF R0XD=R13
                 	.DEF R0XE=R14
                 	.DEF R0XF=R15
                 	.DEF R0X10=R16
                 	.DEF R0X11=R17
                 	.DEF R0X12=R18
                 	.DEF R0X13=R19
                 	.DEF R0X14=R20
                 	.DEF R0X15=R21
                 	.DEF R0X16=R22
                 	.DEF R0X17=R23
                 	.DEF R0X18=R24
                 	.DEF R0X19=R25
                 	.DEF R0X1A=R26
                 	.DEF R0X1B=R27
                 	.DEF R0X1C=R28
                 	.DEF R0X1D=R29
                 	.DEF R0X1E=R30
                 	.DEF R0X1F=R31
                 
                 	.EQU __SRAM_START=0x0060
                 	.EQU __SRAM_END=0x085F
                 	.EQU __DSTACK_SIZE=0x0200
                 	.EQU __HEAP_SIZE=0x0000
                 	.EQU __CLEAR_SRAM_SIZE=__SRAM_END-__SRAM_START+1
                 
                 	.MACRO __CPD1N
                 	CPI  R30,LOW(@0)
                 	LDI  R26,HIGH(@0)
                 	CPC  R31,R26
                 	LDI  R26,BYTE3(@0)
                 	CPC  R22,R26
                 	LDI  R26,BYTE4(@0)
                 	CPC  R23,R26
                 	.ENDM
                 
                 	.MACRO __CPD2N
                 	CPI  R26,LOW(@0)
                 	LDI  R30,HIGH(@0)
                 	CPC  R27,R30
                 	LDI  R30,BYTE3(@0)
                 	CPC  R24,R30
                 	LDI  R30,BYTE4(@0)
                 	CPC  R25,R30
                 	.ENDM
                 
                 	.MACRO __CPWRR
                 	CP   R@0,R@2
                 	CPC  R@1,R@3
                 	.ENDM
                 
                 	.MACRO __CPWRN
                 	CPI  R@0,LOW(@2)
                 	LDI  R30,HIGH(@2)
                 	CPC  R@1,R30
                 	.ENDM
                 
                 	.MACRO __ADDB1MN
                 	SUBI R30,LOW(-@0-(@1))
                 	.ENDM
                 
                 	.MACRO __ADDB2MN
                 	SUBI R26,LOW(-@0-(@1))
                 	.ENDM
                 
                 	.MACRO __ADDW1MN
                 	SUBI R30,LOW(-@0-(@1))
                 	SBCI R31,HIGH(-@0-(@1))
                 	.ENDM
                 
                 	.MACRO __ADDW2MN
                 	SUBI R26,LOW(-@0-(@1))
                 	SBCI R27,HIGH(-@0-(@1))
                 	.ENDM
                 
                 	.MACRO __ADDW1FN
                 	SUBI R30,LOW(-2*@0-(@1))
                 	SBCI R31,HIGH(-2*@0-(@1))
                 	.ENDM
                 
                 	.MACRO __ADDD1FN
                 	SUBI R30,LOW(-2*@0-(@1))
                 	SBCI R31,HIGH(-2*@0-(@1))
                 	SBCI R22,BYTE3(-2*@0-(@1))
                 	.ENDM
                 
                 	.MACRO __ADDD1N
                 	SUBI R30,LOW(-@0)
                 	SBCI R31,HIGH(-@0)
                 	SBCI R22,BYTE3(-@0)
                 	SBCI R23,BYTE4(-@0)
                 	.ENDM
                 
                 	.MACRO __ADDD2N
                 	SUBI R26,LOW(-@0)
                 	SBCI R27,HIGH(-@0)
                 	SBCI R24,BYTE3(-@0)
                 	SBCI R25,BYTE4(-@0)
                 	.ENDM
                 
                 	.MACRO __SUBD1N
                 	SUBI R30,LOW(@0)
                 	SBCI R31,HIGH(@0)
                 	SBCI R22,BYTE3(@0)
                 	SBCI R23,BYTE4(@0)
                 	.ENDM
                 
                 	.MACRO __SUBD2N
                 	SUBI R26,LOW(@0)
                 	SBCI R27,HIGH(@0)
                 	SBCI R24,BYTE3(@0)
                 	SBCI R25,BYTE4(@0)
                 	.ENDM
                 
                 	.MACRO __ANDBMNN
                 	LDS  R30,@0+(@1)
                 	ANDI R30,LOW(@2)
                 	STS  @0+(@1),R30
                 	.ENDM
                 
                 	.MACRO __ANDWMNN
                 	LDS  R30,@0+(@1)
                 	ANDI R30,LOW(@2)
                 	STS  @0+(@1),R30
                 	LDS  R30,@0+(@1)+1
                 	ANDI R30,HIGH(@2)
                 	STS  @0+(@1)+1,R30
                 	.ENDM
                 
                 	.MACRO __ANDD1N
                 	ANDI R30,LOW(@0)
                 	ANDI R31,HIGH(@0)
                 	ANDI R22,BYTE3(@0)
                 	ANDI R23,BYTE4(@0)
                 	.ENDM
                 
                 	.MACRO __ANDD2N
                 	ANDI R26,LOW(@0)
                 	ANDI R27,HIGH(@0)
                 	ANDI R24,BYTE3(@0)
                 	ANDI R25,BYTE4(@0)
                 	.ENDM
                 
                 	.MACRO __ORBMNN
                 	LDS  R30,@0+(@1)
                 	ORI  R30,LOW(@2)
                 	STS  @0+(@1),R30
                 	.ENDM
                 
                 	.MACRO __ORWMNN
                 	LDS  R30,@0+(@1)
                 	ORI  R30,LOW(@2)
                 	STS  @0+(@1),R30
                 	LDS  R30,@0+(@1)+1
                 	ORI  R30,HIGH(@2)
                 	STS  @0+(@1)+1,R30
                 	.ENDM
                 
                 	.MACRO __ORD1N
                 	ORI  R30,LOW(@0)
                 	ORI  R31,HIGH(@0)
                 	ORI  R22,BYTE3(@0)
                 	ORI  R23,BYTE4(@0)
                 	.ENDM
                 
                 	.MACRO __ORD2N
                 	ORI  R26,LOW(@0)
                 	ORI  R27,HIGH(@0)
                 	ORI  R24,BYTE3(@0)
                 	ORI  R25,BYTE4(@0)
                 	.ENDM
                 
                 	.MACRO __DELAY_USB
                 	LDI  R24,LOW(@0)
                 __DELAY_USB_LOOP:
                 	DEC  R24
                 	BRNE __DELAY_USB_LOOP
                 	.ENDM
                 
                 	.MACRO __DELAY_USW
                 	LDI  R24,LOW(@0)
                 	LDI  R25,HIGH(@0)
                 __DELAY_USW_LOOP:
                 	SBIW R24,1
                 	BRNE __DELAY_USW_LOOP
                 	.ENDM
                 
                 	.MACRO __GETD1S
                 	LDD  R30,Y+@0
                 	LDD  R31,Y+@0+1
                 	LDD  R22,Y+@0+2
                 	LDD  R23,Y+@0+3
                 	.ENDM
                 
                 	.MACRO __GETD2S
                 	LDD  R26,Y+@0
                 	LDD  R27,Y+@0+1
                 	LDD  R24,Y+@0+2
                 	LDD  R25,Y+@0+3
                 	.ENDM
                 
                 	.MACRO __PUTD1S
                 	STD  Y+@0,R30
                 	STD  Y+@0+1,R31
                 	STD  Y+@0+2,R22
                 	STD  Y+@0+3,R23
                 	.ENDM
                 
                 	.MACRO __PUTD2S
                 	STD  Y+@0,R26
                 	STD  Y+@0+1,R27
                 	STD  Y+@0+2,R24
                 	STD  Y+@0+3,R25
                 	.ENDM
                 
                 	.MACRO __PUTDZ2
                 	STD  Z+@0,R26
                 	STD  Z+@0+1,R27
                 	STD  Z+@0+2,R24
                 	STD  Z+@0+3,R25
                 	.ENDM
                 
                 	.MACRO __CLRD1S
                 	STD  Y+@0,R30
                 	STD  Y+@0+1,R30
                 	STD  Y+@0+2,R30
                 	STD  Y+@0+3,R30
                 	.ENDM
                 
                 	.MACRO __POINTB1MN
                 	LDI  R30,LOW(@0+(@1))
                 	.ENDM
                 
                 	.MACRO __POINTW1MN
                 	LDI  R30,LOW(@0+(@1))
                 	LDI  R31,HIGH(@0+(@1))
                 	.ENDM
                 
                 	.MACRO __POINTD1M
                 	LDI  R30,LOW(@0)
                 	LDI  R31,HIGH(@0)
                 	LDI  R22,BYTE3(@0)
                 	LDI  R23,BYTE4(@0)
                 	.ENDM
                 
                 	.MACRO __POINTW1FN
                 	LDI  R30,LOW(2*@0+(@1))
                 	LDI  R31,HIGH(2*@0+(@1))
                 	.ENDM
                 
                 	.MACRO __POINTD1FN
                 	LDI  R30,LOW(2*@0+(@1))
                 	LDI  R31,HIGH(2*@0+(@1))
                 	LDI  R22,BYTE3(2*@0+(@1))
                 	LDI  R23,BYTE4(2*@0+(@1))
                 	.ENDM
                 
                 	.MACRO __POINTB2MN
                 	LDI  R26,LOW(@0+(@1))
                 	.ENDM
                 
                 	.MACRO __POINTW2MN
                 	LDI  R26,LOW(@0+(@1))
                 	LDI  R27,HIGH(@0+(@1))
                 	.ENDM
                 
                 	.MACRO __POINTW2FN
                 	LDI  R26,LOW(2*@0+(@1))
                 	LDI  R27,HIGH(2*@0+(@1))
                 	.ENDM
                 
                 	.MACRO __POINTD2FN
                 	LDI  R26,LOW(2*@0+(@1))
                 	LDI  R27,HIGH(2*@0+(@1))
                 	LDI  R24,BYTE3(2*@0+(@1))
                 	LDI  R25,BYTE4(2*@0+(@1))
                 	.ENDM
                 
                 	.MACRO __POINTBRM
                 	LDI  R@0,LOW(@1)
                 	.ENDM
                 
                 	.MACRO __POINTWRM
                 	LDI  R@0,LOW(@2)
                 	LDI  R@1,HIGH(@2)
                 	.ENDM
                 
                 	.MACRO __POINTBRMN
                 	LDI  R@0,LOW(@1+(@2))
                 	.ENDM
                 
                 	.MACRO __POINTWRMN
                 	LDI  R@0,LOW(@2+(@3))
                 	LDI  R@1,HIGH(@2+(@3))
                 	.ENDM
                 
                 	.MACRO __POINTWRFN
                 	LDI  R@0,LOW(@2*2+(@3))
                 	LDI  R@1,HIGH(@2*2+(@3))
                 	.ENDM
                 
                 	.MACRO __GETD1N
                 	LDI  R30,LOW(@0)
                 	LDI  R31,HIGH(@0)
                 	LDI  R22,BYTE3(@0)
                 	LDI  R23,BYTE4(@0)
                 	.ENDM
                 
                 	.MACRO __GETD2N
                 	LDI  R26,LOW(@0)
                 	LDI  R27,HIGH(@0)
                 	LDI  R24,BYTE3(@0)
                 	LDI  R25,BYTE4(@0)
                 	.ENDM
                 
                 	.MACRO __GETB1MN
                 	LDS  R30,@0+(@1)
                 	.ENDM
                 
                 	.MACRO __GETB1HMN
                 	LDS  R31,@0+(@1)
                 	.ENDM
                 
                 	.MACRO __GETW1MN
                 	LDS  R30,@0+(@1)
                 	LDS  R31,@0+(@1)+1
                 	.ENDM
                 
                 	.MACRO __GETD1MN
                 	LDS  R30,@0+(@1)
                 	LDS  R31,@0+(@1)+1
                 	LDS  R22,@0+(@1)+2
                 	LDS  R23,@0+(@1)+3
                 	.ENDM
                 
                 	.MACRO __GETBRMN
                 	LDS  R@0,@1+(@2)
                 	.ENDM
                 
                 	.MACRO __GETWRMN
                 	LDS  R@0,@2+(@3)
                 	LDS  R@1,@2+(@3)+1
                 	.ENDM
                 
                 	.MACRO __GETWRZ
                 	LDD  R@0,Z+@2
                 	LDD  R@1,Z+@2+1
                 	.ENDM
                 
                 	.MACRO __GETD2Z
                 	LDD  R26,Z+@0
                 	LDD  R27,Z+@0+1
                 	LDD  R24,Z+@0+2
                 	LDD  R25,Z+@0+3
                 	.ENDM
                 
                 	.MACRO __GETB2MN
                 	LDS  R26,@0+(@1)
                 	.ENDM
                 
                 	.MACRO __GETW2MN
                 	LDS  R26,@0+(@1)
                 	LDS  R27,@0+(@1)+1
                 	.ENDM
                 
                 	.MACRO __GETD2MN
                 	LDS  R26,@0+(@1)
                 	LDS  R27,@0+(@1)+1
                 	LDS  R24,@0+(@1)+2
                 	LDS  R25,@0+(@1)+3
                 	.ENDM
                 
                 	.MACRO __PUTB1MN
                 	STS  @0+(@1),R30
                 	.ENDM
                 
                 	.MACRO __PUTW1MN
                 	STS  @0+(@1),R30
                 	STS  @0+(@1)+1,R31
                 	.ENDM
                 
                 	.MACRO __PUTD1MN
                 	STS  @0+(@1),R30
                 	STS  @0+(@1)+1,R31
                 	STS  @0+(@1)+2,R22
                 	STS  @0+(@1)+3,R23
                 	.ENDM
                 
                 	.MACRO __PUTB1EN
                 	LDI  R26,LOW(@0+(@1))
                 	LDI  R27,HIGH(@0+(@1))
                 	CALL __EEPROMWRB
                 	.ENDM
                 
                 	.MACRO __PUTW1EN
                 	LDI  R26,LOW(@0+(@1))
                 	LDI  R27,HIGH(@0+(@1))
                 	CALL __EEPROMWRW
                 	.ENDM
                 
                 	.MACRO __PUTD1EN
                 	LDI  R26,LOW(@0+(@1))
                 	LDI  R27,HIGH(@0+(@1))
                 	CALL __EEPROMWRD
                 	.ENDM
                 
                 	.MACRO __PUTBR0MN
                 	STS  @0+(@1),R0
                 	.ENDM
                 
                 	.MACRO __PUTBMRN
                 	STS  @0+(@1),R@2
                 	.ENDM
                 
                 	.MACRO __PUTWMRN
                 	STS  @0+(@1),R@2
                 	STS  @0+(@1)+1,R@3
                 	.ENDM
                 
                 	.MACRO __PUTBZR
                 	STD  Z+@1,R@0
                 	.ENDM
                 
                 	.MACRO __PUTWZR
                 	STD  Z+@2,R@0
                 	STD  Z+@2+1,R@1
                 	.ENDM
                 
                 	.MACRO __GETW1R
                 	MOV  R30,R@0
                 	MOV  R31,R@1
                 	.ENDM
                 
                 	.MACRO __GETW2R
                 	MOV  R26,R@0
                 	MOV  R27,R@1
                 	.ENDM
                 
                 	.MACRO __GETWRN
                 	LDI  R@0,LOW(@2)
                 	LDI  R@1,HIGH(@2)
                 	.ENDM
                 
                 	.MACRO __PUTW1R
                 	MOV  R@0,R30
                 	MOV  R@1,R31
                 	.ENDM
                 
                 	.MACRO __PUTW2R
                 	MOV  R@0,R26
                 	MOV  R@1,R27
                 	.ENDM
                 
                 	.MACRO __ADDWRN
                 	SUBI R@0,LOW(-@2)
                 	SBCI R@1,HIGH(-@2)
                 	.ENDM
                 
                 	.MACRO __ADDWRR
                 	ADD  R@0,R@2
                 	ADC  R@1,R@3
                 	.ENDM
                 
                 	.MACRO __SUBWRN
                 	SUBI R@0,LOW(@2)
                 	SBCI R@1,HIGH(@2)
                 	.ENDM
                 
                 	.MACRO __SUBWRR
                 	SUB  R@0,R@2
                 	SBC  R@1,R@3
                 	.ENDM
                 
                 	.MACRO __ANDWRN
                 	ANDI R@0,LOW(@2)
                 	ANDI R@1,HIGH(@2)
                 	.ENDM
                 
                 	.MACRO __ANDWRR
                 	AND  R@0,R@2
                 	AND  R@1,R@3
                 	.ENDM
                 
                 	.MACRO __ORWRN
                 	ORI  R@0,LOW(@2)
                 	ORI  R@1,HIGH(@2)
                 	.ENDM
                 
                 	.MACRO __ORWRR
                 	OR   R@0,R@2
                 	OR   R@1,R@3
                 	.ENDM
                 
                 	.MACRO __EORWRR
                 	EOR  R@0,R@2
                 	EOR  R@1,R@3
                 	.ENDM
                 
                 	.MACRO __GETWRS
                 	LDD  R@0,Y+@2
                 	LDD  R@1,Y+@2+1
                 	.ENDM
                 
                 	.MACRO __PUTBSR
                 	STD  Y+@1,R@0
                 	.ENDM
                 
                 	.MACRO __PUTWSR
                 	STD  Y+@2,R@0
                 	STD  Y+@2+1,R@1
                 	.ENDM
                 
                 	.MACRO __MOVEWRR
                 	MOV  R@0,R@2
                 	MOV  R@1,R@3
                 	.ENDM
                 
                 	.MACRO __INWR
                 	IN   R@0,@2
                 	IN   R@1,@2+1
                 	.ENDM
                 
                 	.MACRO __OUTWR
                 	OUT  @2+1,R@1
                 	OUT  @2,R@0
                 	.ENDM
                 
                 	.MACRO __CALL1MN
                 	LDS  R30,@0+(@1)
                 	LDS  R31,@0+(@1)+1
                 	ICALL
                 	.ENDM
                 
                 	.MACRO __CALL1FN
                 	LDI  R30,LOW(2*@0+(@1))
                 	LDI  R31,HIGH(2*@0+(@1))
                 	CALL __GETW1PF
                 	ICALL
                 	.ENDM
                 
                 	.MACRO __CALL2EN
                 	PUSH R26
                 	PUSH R27
                 	LDI  R26,LOW(@0+(@1))
                 	LDI  R27,HIGH(@0+(@1))
                 	CALL __EEPROMRDW
                 	POP  R27
                 	POP  R26
                 	ICALL
                 	.ENDM
                 
                 	.MACRO __CALL2EX
                 	SUBI R26,LOW(-@0)
                 	SBCI R27,HIGH(-@0)
                 	CALL __EEPROMRDD
                 	ICALL
                 	.ENDM
                 
                 	.MACRO __GETW1STACK
                 	IN   R30,SPL
                 	IN   R31,SPH
                 	ADIW R30,@0+1
                 	LD   R0,Z+
                 	LD   R31,Z
                 	MOV  R30,R0
                 	.ENDM
                 
                 	.MACRO __GETD1STACK
                 	IN   R30,SPL
                 	IN   R31,SPH
                 	ADIW R30,@0+1
                 	LD   R0,Z+
                 	LD   R1,Z+
                 	LD   R22,Z
                 	MOVW R30,R0
                 	.ENDM
                 
                 	.MACRO __NBST
                 	BST  R@0,@1
                 	IN   R30,SREG
                 	LDI  R31,0x40
                 	EOR  R30,R31
                 	OUT  SREG,R30
                 	.ENDM
                 
                 
                 	.MACRO __PUTB1SN
                 	LDD  R26,Y+@0
                 	LDD  R27,Y+@0+1
                 	SUBI R26,LOW(-@1)
                 	SBCI R27,HIGH(-@1)
                 	ST   X,R30
                 	.ENDM
                 
                 	.MACRO __PUTW1SN
                 	LDD  R26,Y+@0
                 	LDD  R27,Y+@0+1
                 	SUBI R26,LOW(-@1)
                 	SBCI R27,HIGH(-@1)
                 	ST   X+,R30
                 	ST   X,R31
                 	.ENDM
                 
                 	.MACRO __PUTD1SN
                 	LDD  R26,Y+@0
                 	LDD  R27,Y+@0+1
                 	SUBI R26,LOW(-@1)
                 	SBCI R27,HIGH(-@1)
                 	CALL __PUTDP1
                 	.ENDM
                 
                 	.MACRO __PUTB1SNS
                 	LDD  R26,Y+@0
                 	LDD  R27,Y+@0+1
                 	ADIW R26,@1
                 	ST   X,R30
                 	.ENDM
                 
                 	.MACRO __PUTW1SNS
                 	LDD  R26,Y+@0
                 	LDD  R27,Y+@0+1
                 	ADIW R26,@1
                 	ST   X+,R30
                 	ST   X,R31
                 	.ENDM
                 
                 	.MACRO __PUTD1SNS
                 	LDD  R26,Y+@0
                 	LDD  R27,Y+@0+1
                 	ADIW R26,@1
                 	CALL __PUTDP1
                 	.ENDM
                 
                 	.MACRO __PUTB1PMN
                 	LDS  R26,@0
                 	LDS  R27,@0+1
                 	SUBI R26,LOW(-@1)
                 	SBCI R27,HIGH(-@1)
                 	ST   X,R30
                 	.ENDM
                 
                 	.MACRO __PUTW1PMN
                 	LDS  R26,@0
                 	LDS  R27,@0+1
                 	SUBI R26,LOW(-@1)
                 	SBCI R27,HIGH(-@1)
                 	ST   X+,R30
                 	ST   X,R31
                 	.ENDM
                 
                 	.MACRO __PUTD1PMN
                 	LDS  R26,@0
                 	LDS  R27,@0+1
                 	SUBI R26,LOW(-@1)
                 	SBCI R27,HIGH(-@1)
                 	CALL __PUTDP1
                 	.ENDM
                 
                 	.MACRO __PUTB1PMNS
                 	LDS  R26,@0
                 	LDS  R27,@0+1
                 	ADIW R26,@1
                 	ST   X,R30
                 	.ENDM
                 
                 	.MACRO __PUTW1PMNS
                 	LDS  R26,@0
                 	LDS  R27,@0+1
                 	ADIW R26,@1
                 	ST   X+,R30
                 	ST   X,R31
                 	.ENDM
                 
                 	.MACRO __PUTD1PMNS
                 	LDS  R26,@0
                 	LDS  R27,@0+1
                 	ADIW R26,@1
                 	CALL __PUTDP1
                 	.ENDM
                 
                 	.MACRO __PUTB1RN
                 	MOVW R26,R@0
                 	SUBI R26,LOW(-@1)
                 	SBCI R27,HIGH(-@1)
                 	ST   X,R30
                 	.ENDM
                 
                 	.MACRO __PUTW1RN
                 	MOVW R26,R@0
                 	SUBI R26,LOW(-@1)
                 	SBCI R27,HIGH(-@1)
                 	ST   X+,R30
                 	ST   X,R31
                 	.ENDM
                 
                 	.MACRO __PUTD1RN
                 	MOVW R26,R@0
                 	SUBI R26,LOW(-@1)
                 	SBCI R27,HIGH(-@1)
                 	CALL __PUTDP1
                 	.ENDM
                 
                 	.MACRO __PUTB1RNS
                 	MOVW R26,R@0
                 	ADIW R26,@1
                 	ST   X,R30
                 	.ENDM
                 
                 	.MACRO __PUTW1RNS
                 	MOVW R26,R@0
                 	ADIW R26,@1
                 	ST   X+,R30
                 	ST   X,R31
                 	.ENDM
                 
                 	.MACRO __PUTD1RNS
                 	MOVW R26,R@0
                 	ADIW R26,@1
                 	CALL __PUTDP1
                 	.ENDM
                 
                 	.MACRO __PUTB1RON
                 	MOV  R26,R@0
                 	MOV  R27,R@1
                 	SUBI R26,LOW(-@2)
                 	SBCI R27,HIGH(-@2)
                 	ST   X,R30
                 	.ENDM
                 
                 	.MACRO __PUTW1RON
                 	MOV  R26,R@0
                 	MOV  R27,R@1
                 	SUBI R26,LOW(-@2)
                 	SBCI R27,HIGH(-@2)
                 	ST   X+,R30
                 	ST   X,R31
                 	.ENDM
                 
                 	.MACRO __PUTD1RON
                 	MOV  R26,R@0
                 	MOV  R27,R@1
                 	SUBI R26,LOW(-@2)
                 	SBCI R27,HIGH(-@2)
                 	CALL __PUTDP1
                 	.ENDM
                 
                 	.MACRO __PUTB1RONS
                 	MOV  R26,R@0
                 	MOV  R27,R@1
                 	ADIW R26,@2
                 	ST   X,R30
                 	.ENDM
                 
                 	.MACRO __PUTW1RONS
                 	MOV  R26,R@0
                 	MOV  R27,R@1
                 	ADIW R26,@2
                 	ST   X+,R30
                 	ST   X,R31
                 	.ENDM
                 
                 	.MACRO __PUTD1RONS
                 	MOV  R26,R@0
                 	MOV  R27,R@1
                 	ADIW R26,@2
                 	CALL __PUTDP1
                 	.ENDM
                 
                 
                 	.MACRO __GETB1SX
                 	MOVW R30,R28
                 	SUBI R30,LOW(-@0)
                 	SBCI R31,HIGH(-@0)
                 	LD   R30,Z
                 	.ENDM
                 
                 	.MACRO __GETB1HSX
                 	MOVW R30,R28
                 	SUBI R30,LOW(-@0)
                 	SBCI R31,HIGH(-@0)
                 	LD   R31,Z
                 	.ENDM
                 
                 	.MACRO __GETW1SX
                 	MOVW R30,R28
                 	SUBI R30,LOW(-@0)
                 	SBCI R31,HIGH(-@0)
                 	LD   R0,Z+
                 	LD   R31,Z
                 	MOV  R30,R0
                 	.ENDM
                 
                 	.MACRO __GETD1SX
                 	MOVW R30,R28
                 	SUBI R30,LOW(-@0)
                 	SBCI R31,HIGH(-@0)
                 	LD   R0,Z+
                 	LD   R1,Z+
                 	LD   R22,Z+
                 	LD   R23,Z
                 	MOVW R30,R0
                 	.ENDM
                 
                 	.MACRO __GETB2SX
                 	MOVW R26,R28
                 	SUBI R26,LOW(-@0)
                 	SBCI R27,HIGH(-@0)
                 	LD   R26,X
                 	.ENDM
                 
                 	.MACRO __GETW2SX
                 	MOVW R26,R28
                 	SUBI R26,LOW(-@0)
                 	SBCI R27,HIGH(-@0)
                 	LD   R0,X+
                 	LD   R27,X
                 	MOV  R26,R0
                 	.ENDM
                 
                 	.MACRO __GETD2SX
                 	MOVW R26,R28
                 	SUBI R26,LOW(-@0)
                 	SBCI R27,HIGH(-@0)
                 	LD   R0,X+
                 	LD   R1,X+
                 	LD   R24,X+
                 	LD   R25,X
                 	MOVW R26,R0
                 	.ENDM
                 
                 	.MACRO __GETBRSX
                 	MOVW R30,R28
                 	SUBI R30,LOW(-@1)
                 	SBCI R31,HIGH(-@1)
                 	LD   R@0,Z
                 	.ENDM
                 
                 	.MACRO __GETWRSX
                 	MOVW R30,R28
                 	SUBI R30,LOW(-@2)
                 	SBCI R31,HIGH(-@2)
                 	LD   R@0,Z+
                 	LD   R@1,Z
                 	.ENDM
                 
                 	.MACRO __GETBRSX2
                 	MOVW R26,R28
                 	SUBI R26,LOW(-@1)
                 	SBCI R27,HIGH(-@1)
                 	LD   R@0,X
                 	.ENDM
                 
                 	.MACRO __GETWRSX2
                 	MOVW R26,R28
                 	SUBI R26,LOW(-@2)
                 	SBCI R27,HIGH(-@2)
                 	LD   R@0,X+
                 	LD   R@1,X
                 	.ENDM
                 
                 	.MACRO __LSLW8SX
                 	MOVW R30,R28
                 	SUBI R30,LOW(-@0)
                 	SBCI R31,HIGH(-@0)
                 	LD   R31,Z
                 	CLR  R30
                 	.ENDM
                 
                 	.MACRO __PUTB1SX
                 	MOVW R26,R28
                 	SUBI R26,LOW(-@0)
                 	SBCI R27,HIGH(-@0)
                 	ST   X,R30
                 	.ENDM
                 
                 	.MACRO __PUTW1SX
                 	MOVW R26,R28
                 	SUBI R26,LOW(-@0)
                 	SBCI R27,HIGH(-@0)
                 	ST   X+,R30
                 	ST   X,R31
                 	.ENDM
                 
                 	.MACRO __PUTD1SX
                 	MOVW R26,R28
                 	SUBI R26,LOW(-@0)
                 	SBCI R27,HIGH(-@0)
                 	ST   X+,R30
                 	ST   X+,R31
                 	ST   X+,R22
                 	ST   X,R23
                 	.ENDM
                 
                 	.MACRO __CLRW1SX
                 	MOVW R26,R28
                 	SUBI R26,LOW(-@0)
                 	SBCI R27,HIGH(-@0)
                 	ST   X+,R30
                 	ST   X,R30
                 	.ENDM
                 
                 	.MACRO __CLRD1SX
                 	MOVW R26,R28
                 	SUBI R26,LOW(-@0)
                 	SBCI R27,HIGH(-@0)
                 	ST   X+,R30
                 	ST   X+,R30
                 	ST   X+,R30
                 	ST   X,R30
                 	.ENDM
                 
                 	.MACRO __PUTB2SX
                 	MOVW R30,R28
                 	SUBI R30,LOW(-@0)
                 	SBCI R31,HIGH(-@0)
                 	ST   Z,R26
                 	.ENDM
                 
                 	.MACRO __PUTW2SX
                 	MOVW R30,R28
                 	SUBI R30,LOW(-@0)
                 	SBCI R31,HIGH(-@0)
                 	ST   Z+,R26
                 	ST   Z,R27
                 	.ENDM
                 
                 	.MACRO __PUTD2SX
                 	MOVW R30,R28
                 	SUBI R30,LOW(-@0)
                 	SBCI R31,HIGH(-@0)
                 	ST   Z+,R26
                 	ST   Z+,R27
                 	ST   Z+,R24
                 	ST   Z,R25
                 	.ENDM
                 
                 	.MACRO __PUTBSRX
                 	MOVW R30,R28
                 	SUBI R30,LOW(-@1)
                 	SBCI R31,HIGH(-@1)
                 	ST   Z,R@0
                 	.ENDM
                 
                 	.MACRO __PUTWSRX
                 	MOVW R30,R28
                 	SUBI R30,LOW(-@2)
                 	SBCI R31,HIGH(-@2)
                 	ST   Z+,R@0
                 	ST   Z,R@1
                 	.ENDM
                 
                 	.MACRO __PUTB1SNX
                 	MOVW R26,R28
                 	SUBI R26,LOW(-@0)
                 	SBCI R27,HIGH(-@0)
                 	LD   R0,X+
                 	LD   R27,X
                 	MOV  R26,R0
                 	SUBI R26,LOW(-@1)
                 	SBCI R27,HIGH(-@1)
                 	ST   X,R30
                 	.ENDM
                 
                 	.MACRO __PUTW1SNX
                 	MOVW R26,R28
                 	SUBI R26,LOW(-@0)
                 	SBCI R27,HIGH(-@0)
                 	LD   R0,X+
                 	LD   R27,X
                 	MOV  R26,R0
                 	SUBI R26,LOW(-@1)
                 	SBCI R27,HIGH(-@1)
                 	ST   X+,R30
                 	ST   X,R31
                 	.ENDM
                 
                 	.MACRO __PUTD1SNX
                 	MOVW R26,R28
                 	SUBI R26,LOW(-@0)
                 	SBCI R27,HIGH(-@0)
                 	LD   R0,X+
                 	LD   R27,X
                 	MOV  R26,R0
                 	SUBI R26,LOW(-@1)
                 	SBCI R27,HIGH(-@1)
                 	ST   X+,R30
                 	ST   X+,R31
                 	ST   X+,R22
                 	ST   X,R23
                 	.ENDM
                 
                 	.MACRO __MULBRR
                 	MULS R@0,R@1
                 	MOVW R30,R0
                 	.ENDM
                 
                 	.MACRO __MULBRRU
                 	MUL  R@0,R@1
                 	MOVW R30,R0
                 	.ENDM
                 
                 	.MACRO __MULBRR0
                 	MULS R@0,R@1
                 	.ENDM
                 
                 	.MACRO __MULBRRU0
                 	MUL  R@0,R@1
                 	.ENDM
                 
                 	.MACRO __MULBNWRU
                 	LDI  R26,@2
                 	MUL  R26,R@0
                 	MOVW R30,R0
                 	MUL  R26,R@1
                 	ADD  R31,R0
                 	.ENDM
                 
                 	.CSEG
                 	.ORG 0x00
                 
                 ;START OF CODE MARKER
                 __START_OF_CODE:
                 
                 ;INTERRUPT VECTORS
000000 940c 1943 	JMP  __RESET
000002 940c 0000 	JMP  0x00
000004 940c 0000 	JMP  0x00
000006 940c 0000 	JMP  0x00
000008 940c 0000 	JMP  0x00
00000a 940c 0000 	JMP  0x00
00000c 940c 0000 	JMP  0x00
00000e 940c 0000 	JMP  0x00
000010 940c 0000 	JMP  0x00
000012 940c 0000 	JMP  0x00
000014 940c 0000 	JMP  0x00
000016 940c 0000 	JMP  0x00
000018 940c 0000 	JMP  0x00
00001a 940c 0000 	JMP  0x00
00001c 940c 0000 	JMP  0x00
00001e 940c 0000 	JMP  0x00
000020 940c 0000 	JMP  0x00
000022 940c 0000 	JMP  0x00
000024 940c 0000 	JMP  0x00
000026 940c 0000 	JMP  0x00
000028 940c 0000 	JMP  0x00
                 
                 _f1:
00002a 0080
00002b 0040
00002c 0000
00002d 0000      	.DB  0x80,0x0,0x40,0x0,0x0,0x0,0x0,0x0
00002e 0000
00002f 0000
000030 0000
000031 0000      	.DB  0x0,0x0,0x0,0x0,0x0,0x0,0x0,0x0
000032 0000
000033 0000
000034 0000
000035 0000      	.DB  0x0,0x0,0x0,0x0,0x0,0x0,0x0,0x0
000036 0000
000037 0000
000038 0000
000039 0000      	.DB  0x0,0x0,0x0,0x0,0x0,0x0,0x0,0x0
00003a 0000
00003b 0000
00003c 0000
00003d 0000      	.DB  0x0,0x0,0x0,0x0,0x0,0x0,0x0,0x0
00003e 0000
00003f 0000
000040 0000
000041 0000      	.DB  0x0,0x0,0x0,0x0,0x0,0x0,0x0,0x0
000042 0000
000043 0000
000044 0000
000045 0000      	.DB  0x0,0x0,0x0,0x0,0x0,0x0,0x0,0x0
000046 0000
000047 0000
000048 0000
000049 0000      	.DB  0x0,0x0,0x0,0x0,0x0,0x0,0x0,0x0
00004a 0000
00004b 0000
00004c 0000
00004d 0000      	.DB  0x0,0x0,0x0,0x0,0x0,0x0,0x0,0x0
00004e 0000
00004f 0000
000050 0000
000051 0000      	.DB  0x0,0x0,0x0,0x0,0x0,0x0,0x0,0x0
000052 0000
000053 0000
000054 0000
000055 0000      	.DB  0x0,0x0,0x0,0x0,0x0,0x0,0x0,0x0
000056 0000
000057 0000
000058 0000
000059 0000      	.DB  0x0,0x0,0x0,0x0,0x0,0x0,0x0,0x0
00005a 0000
00005b 0000
00005c 0000
00005d 0000      	.DB  0x0,0x0,0x0,0x0,0x0,0x0,0x0,0x0
00005e 0000
00005f 0000
000060 0000
000061 0000      	.DB  0x0,0x0,0x0,0x0,0x0,0x0,0x0,0x0
000062 0000
000063 0000
000064 0000
000065 0000      	.DB  0x0,0x0,0x0,0x0,0x0,0x0,0x0,0x0
000066 0000
000067 0000
000068 0000
000069 0000      	.DB  0x0,0x0,0x0,0x0,0x0,0x0,0x0,0x0
00006a 0000
00006b 0000
00006c 0000
00006d 0000      	.DB  0x0,0x0,0x0,0x0,0x0,0x0,0x0,0x0
00006e 0000
00006f 0000
000070 0000
000071 0000      	.DB  0x0,0x0,0x0,0x0,0x0,0x0,0x0,0x0
000072 0000
000073 0000
000074 0000
000075 0000      	.DB  0x0,0x0,0x0,0x0,0x0,0x0,0x0,0x0
000076 0000
000077 0000
000078 0000
000079 0000      	.DB  0x0,0x0,0x0,0x0,0x0,0x0,0x0,0x0
00007a 0000
00007b 0000
00007c 0000
00007d 0000      	.DB  0x0,0x0,0x0,0x0,0x0,0x0,0x0,0x0
00007e 0000
00007f 0000
000080 0000
000081 0000      	.DB  0x0,0x0,0x0,0x0,0x0,0x0,0x0,0x0
000082 0000
000083 0000
000084 0000
000085 0000      	.DB  0x0,0x0,0x0,0x0,0x0,0x0,0x0,0x0
000086 0e04
000087 0e0e
000088 3e1e
000089 fd3f      	.DB  0x4,0xE,0xE,0xE,0x1E,0x3E,0x3F,0xFD
00008a f9fd
00008b f9f9
00008c 1e7d
00008d 0a0e      	.DB  0xFD,0xF9,0xF9,0xF9,0x7D,0x1E,0xE,0xA
00008e 0002
00008f 0008
000090 1010
000091 3010      	.DB  0x2,0x0,0x8,0x0,0x10,0x10,0x10,0x30
000092 0000
000093 0000
000094 0000
000095 0000      	.DB  0x0,0x0,0x0,0x0,0x0,0x0,0x0,0x0
000096 0000
000097 0000
000098 0000
000099 0000      	.DB  0x0,0x0,0x0,0x0,0x0,0x0,0x0,0x0
00009a 0000
00009b 0000
00009c 0000
00009d 0000      	.DB  0x0,0x0,0x0,0x0,0x0,0x0,0x0,0x0
00009e 0000
00009f 0000
0000a0 0000
0000a1 0000      	.DB  0x0,0x0,0x0,0x0,0x0,0x0,0x0,0x0
0000a2 0000
0000a3 0000
0000a4 0000
0000a5 0000      	.DB  0x0,0x0,0x0,0x0,0x0,0x0,0x0,0x0
0000a6 0000
0000a7 0000
0000a8 0000
0000a9 0000      	.DB  0x0,0x0,0x0,0x0,0x0,0x0,0x0,0x0
0000aa 0000
0000ab 0000
0000ac 0000
0000ad 0000      	.DB  0x0,0x0,0x0,0x0,0x0,0x0,0x0,0x0
0000ae 0000
0000af 0000
0000b0 0000
0000b1 0000      	.DB  0x0,0x0,0x0,0x0,0x0,0x0,0x0,0x0
0000b2 0000
0000b3 0000
0000b4 0000
0000b5 0000      	.DB  0x0,0x0,0x0,0x0,0x0,0x0,0x0,0x0
0000b6 0000
0000b7 0000
0000b8 0000
0000b9 0000      	.DB  0x0,0x0,0x0,0x0,0x0,0x0,0x0,0x0
0000ba 0000
0000bb 0000
0000bc 0000
0000bd 0000      	.DB  0x0,0x0,0x0,0x0,0x0,0x0,0x0,0x0
0000be 0000
0000bf 0000
0000c0 0000
0000c1 0000      	.DB  0x0,0x0,0x0,0x0,0x0,0x0,0x0,0x0
0000c2 0000
0000c3 0000
0000c4 6040
0000c5 7870      	.DB  0x0,0x0,0x0,0x0,0x40,0x60,0x70,0x78
0000c6 7c7c
0000c7 fe7e
0000c8 fefe
0000c9 ffff      	.DB  0x7C,0x7C,0x7E,0xFE,0xFE,0xFE,0xFF,0xFF
0000ca ffff
0000cb f2ff
0000cc 0080
0000cd 0000      	.DB  0xFF,0xFF,0xFF,0xF2,0x80,0x0,0x0,0x0
0000ce 0000
0000cf 0000
0000d0 0000
0000d1 f000      	.DB  0x0,0x0,0x0,0x0,0x0,0x0,0x0,0xF0
0000d2 43e0
0000d3 00fc
0000d4 0000
0000d5 0000      	.DB  0xE0,0x43,0xFC,0x0,0x0,0x0,0x0,0x0
0000d6 0000
0000d7 0000
0000d8 0000
0000d9 0000      	.DB  0x0,0x0,0x0,0x0,0x0,0x0,0x0,0x0
0000da 0000
0000db 0000
0000dc 0000
0000dd 0000      	.DB  0x0,0x0,0x0,0x0,0x0,0x0,0x0,0x0
0000de 0000
0000df 0000
0000e0 0000
0000e1 0000      	.DB  0x0,0x0,0x0,0x0,0x0,0x0,0x0,0x0
0000e2 0000
0000e3 0000
0000e4 0000
0000e5 0000      	.DB  0x0,0x0,0x0,0x0,0x0,0x0,0x0,0x0
0000e6 0000
0000e7 0000
0000e8 0000
0000e9 0000      	.DB  0x0,0x0,0x0,0x0,0x0,0x0,0x0,0x0
0000ea 0000
0000eb 0000
0000ec 0000
0000ed 0000      	.DB  0x0,0x0,0x0,0x0,0x0,0x0,0x0,0x0
0000ee 0000
0000ef 0000
0000f0 0000
0000f1 0000      	.DB  0x0,0x0,0x0,0x0,0x0,0x0,0x0,0x0
0000f2 0000
0000f3 0000
0000f4 0000
0000f5 0000      	.DB  0x0,0x0,0x0,0x0,0x0,0x0,0x0,0x0
0000f6 0000
0000f7 0000
0000f8 0000
0000f9 0000      	.DB  0x0,0x0,0x0,0x0,0x0,0x0,0x0,0x0
0000fa 0000
0000fb 0000
0000fc 0000
0000fd 0000      	.DB  0x0,0x0,0x0,0x0,0x0,0x0,0x0,0x0
0000fe 0000
0000ff 0000
000100 0000
000101 0000      	.DB  0x0,0x0,0x0,0x0,0x0,0x0,0x0,0x0
000102 0000
000103 0000
000104 0000
000105 c080      	.DB  0x0,0x0,0x0,0x0,0x0,0x0,0x80,0xC0
000106 f8f0
000107 3cf8
000108 3c3c
000109 3f3c      	.DB  0xF0,0xF8,0xF8,0x3C,0x3C,0x3C,0x3C,0x3F
00010a ffff
00010b ffff
00010c ffff
00010d c5fb      	.DB  0xFF,0xFF,0xFF,0xFF,0xFF,0xFF,0xFB,0xC5
00010e 8080
00010f 8080
000110 8080
000111 2100      	.DB  0x80,0x80,0x80,0x80,0x80,0x80,0x0,0x21
000112 0800
000113 0c0f
000114 0000
000115 0000      	.DB  0x0,0x8,0xF,0xC,0x0,0x0,0x0,0x0
000116 0000
000117 0000
000118 0000
000119 0000      	.DB  0x0,0x0,0x0,0x0,0x0,0x0,0x0,0x0
00011a 0000
00011b 0000
00011c 0000
00011d 0000      	.DB  0x0,0x0,0x0,0x0,0x0,0x0,0x0,0x0
00011e 0000
00011f 0000
000120 0000
000121 0000      	.DB  0x0,0x0,0x0,0x0,0x0,0x0,0x0,0x0
000122 0000
000123 0000
000124 0000
000125 0000      	.DB  0x0,0x0,0x0,0x0,0x0,0x0,0x0,0x0
000126 0000
000127 0000
000128 0000
000129 0000      	.DB  0x0,0x0,0x0,0x0,0x0,0x0,0x0,0x0
00012a 0000
00012b 0000
00012c 0000
00012d 0000      	.DB  0x0,0x0,0x0,0x0,0x0,0x0,0x0,0x0
00012e 0000
00012f 0000
000130 0000
000131 0000      	.DB  0x0,0x0,0x0,0x0,0x0,0x0,0x0,0x0
000132 0000
000133 0000
000134 0000
000135 0000      	.DB  0x0,0x0,0x0,0x0,0x0,0x0,0x0,0x0
000136 0000
000137 0000
000138 0000
000139 0000      	.DB  0x0,0x0,0x0,0x0,0x0,0x0,0x0,0x0
00013a 0000
00013b 0000
00013c 0000
00013d 0000      	.DB  0x0,0x0,0x0,0x0,0x0,0x0,0x0,0x0
00013e 0000
00013f 0000
000140 0000
000141 0000      	.DB  0x0,0x0,0x0,0x0,0x0,0x0,0x0,0x0
000142 0000
000143 0000
000144 0000
000145 0001      	.DB  0x0,0x0,0x0,0x0,0x0,0x0,0x1,0x0
000146 0000
000147 40e0
000148 4040
000149 0040      	.DB  0x0,0x0,0xE0,0x40,0x40,0x40,0x40,0x0
00014a e0c0
00014b fafa
00014c c7ff
00014d c1c3      	.DB  0xC0,0xE0,0xFA,0xFA,0xFF,0xC7,0xC3,0xC1
00014e 80ff
00014f 0000
000150 0000
000151 0000      	.DB  0xFF,0x80,0x0,0x0,0x0,0x0,0x0,0x0
000152 0000
000153 0000
000154 0000
000155 0000      	.DB  0x0,0x0,0x0,0x0,0x0,0x0,0x0,0x0
000156 0000
000157 0000
000158 0000
000159 0000      	.DB  0x0,0x0,0x0,0x0,0x0,0x0,0x0,0x0
00015a 0000
00015b 0000
00015c 0000
00015d 0000      	.DB  0x0,0x0,0x0,0x0,0x0,0x0,0x0,0x0
00015e 0000
00015f 0000
000160 0000
000161 0000      	.DB  0x0,0x0,0x0,0x0,0x0,0x0,0x0,0x0
000162 0000
000163 0000
000164 0000
000165 0000      	.DB  0x0,0x0,0x0,0x0,0x0,0x0,0x0,0x0
000166 0000
000167 0000
000168 0000
000169 0000      	.DB  0x0,0x0,0x0,0x0,0x0,0x0,0x0,0x0
00016a 0000
00016b 0000
00016c 0000
00016d 0000      	.DB  0x0,0x0,0x0,0x0,0x0,0x0,0x0,0x0
00016e 0000
00016f 0000
000170 0000
000171 0000      	.DB  0x0,0x0,0x0,0x0,0x0,0x0,0x0,0x0
000172 0000
000173 0000
000174 0000
000175 0000      	.DB  0x0,0x0,0x0,0x0,0x0,0x0,0x0,0x0
000176 0000
000177 0000
000178 0000
000179 0000      	.DB  0x0,0x0,0x0,0x0,0x0,0x0,0x0,0x0
00017a 0000
00017b 0000
00017c 0000
00017d 0000      	.DB  0x0,0x0,0x0,0x0,0x0,0x0,0x0,0x0
00017e 0000
00017f 0000
000180 0000
000181 0000      	.DB  0x0,0x0,0x0,0x0,0x0,0x0,0x0,0x0
000182 0000
000183 0000
000184 0000
000185 0000      	.DB  0x0,0x0,0x0,0x0,0x0,0x0,0x0,0x0
000186 0000
000187 0001
000188 0000
000189 0900      	.DB  0x0,0x0,0x1,0x0,0x0,0x0,0x0,0x9
00018a b43d
00018b e0e0
00018c 0701
00018d 0707      	.DB  0x3D,0xB4,0xE0,0xE0,0x1,0x7,0x7,0x7
00018e 0103
00018f 0000
000190 0000
000191 0000      	.DB  0x3,0x1,0x0,0x0,0x0,0x0,0x0,0x0
000192 0000
000193 0000
000194 0000
000195 0000      	.DB  0x0,0x0,0x0,0x0,0x0,0x0,0x0,0x0
000196 0000
000197 0000
000198 0000
000199 0000      	.DB  0x0,0x0,0x0,0x0,0x0,0x0,0x0,0x0
00019a 0000
00019b 0000
00019c 0000
00019d 0000      	.DB  0x0,0x0,0x0,0x0,0x0,0x0,0x0,0x0
00019e 0000
00019f 0000
0001a0 0000
0001a1 0000      	.DB  0x0,0x0,0x0,0x0,0x0,0x0,0x0,0x0
0001a2 0000
0001a3 0000
0001a4 0000
0001a5 0000      	.DB  0x0,0x0,0x0,0x0,0x0,0x0,0x0,0x0
0001a6 0000
0001a7 0000
0001a8 0000
0001a9 0000      	.DB  0x0,0x0,0x0,0x0,0x0,0x0,0x0,0x0
0001aa 0000
0001ab 0000
0001ac 0000
0001ad 0000      	.DB  0x0,0x0,0x0,0x0,0x0,0x0,0x0,0x0
0001ae 0000
0001af 0000
0001b0 0000
0001b1 0000      	.DB  0x0,0x0,0x0,0x0,0x0,0x0,0x0,0x0
0001b2 0000
0001b3 0000
0001b4 0000
0001b5 0000      	.DB  0x0,0x0,0x0,0x0,0x0,0x0,0x0,0x0
0001b6 0000
0001b7 0000
0001b8 0000
0001b9 0000      	.DB  0x0,0x0,0x0,0x0,0x0,0x0,0x0,0x0
0001ba 0000
0001bb 0000
0001bc 0000
0001bd 0000      	.DB  0x0,0x0,0x0,0x0,0x0,0x0,0x0,0x0
0001be 0000
0001bf 0000
0001c0 0000
0001c1 0000      	.DB  0x0,0x0,0x0,0x0,0x0,0x0,0x0,0x0
0001c2 0000
0001c3 0000
0001c4 0000
0001c5 1000      	.DB  0x0,0x0,0x0,0x0,0x0,0x0,0x0,0x10
0001c6 7e3c
0001c7 7b47
0001c8 797b
0001c9 7c71      	.DB  0x3C,0x7E,0x47,0x7B,0x7B,0x79,0x71,0x7C
0001ca 7c7c
0001cb 7f7d
0001cc 3c7c
0001cd 1c1c      	.DB  0x7C,0x7C,0x7D,0x7F,0x7C,0x3C,0x1C,0x1C
0001ce 0000
0001cf 0000
0001d0 0000
0001d1 0000      	.DB  0x0,0x0,0x0,0x0,0x0,0x0,0x0,0x0
0001d2 0000
0001d3 0000
0001d4 0000
0001d5 0000      	.DB  0x0,0x0,0x0,0x0,0x0,0x0,0x0,0x0
0001d6 0000
0001d7 0000
0001d8 0000
0001d9 0000      	.DB  0x0,0x0,0x0,0x0,0x0,0x0,0x0,0x0
0001da 0000
0001db 0000
0001dc 0000
0001dd 0000      	.DB  0x0,0x0,0x0,0x0,0x0,0x0,0x0,0x0
0001de 0000
0001df 0000
0001e0 0000
0001e1 0000      	.DB  0x0,0x0,0x0,0x0,0x0,0x0,0x0,0x0
0001e2 0000
0001e3 0000
0001e4 0000
0001e5 0000      	.DB  0x0,0x0,0x0,0x0,0x0,0x0,0x0,0x0
0001e6 0000
0001e7 0000
0001e8 0000
0001e9 0000      	.DB  0x0,0x0,0x0,0x0,0x0,0x0,0x0,0x0
0001ea 0000
0001eb 0000
0001ec 0000
0001ed 0000      	.DB  0x0,0x0,0x0,0x0,0x0,0x0,0x0,0x0
0001ee 0000
0001ef 0000
0001f0 0000
0001f1 0000      	.DB  0x0,0x0,0x0,0x0,0x0,0x0,0x0,0x0
0001f2 0000
0001f3 0000
0001f4 0000
0001f5 0000      	.DB  0x0,0x0,0x0,0x0,0x0,0x0,0x0,0x0
0001f6 0000
0001f7 0000
0001f8 0000
0001f9 0000      	.DB  0x0,0x0,0x0,0x0,0x0,0x0,0x0,0x0
0001fa 0000
0001fb 0000
0001fc 0000
0001fd 0000      	.DB  0x0,0x0,0x0,0x0,0x0,0x0,0x0,0x0
0001fe 0000
0001ff 0000
000200 0000
000201 0000      	.DB  0x0,0x0,0x0,0x0,0x0,0x0,0x0,0x0
000202 0000
000203 0000
000204 0000
000205 0000      	.DB  0x0,0x0,0x0,0x0,0x0,0x0,0x0,0x0
000206 0000
000207 0000
000208 0000
000209 0000      	.DB  0x0,0x0,0x0,0x0,0x0,0x0,0x0,0x0
00020a 0000
00020b 0000
00020c 0000
00020d 0000      	.DB  0x0,0x0,0x0,0x0,0x0,0x0,0x0,0x0
00020e 0000
00020f 0000
000210 0000
000211 0000      	.DB  0x0,0x0,0x0,0x0,0x0,0x0,0x0,0x0
000212 0000
000213 0000
000214 0000
000215 0000      	.DB  0x0,0x0,0x0,0x0,0x0,0x0,0x0,0x0
000216 0000
000217 0000
000218 0000
000219 0000      	.DB  0x0,0x0,0x0,0x0,0x0,0x0,0x0,0x0
00021a 0000
00021b 0000
00021c 0000
00021d 0000      	.DB  0x0,0x0,0x0,0x0,0x0,0x0,0x0,0x0
00021e 0000
00021f 0000
000220 0000
000221 0000      	.DB  0x0,0x0,0x0,0x0,0x0,0x0,0x0,0x0
000222 0000
000223 0000
000224 0000
000225 0000      	.DB  0x0,0x0,0x0,0x0,0x0,0x0,0x0,0x0
000226 0000
000227 0000
000228 0000
000229 0000      	.DB  0x0,0x0,0x0,0x0,0x0,0x0,0x0,0x0
00022a 0000
00022b 0000      	.DB  0x0,0x0,0x0,0x0
                 _f2:
00022c 0080
00022d 0040
00022e 0000
00022f 0000      	.DB  0x80,0x0,0x40,0x0,0x0,0x0,0x0,0x0
000230 0000
000231 0000
000232 0000
000233 0000      	.DB  0x0,0x0,0x0,0x0,0x0,0x0,0x0,0x0
000234 0000
000235 0000
000236 0000
000237 0000      	.DB  0x0,0x0,0x0,0x0,0x0,0x0,0x0,0x0
000238 0000
000239 0000
00023a 0000
00023b 0000      	.DB  0x0,0x0,0x0,0x0,0x0,0x0,0x0,0x0
00023c 0000
00023d 0000
00023e 0000
00023f 0000      	.DB  0x0,0x0,0x0,0x0,0x0,0x0,0x0,0x0
000240 0000
000241 0000
000242 0000
000243 0000      	.DB  0x0,0x0,0x0,0x0,0x0,0x0,0x0,0x0
000244 0000
000245 0000
000246 0000
000247 0000      	.DB  0x0,0x0,0x0,0x0,0x0,0x0,0x0,0x0
000248 0000
000249 0000
00024a 0000
00024b 0000      	.DB  0x0,0x0,0x0,0x0,0x0,0x0,0x0,0x0
00024c 0000
00024d 0000
00024e 0000
00024f 0000      	.DB  0x0,0x0,0x0,0x0,0x0,0x0,0x0,0x0
000250 0000
000251 0000
000252 0000
000253 0000      	.DB  0x0,0x0,0x0,0x0,0x0,0x0,0x0,0x0
000254 0000
000255 0000
000256 0000
000257 0000      	.DB  0x0,0x0,0x0,0x0,0x0,0x0,0x0,0x0
000258 0000
000259 0000
00025a 0000
00025b 0000      	.DB  0x0,0x0,0x0,0x0,0x0,0x0,0x0,0x0
00025c 0000
00025d 0000
00025e 0000
00025f 0000      	.DB  0x0,0x0,0x0,0x0,0x0,0x0,0x0,0x0
000260 0000
000261 0000
000262 0000
000263 0000      	.DB  0x0,0x0,0x0,0x0,0x0,0x0,0x0,0x0
000264 0000
000265 0000
000266 0000
000267 0000      	.DB  0x0,0x0,0x0,0x0,0x0,0x0,0x0,0x0
000268 0000
000269 0000
00026a 0000
00026b 0000      	.DB  0x0,0x0,0x0,0x0,0x0,0x0,0x0,0x0
00026c 0000
00026d 0000
00026e 0000
00026f 0000      	.DB  0x0,0x0,0x0,0x0,0x0,0x0,0x0,0x0
000270 0000
000271 0000
000272 0000
000273 0000      	.DB  0x0,0x0,0x0,0x0,0x0,0x0,0x0,0x0
000274 0000
000275 0000
000276 0000
000277 0000      	.DB  0x0,0x0,0x0,0x0,0x0,0x0,0x0,0x0
000278 0000
000279 0000
00027a 0000
00027b 0000      	.DB  0x0,0x0,0x0,0x0,0x0,0x0,0x0,0x0
00027c 0000
00027d 0000
00027e 0000
00027f 0000      	.DB  0x0,0x0,0x0,0x0,0x0,0x0,0x0,0x0
000280 0000
000281 0000
000282 0000
000283 0000      	.DB  0x0,0x0,0x0,0x0,0x0,0x0,0x0,0x0
000284 0000
000285 0000
000286 0000
000287 0000      	.DB  0x0,0x0,0x0,0x0,0x0,0x0,0x0,0x0
000288 0604
000289 0c0c
00028a 1c0c
00028b fc3c      	.DB  0x4,0x6,0xC,0xC,0xC,0x1C,0x3C,0xFC
00028c f8fc
00028d f0f0
00028e f0f0
00028f 6060      	.DB  0xFC,0xF8,0xF0,0xF0,0xF0,0xF0,0x60,0x60
000290 0010
000291 0000
000292 0800
000293 0000      	.DB  0x10,0x0,0x0,0x0,0x0,0x8,0x0,0x0
000294 0000
000295 0000
000296 0000
000297 0000      	.DB  0x0,0x0,0x0,0x0,0x0,0x0,0x0,0x0
000298 0000
000299 0000
00029a 0000
00029b 0000      	.DB  0x0,0x0,0x0,0x0,0x0,0x0,0x0,0x0
00029c 0000
00029d 0000
00029e 0000
00029f 0000      	.DB  0x0,0x0,0x0,0x0,0x0,0x0,0x0,0x0
0002a0 0000
0002a1 0000
0002a2 0000
0002a3 0000      	.DB  0x0,0x0,0x0,0x0,0x0,0x0,0x0,0x0
0002a4 0000
0002a5 0000
0002a6 0000
0002a7 0000      	.DB  0x0,0x0,0x0,0x0,0x0,0x0,0x0,0x0
0002a8 0000
0002a9 0000
0002aa 0000
0002ab 0000      	.DB  0x0,0x0,0x0,0x0,0x0,0x0,0x0,0x0
0002ac 0000
0002ad 0000
0002ae 0000
0002af 0000      	.DB  0x0,0x0,0x0,0x0,0x0,0x0,0x0,0x0
0002b0 0000
0002b1 0000
0002b2 0000
0002b3 0000      	.DB  0x0,0x0,0x0,0x0,0x0,0x0,0x0,0x0
0002b4 0000
0002b5 0000
0002b6 0000
0002b7 0000      	.DB  0x0,0x0,0x0,0x0,0x0,0x0,0x0,0x0
0002b8 0000
0002b9 0000
0002ba 0000
0002bb 0000      	.DB  0x0,0x0,0x0,0x0,0x0,0x0,0x0,0x0
0002bc 0000
0002bd 0000
0002be 0000
0002bf 0000      	.DB  0x0,0x0,0x0,0x0,0x0,0x0,0x0,0x0
0002c0 0000
0002c1 0000
0002c2 0000
0002c3 0000      	.DB  0x0,0x0,0x0,0x0,0x0,0x0,0x0,0x0
0002c4 0000
0002c5 0000
0002c6 6040
0002c7 7870      	.DB  0x0,0x0,0x0,0x0,0x40,0x60,0x70,0x78
0002c8 7c7c
0002c9 fefe
0002ca fffe
0002cb ffff      	.DB  0x7C,0x7C,0xFE,0xFE,0xFE,0xFF,0xFF,0xFF
0002cc ffff
0002cd c3ff
0002ce 0383
0002cf 0000      	.DB  0xFF,0xFF,0xFF,0xC3,0x83,0x3,0x0,0x0
0002d0 0003
0002d1 0000
0002d2 0000
0002d3 0000      	.DB  0x3,0x0,0x0,0x0,0x0,0x0,0x0,0x0
0002d4 80f0
0002d5 0000
0002d6 0000
0002d7 0000      	.DB  0xF0,0x80,0x0,0x0,0x0,0x0,0x0,0x0
0002d8 0000
0002d9 0000
0002da 0000
0002db 0000      	.DB  0x0,0x0,0x0,0x0,0x0,0x0,0x0,0x0
0002dc 0000
0002dd 0000
0002de 0000
0002df 0000      	.DB  0x0,0x0,0x0,0x0,0x0,0x0,0x0,0x0
0002e0 0000
0002e1 0000
0002e2 0000
0002e3 0000      	.DB  0x0,0x0,0x0,0x0,0x0,0x0,0x0,0x0
0002e4 0000
0002e5 0000
0002e6 0000
0002e7 0000      	.DB  0x0,0x0,0x0,0x0,0x0,0x0,0x0,0x0
0002e8 0000
0002e9 0000
0002ea 0000
0002eb 0000      	.DB  0x0,0x0,0x0,0x0,0x0,0x0,0x0,0x0
0002ec 0000
0002ed 0000
0002ee 0000
0002ef 0000      	.DB  0x0,0x0,0x0,0x0,0x0,0x0,0x0,0x0
0002f0 0000
0002f1 0000
0002f2 0000
0002f3 0000      	.DB  0x0,0x0,0x0,0x0,0x0,0x0,0x0,0x0
0002f4 0000
0002f5 0000
0002f6 0000
0002f7 0000      	.DB  0x0,0x0,0x0,0x0,0x0,0x0,0x0,0x0
0002f8 0000
0002f9 0000
0002fa 0000
0002fb 0000      	.DB  0x0,0x0,0x0,0x0,0x0,0x0,0x0,0x0
0002fc 0000
0002fd 0000
0002fe 0000
0002ff 0000      	.DB  0x0,0x0,0x0,0x0,0x0,0x0,0x0,0x0
000300 0000
000301 0000
000302 0000
000303 0000      	.DB  0x0,0x0,0x0,0x0,0x0,0x0,0x0,0x0
000304 0000
000305 0000
000306 0000
000307 8080      	.DB  0x0,0x0,0x0,0x0,0x0,0x0,0x80,0x80
000308 f8f0
000309 fcf8
00030a fffc
00030b ffff      	.DB  0xF0,0xF8,0xF8,0xFC,0xFC,0xFF,0xFF,0xFF
00030c 1f3f
00030d 1f1f
00030e 1e1f
00030f 403c      	.DB  0x3F,0x1F,0x1F,0x1F,0x1F,0x1E,0x3C,0x40
000310 8080
000311 8080
000312 8080
000313 2000      	.DB  0x80,0x80,0x80,0x80,0x80,0x80,0x0,0x20
000314 0901
000315 0c0c
000316 0004
000317 0000      	.DB  0x1,0x9,0xC,0xC,0x4,0x0,0x0,0x0
000318 0000
000319 0000
00031a 0000
00031b 0000      	.DB  0x0,0x0,0x0,0x0,0x0,0x0,0x0,0x0
00031c 0000
00031d 0000
00031e 0000
00031f 0000      	.DB  0x0,0x0,0x0,0x0,0x0,0x0,0x0,0x0
000320 0000
000321 0000
000322 0000
000323 0000      	.DB  0x0,0x0,0x0,0x0,0x0,0x0,0x0,0x0
000324 0000
000325 0000
000326 0000
000327 0000      	.DB  0x0,0x0,0x0,0x0,0x0,0x0,0x0,0x0
000328 0000
000329 0000
00032a 0000
00032b 0000      	.DB  0x0,0x0,0x0,0x0,0x0,0x0,0x0,0x0
00032c 0000
00032d 0000
00032e 0000
00032f 0000      	.DB  0x0,0x0,0x0,0x0,0x0,0x0,0x0,0x0
000330 0000
000331 0000
000332 0000
000333 0000      	.DB  0x0,0x0,0x0,0x0,0x0,0x0,0x0,0x0
000334 0000
000335 0000
000336 0000
000337 0000      	.DB  0x0,0x0,0x0,0x0,0x0,0x0,0x0,0x0
000338 0000
000339 0000
00033a 0000
00033b 0000      	.DB  0x0,0x0,0x0,0x0,0x0,0x0,0x0,0x0
00033c 0000
00033d 0000
00033e 0000
00033f 0000      	.DB  0x0,0x0,0x0,0x0,0x0,0x0,0x0,0x0
000340 0000
000341 0000
000342 0000
000343 0000      	.DB  0x0,0x0,0x0,0x0,0x0,0x0,0x0,0x0
000344 0000
000345 0000
000346 0000
000347 0303      	.DB  0x0,0x0,0x0,0x0,0x0,0x0,0x3,0x3
000348 0101
000349 71e1
00034a 2331
00034b 0121      	.DB  0x1,0x1,0xE1,0x71,0x31,0x23,0x21,0x1
00034c e0f0
00034d e0e0
00034e e0f0
00034f f0e0      	.DB  0xF0,0xE0,0xE0,0xE0,0xF0,0xE0,0xE0,0xF0
000350 f0ff
000351 f8f0
000352 30f8
000353 0000      	.DB  0xFF,0xF0,0xF0,0xF8,0xF8,0x30,0x0,0x0
000354 0000
000355 0000
000356 0000
000357 0000      	.DB  0x0,0x0,0x0,0x0,0x0,0x0,0x0,0x0
000358 0000
000359 0000
00035a 0000
00035b 0000      	.DB  0x0,0x0,0x0,0x0,0x0,0x0,0x0,0x0
00035c 0000
00035d 0000
00035e 0000
00035f 0000      	.DB  0x0,0x0,0x0,0x0,0x0,0x0,0x0,0x0
000360 0000
000361 0000
000362 0000
000363 0000      	.DB  0x0,0x0,0x0,0x0,0x0,0x0,0x0,0x0
000364 0000
000365 0000
000366 0000
000367 0000      	.DB  0x0,0x0,0x0,0x0,0x0,0x0,0x0,0x0
000368 0000
000369 0000
00036a 0000
00036b 0000      	.DB  0x0,0x0,0x0,0x0,0x0,0x0,0x0,0x0
00036c 0000
00036d 0000
00036e 0000
00036f 0000      	.DB  0x0,0x0,0x0,0x0,0x0,0x0,0x0,0x0
000370 0000
000371 0000
000372 0000
000373 0000      	.DB  0x0,0x0,0x0,0x0,0x0,0x0,0x0,0x0
000374 0000
000375 0000
000376 0000
000377 0000      	.DB  0x0,0x0,0x0,0x0,0x0,0x0,0x0,0x0
000378 0000
000379 0000
00037a 0000
00037b 0000      	.DB  0x0,0x0,0x0,0x0,0x0,0x0,0x0,0x0
00037c 0000
00037d 0000
00037e 0000
00037f 0000      	.DB  0x0,0x0,0x0,0x0,0x0,0x0,0x0,0x0
000380 0000
000381 0000
000382 0000
000383 0000      	.DB  0x0,0x0,0x0,0x0,0x0,0x0,0x0,0x0
000384 0000
000385 0000
000386 f000
000387 f8f0      	.DB  0x0,0x0,0x0,0x0,0x0,0xF0,0xF0,0xF8
000388 00f8
000389 0001
00038a 0000
00038b 7e78      	.DB  0xF8,0x0,0x1,0x0,0x0,0x0,0x78,0x7E
00038c 3f7f
00038d 070f
00038e 3131
00038f 7f79      	.DB  0x7F,0x3F,0xF,0x7,0x31,0x31,0x79,0x7F
000390 f1f2
000391 a1b1
000392 c091
000393 80c0      	.DB  0xF2,0xF1,0xB1,0xA1,0x91,0xC0,0xC0,0x80
000394 0000
000395 0000
000396 0000
000397 0000      	.DB  0x0,0x0,0x0,0x0,0x0,0x0,0x0,0x0
000398 0000
000399 0000
00039a 0000
00039b 0000      	.DB  0x0,0x0,0x0,0x0,0x0,0x0,0x0,0x0
00039c 0000
00039d 0000
00039e 0000
00039f 0000      	.DB  0x0,0x0,0x0,0x0,0x0,0x0,0x0,0x0
0003a0 0000
0003a1 0000
0003a2 0000
0003a3 0000      	.DB  0x0,0x0,0x0,0x0,0x0,0x0,0x0,0x0
0003a4 0000
0003a5 0000
0003a6 0000
0003a7 0000      	.DB  0x0,0x0,0x0,0x0,0x0,0x0,0x0,0x0
0003a8 0000
0003a9 0000
0003aa 0000
0003ab 0000      	.DB  0x0,0x0,0x0,0x0,0x0,0x0,0x0,0x0
0003ac 0000
0003ad 0000
0003ae 0000
0003af 0000      	.DB  0x0,0x0,0x0,0x0,0x0,0x0,0x0,0x0
0003b0 0000
0003b1 0000
0003b2 0000
0003b3 0000      	.DB  0x0,0x0,0x0,0x0,0x0,0x0,0x0,0x0
0003b4 0000
0003b5 0000
0003b6 0000
0003b7 0000      	.DB  0x0,0x0,0x0,0x0,0x0,0x0,0x0,0x0
0003b8 0000
0003b9 0000
0003ba 0000
0003bb 0000      	.DB  0x0,0x0,0x0,0x0,0x0,0x0,0x0,0x0
0003bc 0000
0003bd 0000
0003be 0000
0003bf 0000      	.DB  0x0,0x0,0x0,0x0,0x0,0x0,0x0,0x0
0003c0 0000
0003c1 0000
0003c2 0000
0003c3 0000      	.DB  0x0,0x0,0x0,0x0,0x0,0x0,0x0,0x0
0003c4 0000
0003c5 0000
0003c6 1f00
0003c7 7363      	.DB  0x0,0x0,0x0,0x0,0x0,0x1F,0x63,0x73
0003c8 7b73
0003c9 7c7a
0003ca 7c7c
0003cb 707c      	.DB  0x73,0x7B,0x7A,0x7C,0x7C,0x7C,0x7C,0x70
0003cc 6070
0003cd 6060
0003ce 0000
0003cf 0000      	.DB  0x70,0x60,0x60,0x60,0x0,0x0,0x0,0x0
0003d0 0000
0003d1 0000
0003d2 0303
0003d3 0303      	.DB  0x0,0x0,0x0,0x0,0x3,0x3,0x3,0x3
0003d4 0707
0003d5 0206
0003d6 0000
0003d7 0000      	.DB  0x7,0x7,0x6,0x2,0x0,0x0,0x0,0x0
0003d8 0000
0003d9 0000
0003da 0000
0003db 0000      	.DB  0x0,0x0,0x0,0x0,0x0,0x0,0x0,0x0
0003dc 0000
0003dd 0000
0003de 0000
0003df 0000      	.DB  0x0,0x0,0x0,0x0,0x0,0x0,0x0,0x0
0003e0 0000
0003e1 0000
0003e2 0000
0003e3 0000      	.DB  0x0,0x0,0x0,0x0,0x0,0x0,0x0,0x0
0003e4 0000
0003e5 0000
0003e6 0000
0003e7 0000      	.DB  0x0,0x0,0x0,0x0,0x0,0x0,0x0,0x0
0003e8 0000
0003e9 0000
0003ea 0000
0003eb 0000      	.DB  0x0,0x0,0x0,0x0,0x0,0x0,0x0,0x0
0003ec 0000
0003ed 0000
0003ee 0000
0003ef 0000      	.DB  0x0,0x0,0x0,0x0,0x0,0x0,0x0,0x0
0003f0 0000
0003f1 0000
0003f2 0000
0003f3 0000      	.DB  0x0,0x0,0x0,0x0,0x0,0x0,0x0,0x0
0003f4 0000
0003f5 0000
0003f6 0000
0003f7 0000      	.DB  0x0,0x0,0x0,0x0,0x0,0x0,0x0,0x0
0003f8 0000
0003f9 0000
0003fa 0000
0003fb 0000      	.DB  0x0,0x0,0x0,0x0,0x0,0x0,0x0,0x0
0003fc 0000
0003fd 0000
0003fe 0000
0003ff 0000      	.DB  0x0,0x0,0x0,0x0,0x0,0x0,0x0,0x0
000400 0000
000401 0000
000402 0000
000403 0000      	.DB  0x0,0x0,0x0,0x0,0x0,0x0,0x0,0x0
000404 0000
000405 0000
000406 0000
000407 0000      	.DB  0x0,0x0,0x0,0x0,0x0,0x0,0x0,0x0
000408 0000
000409 0000
00040a 0000
00040b 0000      	.DB  0x0,0x0,0x0,0x0,0x0,0x0,0x0,0x0
00040c 0000
00040d 0000
00040e 0000
00040f 0000      	.DB  0x0,0x0,0x0,0x0,0x0,0x0,0x0,0x0
000410 0000
000411 0000
000412 0000
000413 0000      	.DB  0x0,0x0,0x0,0x0,0x0,0x0,0x0,0x0
000414 0000
000415 0000
000416 0000
000417 0000      	.DB  0x0,0x0,0x0,0x0,0x0,0x0,0x0,0x0
000418 0000
000419 0000
00041a 0000
00041b 0000      	.DB  0x0,0x0,0x0,0x0,0x0,0x0,0x0,0x0
00041c 0000
00041d 0000
00041e 0000
00041f 0000      	.DB  0x0,0x0,0x0,0x0,0x0,0x0,0x0,0x0
000420 0000
000421 0000
000422 0000
000423 0000      	.DB  0x0,0x0,0x0,0x0,0x0,0x0,0x0,0x0
000424 0000
000425 0000
000426 0000
000427 0000      	.DB  0x0,0x0,0x0,0x0,0x0,0x0,0x0,0x0
000428 0000
000429 0000
00042a 0000
00042b 0000      	.DB  0x0,0x0,0x0,0x0,0x0,0x0,0x0,0x0
00042c 0000
00042d 0000      	.DB  0x0,0x0,0x0,0x0
                 _f3:
00042e 0080
00042f 0040
000430 0000
000431 0000      	.DB  0x80,0x0,0x40,0x0,0x0,0x0,0x0,0x0
000432 0000
000433 0000
000434 0000
000435 0000      	.DB  0x0,0x0,0x0,0x0,0x0,0x0,0x0,0x0
000436 0000
000437 0000
000438 0000
000439 0000      	.DB  0x0,0x0,0x0,0x0,0x0,0x0,0x0,0x0
00043a 0000
00043b 0000
00043c 0000
00043d 0000      	.DB  0x0,0x0,0x0,0x0,0x0,0x0,0x0,0x0
00043e 0000
00043f 0000
000440 0000
000441 0000      	.DB  0x0,0x0,0x0,0x0,0x0,0x0,0x0,0x0
000442 0000
000443 0000
000444 0000
000445 0000      	.DB  0x0,0x0,0x0,0x0,0x0,0x0,0x0,0x0
000446 0000
000447 0000
000448 0000
000449 0000      	.DB  0x0,0x0,0x0,0x0,0x0,0x0,0x0,0x0
00044a 0000
00044b 0000
00044c 0000
00044d 0000      	.DB  0x0,0x0,0x0,0x0,0x0,0x0,0x0,0x0
00044e 0000
00044f 0000
000450 0000
000451 0000      	.DB  0x0,0x0,0x0,0x0,0x0,0x0,0x0,0x0
000452 0000
000453 0000
000454 0000
000455 0000      	.DB  0x0,0x0,0x0,0x0,0x0,0x0,0x0,0x0
000456 0000
000457 0000
000458 0000
000459 0000      	.DB  0x0,0x0,0x0,0x0,0x0,0x0,0x0,0x0
00045a 0000
00045b 0000
00045c 0000
00045d 0000      	.DB  0x0,0x0,0x0,0x0,0x0,0x0,0x0,0x0
00045e 0000
00045f 0000
000460 0000
000461 0000      	.DB  0x0,0x0,0x0,0x0,0x0,0x0,0x0,0x0
000462 0000
000463 0000
000464 0000
000465 0000      	.DB  0x0,0x0,0x0,0x0,0x0,0x0,0x0,0x0
000466 0000
000467 0000
000468 0000
000469 0000      	.DB  0x0,0x0,0x0,0x0,0x0,0x0,0x0,0x0
00046a 0000
00046b 0000
00046c 0000
00046d 0000      	.DB  0x0,0x0,0x0,0x0,0x0,0x0,0x0,0x0
00046e 0000
00046f 0000
000470 0000
000471 0000      	.DB  0x0,0x0,0x0,0x0,0x0,0x0,0x0,0x0
000472 0000
000473 0000
000474 0000
000475 0000      	.DB  0x0,0x0,0x0,0x0,0x0,0x0,0x0,0x0
000476 0000
000477 0000
000478 0000
000479 0000      	.DB  0x0,0x0,0x0,0x0,0x0,0x0,0x0,0x0
00047a 0000
00047b 0000
00047c 0000
00047d 0000      	.DB  0x0,0x0,0x0,0x0,0x0,0x0,0x0,0x0
00047e 0000
00047f 0000
000480 0000
000481 0000      	.DB  0x0,0x0,0x0,0x0,0x0,0x0,0x0,0x0
000482 0000
000483 0000
000484 0000
000485 0000      	.DB  0x0,0x0,0x0,0x0,0x0,0x0,0x0,0x0
000486 0000
000487 0000
000488 0000
000489 0000      	.DB  0x0,0x0,0x0,0x0,0x0,0x0,0x0,0x0
00048a 0600
00048b 0c0c
00048c 1c0c
00048d fc3c      	.DB  0x0,0x6,0xC,0xC,0xC,0x1C,0x3C,0xFC
00048e f8fc
00048f f0f0
000490 e0f0
000491 6060      	.DB  0xFC,0xF8,0xF0,0xF0,0xF0,0xE0,0x60,0x60
000492 0010
000493 0000
000494 0800
000495 0000      	.DB  0x10,0x0,0x0,0x0,0x0,0x8,0x0,0x0
000496 0000
000497 0000
000498 0000
000499 0000      	.DB  0x0,0x0,0x0,0x0,0x0,0x0,0x0,0x0
00049a 0000
00049b 0000
00049c 0000
00049d 0000      	.DB  0x0,0x0,0x0,0x0,0x0,0x0,0x0,0x0
00049e 0000
00049f 0000
0004a0 0000
0004a1 0000      	.DB  0x0,0x0,0x0,0x0,0x0,0x0,0x0,0x0
0004a2 0000
0004a3 0000
0004a4 0000
0004a5 0000      	.DB  0x0,0x0,0x0,0x0,0x0,0x0,0x0,0x0
0004a6 0000
0004a7 0000
0004a8 0000
0004a9 0000      	.DB  0x0,0x0,0x0,0x0,0x0,0x0,0x0,0x0
0004aa 0000
0004ab 0000
0004ac 0000
0004ad 0000      	.DB  0x0,0x0,0x0,0x0,0x0,0x0,0x0,0x0
0004ae 0000
0004af 0000
0004b0 0000
0004b1 0000      	.DB  0x0,0x0,0x0,0x0,0x0,0x0,0x0,0x0
0004b2 0000
0004b3 0000
0004b4 0000
0004b5 0000      	.DB  0x0,0x0,0x0,0x0,0x0,0x0,0x0,0x0
0004b6 0000
0004b7 0000
0004b8 0000
0004b9 0000      	.DB  0x0,0x0,0x0,0x0,0x0,0x0,0x0,0x0
0004ba 0000
0004bb 0000
0004bc 0000
0004bd 0000      	.DB  0x0,0x0,0x0,0x0,0x0,0x0,0x0,0x0
0004be 0000
0004bf 0000
0004c0 0000
0004c1 0000      	.DB  0x0,0x0,0x0,0x0,0x0,0x0,0x0,0x0
0004c2 0000
0004c3 0000
0004c4 0000
0004c5 0000      	.DB  0x0,0x0,0x0,0x0,0x0,0x0,0x0,0x0
0004c6 0000
0004c7 0000
0004c8 6040
0004c9 7870      	.DB  0x0,0x0,0x0,0x0,0x40,0x60,0x70,0x78
0004ca 7c7c
0004cb fefe
0004cc fffe
0004cd ffff      	.DB  0x7C,0x7C,0xFE,0xFE,0xFE,0xFF,0xFF,0xFF
0004ce ffff
0004cf c3ff
0004d0 0301
0004d1 0000      	.DB  0xFF,0xFF,0xFF,0xC3,0x1,0x3,0x0,0x0
0004d2 0003
0004d3 0000
0004d4 0000
0004d5 0000      	.DB  0x3,0x0,0x0,0x0,0x0,0x0,0x0,0x0
0004d6 80f0
0004d7 0000
0004d8 0000
0004d9 0000      	.DB  0xF0,0x80,0x0,0x0,0x0,0x0,0x0,0x0
0004da 0000
0004db 0000
0004dc 0000
0004dd 0000      	.DB  0x0,0x0,0x0,0x0,0x0,0x0,0x0,0x0
0004de 0000
0004df 0000
0004e0 0000
0004e1 0000      	.DB  0x0,0x0,0x0,0x0,0x0,0x0,0x0,0x0
0004e2 0000
0004e3 0000
0004e4 0000
0004e5 0000      	.DB  0x0,0x0,0x0,0x0,0x0,0x0,0x0,0x0
0004e6 0000
0004e7 0000
0004e8 0000
0004e9 0000      	.DB  0x0,0x0,0x0,0x0,0x0,0x0,0x0,0x0
0004ea 0000
0004eb 0000
0004ec 0000
0004ed 0000      	.DB  0x0,0x0,0x0,0x0,0x0,0x0,0x0,0x0
0004ee 0000
0004ef 0000
0004f0 0000
0004f1 0000      	.DB  0x0,0x0,0x0,0x0,0x0,0x0,0x0,0x0
0004f2 0000
0004f3 0000
0004f4 0000
0004f5 0000      	.DB  0x0,0x0,0x0,0x0,0x0,0x0,0x0,0x0
0004f6 0000
0004f7 0000
0004f8 0000
0004f9 0000      	.DB  0x0,0x0,0x0,0x0,0x0,0x0,0x0,0x0
0004fa 0000
0004fb 0000
0004fc 0000
0004fd 0000      	.DB  0x0,0x0,0x0,0x0,0x0,0x0,0x0,0x0
0004fe 0000
0004ff 0000
000500 0000
000501 0000      	.DB  0x0,0x0,0x0,0x0,0x0,0x0,0x0,0x0
000502 0000
000503 0000
000504 0000
000505 0000      	.DB  0x0,0x0,0x0,0x0,0x0,0x0,0x0,0x0
000506 0000
000507 0000
000508 0000
000509 8080      	.DB  0x0,0x0,0x0,0x0,0x0,0x0,0x80,0x80
00050a f8f0
00050b fcf8
00050c fffc
00050d ffff      	.DB  0xF0,0xF8,0xF8,0xFC,0xFC,0xFF,0xFF,0xFF
00050e ffff
00050f ffff
000510 feff
000511 40f8      	.DB  0xFF,0xFF,0xFF,0xFF,0xFF,0xFE,0xF8,0x40
000512 0000
000513 8080
000514 8080
000515 2000      	.DB  0x0,0x0,0x80,0x80,0x80,0x80,0x0,0x20
000516 0901
000517 0c0c
000518 0004
000519 0000      	.DB  0x1,0x9,0xC,0xC,0x4,0x0,0x0,0x0
00051a 0000
00051b 0000
00051c 0000
00051d 0000      	.DB  0x0,0x0,0x0,0x0,0x0,0x0,0x0,0x0
00051e 0000
00051f 0000
000520 0000
000521 0000      	.DB  0x0,0x0,0x0,0x0,0x0,0x0,0x0,0x0
000522 0000
000523 0000
000524 0000
000525 0000      	.DB  0x0,0x0,0x0,0x0,0x0,0x0,0x0,0x0
000526 0000
000527 0000
000528 0000
000529 0000      	.DB  0x0,0x0,0x0,0x0,0x0,0x0,0x0,0x0
00052a 0000
00052b 0000
00052c 0000
00052d 0000      	.DB  0x0,0x0,0x0,0x0,0x0,0x0,0x0,0x0
00052e 0000
00052f 0000
000530 0000
000531 0000      	.DB  0x0,0x0,0x0,0x0,0x0,0x0,0x0,0x0
000532 0000
000533 0000
000534 0000
000535 0000      	.DB  0x0,0x0,0x0,0x0,0x0,0x0,0x0,0x0
000536 0000
000537 0000
000538 0000
000539 0000      	.DB  0x0,0x0,0x0,0x0,0x0,0x0,0x0,0x0
00053a 0000
00053b 0000
00053c 0000
00053d 0000      	.DB  0x0,0x0,0x0,0x0,0x0,0x0,0x0,0x0
00053e 0000
00053f 0000
000540 0000
000541 0000      	.DB  0x0,0x0,0x0,0x0,0x0,0x0,0x0,0x0
000542 0000
000543 0000
000544 0000
000545 0000      	.DB  0x0,0x0,0x0,0x0,0x0,0x0,0x0,0x0
000546 0000
000547 0000
000548 d020
000549 49e9      	.DB  0x0,0x0,0x0,0x0,0x20,0xD0,0xE9,0x49
00054a 3c18
00054b 3c3c
00054c 3c3c
00054d ff3f      	.DB  0x18,0x3C,0x3C,0x3C,0x3C,0x3C,0x3F,0xFF
00054e fdff
00054f f8fe
000550 e0f7
000551 80c0      	.DB  0xFF,0xFD,0xFE,0xF8,0xF7,0xE0,0xC0,0x80
000552 4000
000553 0040
000554 0000
000555 0000      	.DB  0x0,0x40,0x40,0x0,0x0,0x0,0x0,0x0
000556 0000
000557 0000
000558 0000
000559 0000      	.DB  0x0,0x0,0x0,0x0,0x0,0x0,0x0,0x0
00055a 0000
00055b 0000
00055c 0000
00055d 0000      	.DB  0x0,0x0,0x0,0x0,0x0,0x0,0x0,0x0
00055e 0000
00055f 0000
000560 0000
000561 0000      	.DB  0x0,0x0,0x0,0x0,0x0,0x0,0x0,0x0
000562 0000
000563 0000
000564 0000
000565 0000      	.DB  0x0,0x0,0x0,0x0,0x0,0x0,0x0,0x0
000566 0000
000567 0000
000568 0000
000569 0000      	.DB  0x0,0x0,0x0,0x0,0x0,0x0,0x0,0x0
00056a 0000
00056b 0000
00056c 0000
00056d 0000      	.DB  0x0,0x0,0x0,0x0,0x0,0x0,0x0,0x0
00056e 0000
00056f 0000
000570 0000
000571 0000      	.DB  0x0,0x0,0x0,0x0,0x0,0x0,0x0,0x0
000572 0000
000573 0000
000574 0000
000575 0000      	.DB  0x0,0x0,0x0,0x0,0x0,0x0,0x0,0x0
000576 0000
000577 0000
000578 0000
000579 0000      	.DB  0x0,0x0,0x0,0x0,0x0,0x0,0x0,0x0
00057a 0000
00057b 0000
00057c 0000
00057d 0000      	.DB  0x0,0x0,0x0,0x0,0x0,0x0,0x0,0x0
00057e 0000
00057f 0000
000580 0000
000581 0000      	.DB  0x0,0x0,0x0,0x0,0x0,0x0,0x0,0x0
000582 0000
000583 0000
000584 0000
000585 0000      	.DB  0x0,0x0,0x0,0x0,0x0,0x0,0x0,0x0
000586 0000
000587 0000
000588 6338
000589 4641      	.DB  0x0,0x0,0x0,0x0,0x38,0x63,0x41,0x46
00058a 0406
00058b 0c05
00058c 0404
00058d 0206      	.DB  0x6,0x4,0x5,0xC,0x4,0x4,0x6,0x2
00058e 0103
00058f 0101
000590 0101
000591 0001      	.DB  0x3,0x1,0x1,0x1,0x1,0x1,0x1,0x0
000592 f8f8
000593 fcf8
000594 fcf2
000595 f0f8      	.DB  0xF8,0xF8,0xF8,0xFC,0xF2,0xFC,0xF8,0xF0
000596 0000
000597 e0e0
000598 e0e0
000599 60e0      	.DB  0x0,0x0,0xE0,0xE0,0xE0,0xE0,0xE0,0x60
00059a 0020
00059b 0000
00059c 0000
00059d 0000      	.DB  0x20,0x0,0x0,0x0,0x0,0x0,0x0,0x0
00059e 0000
00059f 0000
0005a0 0000
0005a1 0000      	.DB  0x0,0x0,0x0,0x0,0x0,0x0,0x0,0x0
0005a2 0000
0005a3 0000
0005a4 0000
0005a5 0000      	.DB  0x0,0x0,0x0,0x0,0x0,0x0,0x0,0x0
0005a6 0000
0005a7 0000
0005a8 0000
0005a9 0000      	.DB  0x0,0x0,0x0,0x0,0x0,0x0,0x0,0x0
0005aa 0000
0005ab 0000
0005ac 0000
0005ad 0000      	.DB  0x0,0x0,0x0,0x0,0x0,0x0,0x0,0x0
0005ae 0000
0005af 0000
0005b0 0000
0005b1 0000      	.DB  0x0,0x0,0x0,0x0,0x0,0x0,0x0,0x0
0005b2 0000
0005b3 0000
0005b4 0000
0005b5 0000      	.DB  0x0,0x0,0x0,0x0,0x0,0x0,0x0,0x0
0005b6 0000
0005b7 0000
0005b8 0000
0005b9 0000      	.DB  0x0,0x0,0x0,0x0,0x0,0x0,0x0,0x0
0005ba 0000
0005bb 0000
0005bc 0000
0005bd 0000      	.DB  0x0,0x0,0x0,0x0,0x0,0x0,0x0,0x0
0005be 0000
0005bf 0000
0005c0 0000
0005c1 0000      	.DB  0x0,0x0,0x0,0x0,0x0,0x0,0x0,0x0
0005c2 0000
0005c3 0000
0005c4 0000
0005c5 0000      	.DB  0x0,0x0,0x0,0x0,0x0,0x0,0x0,0x0
0005c6 0000
0005c7 fefe
0005c8 fcfc
0005c9 1878      	.DB  0x0,0x0,0xFE,0xFE,0xFC,0xFC,0x78,0x18
0005ca 0008
0005cb 0003
0005cc 0000
0005cd 0000      	.DB  0x8,0x0,0x3,0x0,0x0,0x0,0x0,0x0
0005ce 0000
0005cf 0000
0005d0 0000
0005d1 0000      	.DB  0x0,0x0,0x0,0x0,0x0,0x0,0x0,0x0
0005d2 0100
0005d3 0303
0005d4 0303
0005d5 0303      	.DB  0x0,0x1,0x3,0x3,0x3,0x3,0x3,0x3
0005d6 0202
0005d7 0003
0005d8 0000
0005d9 0000      	.DB  0x2,0x2,0x3,0x0,0x0,0x0,0x0,0x0
0005da 0000
0005db 0000
0005dc 0000
0005dd 0000      	.DB  0x0,0x0,0x0,0x0,0x0,0x0,0x0,0x0
0005de 0000
0005df 0000
0005e0 0000
0005e1 0000      	.DB  0x0,0x0,0x0,0x0,0x0,0x0,0x0,0x0
0005e2 0000
0005e3 0000
0005e4 0000
0005e5 0000      	.DB  0x0,0x0,0x0,0x0,0x0,0x0,0x0,0x0
0005e6 0000
0005e7 0000
0005e8 0000
0005e9 0000      	.DB  0x0,0x0,0x0,0x0,0x0,0x0,0x0,0x0
0005ea 0000
0005eb 0000
0005ec 0000
0005ed 0000      	.DB  0x0,0x0,0x0,0x0,0x0,0x0,0x0,0x0
0005ee 0000
0005ef 0000
0005f0 0000
0005f1 0000      	.DB  0x0,0x0,0x0,0x0,0x0,0x0,0x0,0x0
0005f2 0000
0005f3 0000
0005f4 0000
0005f5 0000      	.DB  0x0,0x0,0x0,0x0,0x0,0x0,0x0,0x0
0005f6 0000
0005f7 0000
0005f8 0000
0005f9 0000      	.DB  0x0,0x0,0x0,0x0,0x0,0x0,0x0,0x0
0005fa 0000
0005fb 0000
0005fc 0000
0005fd 0000      	.DB  0x0,0x0,0x0,0x0,0x0,0x0,0x0,0x0
0005fe 0000
0005ff 0000
000600 0000
000601 0000      	.DB  0x0,0x0,0x0,0x0,0x0,0x0,0x0,0x0
000602 0000
000603 0000
000604 0000
000605 0000      	.DB  0x0,0x0,0x0,0x0,0x0,0x0,0x0,0x0
000606 0000
000607 0000
000608 0000
000609 0000      	.DB  0x0,0x0,0x0,0x0,0x0,0x0,0x0,0x0
00060a 0000
00060b 0000
00060c 0000
00060d 0000      	.DB  0x0,0x0,0x0,0x0,0x0,0x0,0x0,0x0
00060e 0000
00060f 0000
000610 0000
000611 0000      	.DB  0x0,0x0,0x0,0x0,0x0,0x0,0x0,0x0
000612 0000
000613 0000
000614 0000
000615 0000      	.DB  0x0,0x0,0x0,0x0,0x0,0x0,0x0,0x0
000616 0000
000617 0000
000618 0000
000619 0000      	.DB  0x0,0x0,0x0,0x0,0x0,0x0,0x0,0x0
00061a 0000
00061b 0000
00061c 0000
00061d 0000      	.DB  0x0,0x0,0x0,0x0,0x0,0x0,0x0,0x0
00061e 0000
00061f 0000
000620 0000
000621 0000      	.DB  0x0,0x0,0x0,0x0,0x0,0x0,0x0,0x0
000622 0000
000623 0000
000624 0000
000625 0000      	.DB  0x0,0x0,0x0,0x0,0x0,0x0,0x0,0x0
000626 0000
000627 0000
000628 0000
000629 0000      	.DB  0x0,0x0,0x0,0x0,0x0,0x0,0x0,0x0
00062a 0000
00062b 0000
00062c 0000
00062d 0000      	.DB  0x0,0x0,0x0,0x0,0x0,0x0,0x0,0x0
00062e 0000
00062f 0000      	.DB  0x0,0x0,0x0,0x0
                 _f4:
000630 0080
000631 0040
000632 0000
000633 0000      	.DB  0x80,0x0,0x40,0x0,0x0,0x0,0x0,0x0
000634 0000
000635 0000
000636 0000
000637 0000      	.DB  0x0,0x0,0x0,0x0,0x0,0x0,0x0,0x0
000638 0000
000639 0000
00063a 0000
00063b 0000      	.DB  0x0,0x0,0x0,0x0,0x0,0x0,0x0,0x0
00063c 0000
00063d 0000
00063e 0000
00063f 0000      	.DB  0x0,0x0,0x0,0x0,0x0,0x0,0x0,0x0
000640 0000
000641 0000
000642 0000
000643 0000      	.DB  0x0,0x0,0x0,0x0,0x0,0x0,0x0,0x0
000644 0000
000645 0000
000646 0000
000647 0000      	.DB  0x0,0x0,0x0,0x0,0x0,0x0,0x0,0x0
000648 0000
000649 0000
00064a 0000
00064b 0000      	.DB  0x0,0x0,0x0,0x0,0x0,0x0,0x0,0x0
00064c 0000
00064d 0000
00064e 0000
00064f 0000      	.DB  0x0,0x0,0x0,0x0,0x0,0x0,0x0,0x0
000650 0000
000651 0000
000652 0000
000653 0000      	.DB  0x0,0x0,0x0,0x0,0x0,0x0,0x0,0x0
000654 0000
000655 0000
000656 0000
000657 0000      	.DB  0x0,0x0,0x0,0x0,0x0,0x0,0x0,0x0
000658 0000
000659 0000
00065a 0000
00065b 0000      	.DB  0x0,0x0,0x0,0x0,0x0,0x0,0x0,0x0
00065c 0000
00065d 0000
00065e 0000
00065f 0000      	.DB  0x0,0x0,0x0,0x0,0x0,0x0,0x0,0x0
000660 0000
000661 0000
000662 0000
000663 0000      	.DB  0x0,0x0,0x0,0x0,0x0,0x0,0x0,0x0
000664 0000
000665 0000
000666 0000
000667 0000      	.DB  0x0,0x0,0x0,0x0,0x0,0x0,0x0,0x0
000668 0000
000669 0000
00066a 0000
00066b 0000      	.DB  0x0,0x0,0x0,0x0,0x0,0x0,0x0,0x0
00066c 0000
00066d 0000
00066e 0000
00066f 0000      	.DB  0x0,0x0,0x0,0x0,0x0,0x0,0x0,0x0
000670 0000
000671 0000
000672 0000
000673 0000      	.DB  0x0,0x0,0x0,0x0,0x0,0x0,0x0,0x0
000674 0000
000675 0000
000676 0000
000677 0000      	.DB  0x0,0x0,0x0,0x0,0x0,0x0,0x0,0x0
000678 0000
000679 0000
00067a 0000
00067b 0000      	.DB  0x0,0x0,0x0,0x0,0x0,0x0,0x0,0x0
00067c 0000
00067d 0000
00067e 0000
00067f 0000      	.DB  0x0,0x0,0x0,0x0,0x0,0x0,0x0,0x0
000680 0000
000681 0000
000682 0000
000683 0000      	.DB  0x0,0x0,0x0,0x0,0x0,0x0,0x0,0x0
000684 0000
000685 0000
000686 0000
000687 0000      	.DB  0x0,0x0,0x0,0x0,0x0,0x0,0x0,0x0
000688 0000
000689 0000
00068a 0000
00068b 0000      	.DB  0x0,0x0,0x0,0x0,0x0,0x0,0x0,0x0
00068c 0600
00068d 0c0c
00068e 1c0c
00068f fc3c      	.DB  0x0,0x6,0xC,0xC,0xC,0x1C,0x3C,0xFC
000690 f8fc
000691 f0f0
000692 e0f0
000693 6060      	.DB  0xFC,0xF8,0xF0,0xF0,0xF0,0xE0,0x60,0x60
000694 0010
000695 0000
000696 0800
000697 0000      	.DB  0x10,0x0,0x0,0x0,0x0,0x8,0x0,0x0
000698 0000
000699 0000
00069a 0000
00069b 0000      	.DB  0x0,0x0,0x0,0x0,0x0,0x0,0x0,0x0
00069c 0000
00069d 0000
00069e 0000
00069f 0000      	.DB  0x0,0x0,0x0,0x0,0x0,0x0,0x0,0x0
0006a0 0000
0006a1 0000
0006a2 0000
0006a3 0000      	.DB  0x0,0x0,0x0,0x0,0x0,0x0,0x0,0x0
0006a4 0000
0006a5 0000
0006a6 0000
0006a7 0000      	.DB  0x0,0x0,0x0,0x0,0x0,0x0,0x0,0x0
0006a8 0000
0006a9 0000
0006aa 0000
0006ab 0000      	.DB  0x0,0x0,0x0,0x0,0x0,0x0,0x0,0x0
0006ac 0000
0006ad 0000
0006ae 0000
0006af 0000      	.DB  0x0,0x0,0x0,0x0,0x0,0x0,0x0,0x0
0006b0 0000
0006b1 0000
0006b2 0000
0006b3 0000      	.DB  0x0,0x0,0x0,0x0,0x0,0x0,0x0,0x0
0006b4 0000
0006b5 0000
0006b6 0000
0006b7 0000      	.DB  0x0,0x0,0x0,0x0,0x0,0x0,0x0,0x0
0006b8 0000
0006b9 0000
0006ba 0000
0006bb 0000      	.DB  0x0,0x0,0x0,0x0,0x0,0x0,0x0,0x0
0006bc 0000
0006bd 0000
0006be 0000
0006bf 0000      	.DB  0x0,0x0,0x0,0x0,0x0,0x0,0x0,0x0
0006c0 0000
0006c1 0000
0006c2 0000
0006c3 0000      	.DB  0x0,0x0,0x0,0x0,0x0,0x0,0x0,0x0
0006c4 0000
0006c5 0000
0006c6 0000
0006c7 0000      	.DB  0x0,0x0,0x0,0x0,0x0,0x0,0x0,0x0
0006c8 0000
0006c9 0000
0006ca 6040
0006cb 7870      	.DB  0x0,0x0,0x0,0x0,0x40,0x60,0x70,0x78
0006cc 7c7c
0006cd fefe
0006ce fffe
0006cf ffff      	.DB  0x7C,0x7C,0xFE,0xFE,0xFE,0xFF,0xFF,0xFF
0006d0 ffff
0006d1 c3ff
0006d2 0383
0006d3 0000      	.DB  0xFF,0xFF,0xFF,0xC3,0x83,0x3,0x0,0x0
0006d4 0003
0006d5 0000
0006d6 0000
0006d7 0000      	.DB  0x3,0x0,0x0,0x0,0x0,0x0,0x0,0x0
0006d8 80f0
0006d9 0000
0006da 0000
0006db 0000      	.DB  0xF0,0x80,0x0,0x0,0x0,0x0,0x0,0x0
0006dc 0000
0006dd 0000
0006de 0000
0006df 0000      	.DB  0x0,0x0,0x0,0x0,0x0,0x0,0x0,0x0
0006e0 0000
0006e1 0000
0006e2 0000
0006e3 0000      	.DB  0x0,0x0,0x0,0x0,0x0,0x0,0x0,0x0
0006e4 0000
0006e5 0000
0006e6 0000
0006e7 0000      	.DB  0x0,0x0,0x0,0x0,0x0,0x0,0x0,0x0
0006e8 0000
0006e9 0000
0006ea 0000
0006eb 0000      	.DB  0x0,0x0,0x0,0x0,0x0,0x0,0x0,0x0
0006ec 0000
0006ed 0000
0006ee 0000
0006ef 0000      	.DB  0x0,0x0,0x0,0x0,0x0,0x0,0x0,0x0
0006f0 0000
0006f1 0000
0006f2 0000
0006f3 0000      	.DB  0x0,0x0,0x0,0x0,0x0,0x0,0x0,0x0
0006f4 0000
0006f5 0000
0006f6 0000
0006f7 0000      	.DB  0x0,0x0,0x0,0x0,0x0,0x0,0x0,0x0
0006f8 0000
0006f9 0000
0006fa 0000
0006fb 0000      	.DB  0x0,0x0,0x0,0x0,0x0,0x0,0x0,0x0
0006fc 0000
0006fd 0000
0006fe 0000
0006ff 0000      	.DB  0x0,0x0,0x0,0x0,0x0,0x0,0x0,0x0
000700 0000
000701 0000
000702 0000
000703 0000      	.DB  0x0,0x0,0x0,0x0,0x0,0x0,0x0,0x0
000704 0000
000705 0000
000706 0000
000707 0000      	.DB  0x0,0x0,0x0,0x0,0x0,0x0,0x0,0x0
000708 0000
000709 0000
00070a 0000
00070b 8080      	.DB  0x0,0x0,0x0,0x0,0x0,0x0,0x80,0x80
00070c f8f0
00070d fcf8
00070e fffc
00070f ffff      	.DB  0xF0,0xF8,0xF8,0xFC,0xFC,0xFF,0xFF,0xFF
000710 ffff
000711 ffff
000712 feff
000713 c0fc      	.DB  0xFF,0xFF,0xFF,0xFF,0xFF,0xFE,0xFC,0xC0
000714 8080
000715 8080
000716 8080
000717 2000      	.DB  0x80,0x80,0x80,0x80,0x80,0x80,0x0,0x20
000718 0921
000719 0c0c
00071a 0004
00071b 0000      	.DB  0x21,0x9,0xC,0xC,0x4,0x0,0x0,0x0
00071c 0000
00071d 0000
00071e 0000
00071f 0000      	.DB  0x0,0x0,0x0,0x0,0x0,0x0,0x0,0x0
000720 0000
000721 0000
000722 0000
000723 0000      	.DB  0x0,0x0,0x0,0x0,0x0,0x0,0x0,0x0
000724 0000
000725 0000
000726 0000
000727 0000      	.DB  0x0,0x0,0x0,0x0,0x0,0x0,0x0,0x0
000728 0000
000729 0000
00072a 0000
00072b 0000      	.DB  0x0,0x0,0x0,0x0,0x0,0x0,0x0,0x0
00072c 0000
00072d 0000
00072e 0000
00072f 0000      	.DB  0x0,0x0,0x0,0x0,0x0,0x0,0x0,0x0
000730 0000
000731 0000
000732 0000
000733 0000      	.DB  0x0,0x0,0x0,0x0,0x0,0x0,0x0,0x0
000734 0000
000735 0000
000736 0000
000737 0000      	.DB  0x0,0x0,0x0,0x0,0x0,0x0,0x0,0x0
000738 0000
000739 0000
00073a 0000
00073b 0000      	.DB  0x0,0x0,0x0,0x0,0x0,0x0,0x0,0x0
00073c 0000
00073d 0000
00073e 0000
00073f 0000      	.DB  0x0,0x0,0x0,0x0,0x0,0x0,0x0,0x0
000740 0000
000741 0000
000742 0000
000743 0000      	.DB  0x0,0x0,0x0,0x0,0x0,0x0,0x0,0x0
000744 0000
000745 0000
000746 0000
000747 0000      	.DB  0x0,0x0,0x0,0x0,0x0,0x0,0x0,0x0
000748 2000
000749 6810
00074a ce6c
00074b ffdf      	.DB  0x0,0x20,0x10,0x68,0x6C,0xCE,0xDF,0xFF
00074c 7f7f
00074d 7f7f
00074e 3f3f
00074f ff3f      	.DB  0x7F,0x7F,0x7F,0x7F,0x3F,0x3F,0x3F,0xFF
000750 e17f
000751 a6de
000752 6faf
000753 77eb      	.DB  0x7F,0xE1,0xDE,0xA6,0xAF,0x6F,0xEB,0x77
000754 7074
000755 3030
000756 f038
000757 60e0      	.DB  0x74,0x70,0x30,0x30,0x38,0xF0,0xE0,0x60
000758 0020
000759 0000
00075a 0000
00075b e0e0      	.DB  0x20,0x0,0x0,0x0,0x0,0x0,0xE0,0xE0
00075c f0e0
00075d 78f0
00075e 0038
00075f 0000      	.DB  0xE0,0xF0,0xF0,0x78,0x38,0x0,0x0,0x0
000760 0000
000761 0000
000762 0000
000763 0000      	.DB  0x0,0x0,0x0,0x0,0x0,0x0,0x0,0x0
000764 0000
000765 0000
000766 0000
000767 0000      	.DB  0x0,0x0,0x0,0x0,0x0,0x0,0x0,0x0
000768 0000
000769 0000
00076a 0000
00076b 0000      	.DB  0x0,0x0,0x0,0x0,0x0,0x0,0x0,0x0
00076c 0000
00076d 0000
00076e 0000
00076f 0000      	.DB  0x0,0x0,0x0,0x0,0x0,0x0,0x0,0x0
000770 0000
000771 0000
000772 0000
000773 0000      	.DB  0x0,0x0,0x0,0x0,0x0,0x0,0x0,0x0
000774 0000
000775 0000
000776 0000
000777 0000      	.DB  0x0,0x0,0x0,0x0,0x0,0x0,0x0,0x0
000778 0000
000779 0000
00077a 0000
00077b 0000      	.DB  0x0,0x0,0x0,0x0,0x0,0x0,0x0,0x0
00077c 0000
00077d 0000
00077e 0000
00077f 0000      	.DB  0x0,0x0,0x0,0x0,0x0,0x0,0x0,0x0
000780 0000
000781 0000
000782 0000
000783 0000      	.DB  0x0,0x0,0x0,0x0,0x0,0x0,0x0,0x0
000784 0000
000785 0000
000786 0000
000787 0000      	.DB  0x0,0x0,0x0,0x0,0x0,0x0,0x0,0x0
000788 3000
000789 7c78
00078a fffe
00078b c0c1      	.DB  0x0,0x30,0x78,0x7C,0xFE,0xFF,0xC1,0xC0
00078c c6c0
00078d 0444
00078e 0404
00078f 0200      	.DB  0xC0,0xC6,0x44,0x4,0x4,0x4,0x0,0x2
000790 0103
000791 0101
000792 0101
000793 0001      	.DB  0x3,0x1,0x1,0x1,0x1,0x1,0x1,0x0
000794 0000
000795 0000
000796 0301
000797 3f03      	.DB  0x0,0x0,0x0,0x0,0x1,0x3,0x3,0x3F
000798 fe3c
000799 f8ff
00079a fcf8
00079b 3f7f      	.DB  0x3C,0xFE,0xFF,0xF8,0xF8,0xFC,0x7F,0x3F
00079c 0707
00079d 0003
00079e 0000
00079f 0000      	.DB  0x7,0x7,0x3,0x0,0x0,0x0,0x0,0x0
0007a0 0000
0007a1 0000
0007a2 0000
0007a3 0000      	.DB  0x0,0x0,0x0,0x0,0x0,0x0,0x0,0x0
0007a4 0000
0007a5 0000
0007a6 0000
0007a7 0000      	.DB  0x0,0x0,0x0,0x0,0x0,0x0,0x0,0x0
0007a8 0000
0007a9 0000
0007aa 0000
0007ab 0000      	.DB  0x0,0x0,0x0,0x0,0x0,0x0,0x0,0x0
0007ac 0000
0007ad 0000
0007ae 0000
0007af 0000      	.DB  0x0,0x0,0x0,0x0,0x0,0x0,0x0,0x0
0007b0 0000
0007b1 0000
0007b2 0000
0007b3 0000      	.DB  0x0,0x0,0x0,0x0,0x0,0x0,0x0,0x0
0007b4 0000
0007b5 0000
0007b6 0000
0007b7 0000      	.DB  0x0,0x0,0x0,0x0,0x0,0x0,0x0,0x0
0007b8 0000
0007b9 0000
0007ba 0000
0007bb 0000      	.DB  0x0,0x0,0x0,0x0,0x0,0x0,0x0,0x0
0007bc 0000
0007bd 0000
0007be 0000
0007bf 0000      	.DB  0x0,0x0,0x0,0x0,0x0,0x0,0x0,0x0
0007c0 0000
0007c1 0000
0007c2 0000
0007c3 0000      	.DB  0x0,0x0,0x0,0x0,0x0,0x0,0x0,0x0
0007c4 0000
0007c5 0000
0007c6 0000
0007c7 7e00      	.DB  0x0,0x0,0x0,0x0,0x0,0x0,0x0,0x7E
0007c8 1c3e
0007c9 0c1c
0007ca 0908
0007cb 0305      	.DB  0x3E,0x1C,0x1C,0xC,0x8,0x9,0x5,0x3
0007cc 0000
0007cd 0000
0007ce 0000
0007cf 0000      	.DB  0x0,0x0,0x0,0x0,0x0,0x0,0x0,0x0
0007d0 0000
0007d1 0000
0007d2 0000
0007d3 0000      	.DB  0x0,0x0,0x0,0x0,0x0,0x0,0x0,0x0
0007d4 0000
0007d5 0000
0007d6 0000
0007d7 0000      	.DB  0x0,0x0,0x0,0x0,0x0,0x0,0x0,0x0
0007d8 0000
0007d9 0000
0007da 0000
0007db 0000      	.DB  0x0,0x0,0x0,0x0,0x0,0x0,0x0,0x0
0007dc 0000
0007dd 0000
0007de 0000
0007df 0000      	.DB  0x0,0x0,0x0,0x0,0x0,0x0,0x0,0x0
0007e0 0000
0007e1 0000
0007e2 0000
0007e3 0000      	.DB  0x0,0x0,0x0,0x0,0x0,0x0,0x0,0x0
0007e4 0000
0007e5 0000
0007e6 0000
0007e7 0000      	.DB  0x0,0x0,0x0,0x0,0x0,0x0,0x0,0x0
0007e8 0000
0007e9 0000
0007ea 0000
0007eb 0000      	.DB  0x0,0x0,0x0,0x0,0x0,0x0,0x0,0x0
0007ec 0000
0007ed 0000
0007ee 0000
0007ef 0000      	.DB  0x0,0x0,0x0,0x0,0x0,0x0,0x0,0x0
0007f0 0000
0007f1 0000
0007f2 0000
0007f3 0000      	.DB  0x0,0x0,0x0,0x0,0x0,0x0,0x0,0x0
0007f4 0000
0007f5 0000
0007f6 0000
0007f7 0000      	.DB  0x0,0x0,0x0,0x0,0x0,0x0,0x0,0x0
0007f8 0000
0007f9 0000
0007fa 0000
0007fb 0000      	.DB  0x0,0x0,0x0,0x0,0x0,0x0,0x0,0x0
0007fc 0000
0007fd 0000
0007fe 0000
0007ff 0000      	.DB  0x0,0x0,0x0,0x0,0x0,0x0,0x0,0x0
000800 0000
000801 0000
000802 0000
000803 0000      	.DB  0x0,0x0,0x0,0x0,0x0,0x0,0x0,0x0
000804 0000
000805 0000
000806 0000
000807 0000      	.DB  0x0,0x0,0x0,0x0,0x0,0x0,0x0,0x0
000808 0000
000809 0000
00080a 0000
00080b 0000      	.DB  0x0,0x0,0x0,0x0,0x0,0x0,0x0,0x0
00080c 0000
00080d 0000
00080e 0000
00080f 0000      	.DB  0x0,0x0,0x0,0x0,0x0,0x0,0x0,0x0
000810 0000
000811 0000
000812 0000
000813 0000      	.DB  0x0,0x0,0x0,0x0,0x0,0x0,0x0,0x0
000814 0000
000815 0000
000816 0000
000817 0000      	.DB  0x0,0x0,0x0,0x0,0x0,0x0,0x0,0x0
000818 0000
000819 0000
00081a 0000
00081b 0000      	.DB  0x0,0x0,0x0,0x0,0x0,0x0,0x0,0x0
00081c 0000
00081d 0000
00081e 0000
00081f 0000      	.DB  0x0,0x0,0x0,0x0,0x0,0x0,0x0,0x0
000820 0000
000821 0000
000822 0000
000823 0000      	.DB  0x0,0x0,0x0,0x0,0x0,0x0,0x0,0x0
000824 0000
000825 0000
000826 0000
000827 0000      	.DB  0x0,0x0,0x0,0x0,0x0,0x0,0x0,0x0
000828 0000
000829 0000
00082a 0000
00082b 0000      	.DB  0x0,0x0,0x0,0x0,0x0,0x0,0x0,0x0
00082c 0000
00082d 0000
00082e 0000
00082f 0000      	.DB  0x0,0x0,0x0,0x0,0x0,0x0,0x0,0x0
000830 0000
000831 0000      	.DB  0x0,0x0,0x0,0x0
                 _f5:
000832 0080
000833 0040
000834 0000
000835 0000      	.DB  0x80,0x0,0x40,0x0,0x0,0x0,0x0,0x0
000836 0000
000837 0000
000838 0000
000839 0000      	.DB  0x0,0x0,0x0,0x0,0x0,0x0,0x0,0x0
00083a 0000
00083b 0000
00083c 0000
00083d 0000      	.DB  0x0,0x0,0x0,0x0,0x0,0x0,0x0,0x0
00083e 0000
00083f 0000
000840 0000
000841 0000      	.DB  0x0,0x0,0x0,0x0,0x0,0x0,0x0,0x0
000842 0000
000843 0000
000844 0000
000845 0000      	.DB  0x0,0x0,0x0,0x0,0x0,0x0,0x0,0x0
000846 0000
000847 0000
000848 0000
000849 0000      	.DB  0x0,0x0,0x0,0x0,0x0,0x0,0x0,0x0
00084a 0000
00084b 0000
00084c 0000
00084d 0000      	.DB  0x0,0x0,0x0,0x0,0x0,0x0,0x0,0x0
00084e 0000
00084f 0000
000850 0000
000851 0000      	.DB  0x0,0x0,0x0,0x0,0x0,0x0,0x0,0x0
000852 0000
000853 0000
000854 0000
000855 0000      	.DB  0x0,0x0,0x0,0x0,0x0,0x0,0x0,0x0
000856 0000
000857 0000
000858 0000
000859 0000      	.DB  0x0,0x0,0x0,0x0,0x0,0x0,0x0,0x0
00085a 0000
00085b 0000
00085c 0000
00085d 0000      	.DB  0x0,0x0,0x0,0x0,0x0,0x0,0x0,0x0
00085e 0000
00085f 0000
000860 0000
000861 0000      	.DB  0x0,0x0,0x0,0x0,0x0,0x0,0x0,0x0
000862 0000
000863 0000
000864 0000
000865 0000      	.DB  0x0,0x0,0x0,0x0,0x0,0x0,0x0,0x0
000866 0000
000867 0000
000868 0000
000869 0000      	.DB  0x0,0x0,0x0,0x0,0x0,0x0,0x0,0x0
00086a 0000
00086b 0000
00086c 0000
00086d 0000      	.DB  0x0,0x0,0x0,0x0,0x0,0x0,0x0,0x0
00086e 0000
00086f 0000
000870 0000
000871 0000      	.DB  0x0,0x0,0x0,0x0,0x0,0x0,0x0,0x0
000872 0000
000873 0000
000874 0000
000875 0000      	.DB  0x0,0x0,0x0,0x0,0x0,0x0,0x0,0x0
000876 0000
000877 0000
000878 0000
000879 0000      	.DB  0x0,0x0,0x0,0x0,0x0,0x0,0x0,0x0
00087a 0000
00087b 0000
00087c 0000
00087d 0000      	.DB  0x0,0x0,0x0,0x0,0x0,0x0,0x0,0x0
00087e 0000
00087f 0000
000880 0000
000881 0000      	.DB  0x0,0x0,0x0,0x0,0x0,0x0,0x0,0x0
000882 0000
000883 0000
000884 0000
000885 0000      	.DB  0x0,0x0,0x0,0x0,0x0,0x0,0x0,0x0
000886 0000
000887 0000
000888 0000
000889 0000      	.DB  0x0,0x0,0x0,0x0,0x0,0x0,0x0,0x0
00088a 0000
00088b 0000
00088c 0000
00088d 0000      	.DB  0x0,0x0,0x0,0x0,0x0,0x0,0x0,0x0
00088e 0600
00088f 0c0c
000890 1c0c
000891 fc3c      	.DB  0x0,0x6,0xC,0xC,0xC,0x1C,0x3C,0xFC
000892 f8fc
000893 f0f0
000894 e0f0
000895 6060      	.DB  0xFC,0xF8,0xF0,0xF0,0xF0,0xE0,0x60,0x60
000896 0010
000897 0000
000898 0800
000899 0000      	.DB  0x10,0x0,0x0,0x0,0x0,0x8,0x0,0x0
00089a 0000
00089b 0000
00089c 0000
00089d 0000      	.DB  0x0,0x0,0x0,0x0,0x0,0x0,0x0,0x0
00089e 0000
00089f 0000
0008a0 0000
0008a1 0000      	.DB  0x0,0x0,0x0,0x0,0x0,0x0,0x0,0x0
0008a2 0000
0008a3 0000
0008a4 0000
0008a5 0000      	.DB  0x0,0x0,0x0,0x0,0x0,0x0,0x0,0x0
0008a6 0000
0008a7 0000
0008a8 0000
0008a9 0000      	.DB  0x0,0x0,0x0,0x0,0x0,0x0,0x0,0x0
0008aa 0000
0008ab 0000
0008ac 0000
0008ad 0000      	.DB  0x0,0x0,0x0,0x0,0x0,0x0,0x0,0x0
0008ae 0000
0008af 0000
0008b0 0000
0008b1 0000      	.DB  0x0,0x0,0x0,0x0,0x0,0x0,0x0,0x0
0008b2 0000
0008b3 0000
0008b4 0000
0008b5 0000      	.DB  0x0,0x0,0x0,0x0,0x0,0x0,0x0,0x0
0008b6 0000
0008b7 0000
0008b8 0000
0008b9 0000      	.DB  0x0,0x0,0x0,0x0,0x0,0x0,0x0,0x0
0008ba 0000
0008bb 0000
0008bc 0000
0008bd 0000      	.DB  0x0,0x0,0x0,0x0,0x0,0x0,0x0,0x0
0008be 0000
0008bf 0000
0008c0 0000
0008c1 0000      	.DB  0x0,0x0,0x0,0x0,0x0,0x0,0x0,0x0
0008c2 0000
0008c3 0000
0008c4 0000
0008c5 0000      	.DB  0x0,0x0,0x0,0x0,0x0,0x0,0x0,0x0
0008c6 0000
0008c7 0000
0008c8 0000
0008c9 0000      	.DB  0x0,0x0,0x0,0x0,0x0,0x0,0x0,0x0
0008ca 0000
0008cb 0000
0008cc 6040
0008cd 7870      	.DB  0x0,0x0,0x0,0x0,0x40,0x60,0x70,0x78
0008ce fc7c
0008cf fefe
0008d0 fffe
0008d1 ffff      	.DB  0x7C,0xFC,0xFE,0xFE,0xFE,0xFF,0xFF,0xFF
0008d2 ffff
0008d3 c3ff
0008d4 0301
0008d5 0000      	.DB  0xFF,0xFF,0xFF,0xC3,0x1,0x3,0x0,0x0
0008d6 0003
0008d7 0000
0008d8 0000
0008d9 0000      	.DB  0x3,0x0,0x0,0x0,0x0,0x0,0x0,0x0
0008da 80f0
0008db 0000
0008dc 0000
0008dd 0000      	.DB  0xF0,0x80,0x0,0x0,0x0,0x0,0x0,0x0
0008de 0000
0008df 0000
0008e0 0000
0008e1 0000      	.DB  0x0,0x0,0x0,0x0,0x0,0x0,0x0,0x0
0008e2 0000
0008e3 0000
0008e4 0000
0008e5 0000      	.DB  0x0,0x0,0x0,0x0,0x0,0x0,0x0,0x0
0008e6 0000
0008e7 0000
0008e8 0000
0008e9 0000      	.DB  0x0,0x0,0x0,0x0,0x0,0x0,0x0,0x0
0008ea 0000
0008eb 0000
0008ec 0000
0008ed 0000      	.DB  0x0,0x0,0x0,0x0,0x0,0x0,0x0,0x0
0008ee 0000
0008ef 0000
0008f0 0000
0008f1 0000      	.DB  0x0,0x0,0x0,0x0,0x0,0x0,0x0,0x0
0008f2 0000
0008f3 0000
0008f4 0000
0008f5 0000      	.DB  0x0,0x0,0x0,0x0,0x0,0x0,0x0,0x0
0008f6 0000
0008f7 0000
0008f8 0000
0008f9 0000      	.DB  0x0,0x0,0x0,0x0,0x0,0x0,0x0,0x0
0008fa 0000
0008fb 0000
0008fc 0000
0008fd 0000      	.DB  0x0,0x0,0x0,0x0,0x0,0x0,0x0,0x0
0008fe 0000
0008ff 0000
000900 0000
000901 0000      	.DB  0x0,0x0,0x0,0x0,0x0,0x0,0x0,0x0
000902 0000
000903 0000
000904 0000
000905 0000      	.DB  0x0,0x0,0x0,0x0,0x0,0x0,0x0,0x0
000906 0000
000907 0000
000908 0000
000909 0000      	.DB  0x0,0x0,0x0,0x0,0x0,0x0,0x0,0x0
00090a 0000
00090b 0000
00090c 0000
00090d 0000      	.DB  0x0,0x0,0x0,0x0,0x0,0x0,0x0,0x0
00090e e0c0
00090f fcf8
000910 fffc
000911 ffff      	.DB  0xC0,0xE0,0xF8,0xFC,0xFC,0xFF,0xFF,0xFF
000912 ffff
000913 ffff
000914 feff
000915 c0f8      	.DB  0xFF,0xFF,0xFF,0xFF,0xFF,0xFE,0xF8,0xC0
000916 8080
000917 8080
000918 8080
000919 2000      	.DB  0x80,0x80,0x80,0x80,0x80,0x80,0x0,0x20
00091a 0901
00091b 0c0c
00091c 0004
00091d 0000      	.DB  0x1,0x9,0xC,0xC,0x4,0x0,0x0,0x0
00091e 0000
00091f 0000
000920 0000
000921 0000      	.DB  0x0,0x0,0x0,0x0,0x0,0x0,0x0,0x0
000922 0000
000923 0000
000924 0000
000925 0000      	.DB  0x0,0x0,0x0,0x0,0x0,0x0,0x0,0x0
000926 0000
000927 0000
000928 0000
000929 0000      	.DB  0x0,0x0,0x0,0x0,0x0,0x0,0x0,0x0
00092a 0000
00092b 0000
00092c 0000
00092d 0000      	.DB  0x0,0x0,0x0,0x0,0x0,0x0,0x0,0x0
00092e 0000
00092f 0000
000930 0000
000931 0000      	.DB  0x0,0x0,0x0,0x0,0x0,0x0,0x0,0x0
000932 0000
000933 0000
000934 0000
000935 0000      	.DB  0x0,0x0,0x0,0x0,0x0,0x0,0x0,0x0
000936 0000
000937 0000
000938 0000
000939 0000      	.DB  0x0,0x0,0x0,0x0,0x0,0x0,0x0,0x0
00093a 0000
00093b 0000
00093c 0000
00093d 0000      	.DB  0x0,0x0,0x0,0x0,0x0,0x0,0x0,0x0
00093e 0000
00093f 0000
000940 0000
000941 0000      	.DB  0x0,0x0,0x0,0x0,0x0,0x0,0x0,0x0
000942 0000
000943 0000
000944 0000
000945 0000      	.DB  0x0,0x0,0x0,0x0,0x0,0x0,0x0,0x0
000946 0000
000947 0000
000948 0000
000949 0000      	.DB  0x0,0x0,0x0,0x0,0x0,0x0,0x0,0x0
00094a f000
00094b fe3c
00094c efff
00094d 0f07      	.DB  0x0,0xF0,0x3C,0xFE,0xFF,0xEF,0x7,0xF
00094e ef4f
00094f 7fcd
000950 7f7f
000951 1f3f      	.DB  0x4F,0xEF,0xCD,0x7F,0x7F,0x7F,0x3F,0x1F
000952 1f1f
000953 3f3f
000954 f7f9
000955 3736      	.DB  0x1F,0x1F,0x3F,0x3F,0xF9,0xF7,0x36,0x37
000956 0111
000957 0000
000958 4000
000959 0020      	.DB  0x11,0x1,0x0,0x0,0x0,0x40,0x20,0x0
00095a 0000
00095b 0000
00095c 0000
00095d c080      	.DB  0x0,0x0,0x0,0x0,0x0,0x0,0x80,0xC0
00095e 00e0
00095f 0000
000960 0000
000961 0000      	.DB  0xE0,0x0,0x0,0x0,0x0,0x0,0x0,0x0
000962 0000
000963 0000
000964 0000
000965 0000      	.DB  0x0,0x0,0x0,0x0,0x0,0x0,0x0,0x0
000966 0000
000967 0000
000968 0000
000969 0000      	.DB  0x0,0x0,0x0,0x0,0x0,0x0,0x0,0x0
00096a 0000
00096b 0000
00096c 0000
00096d 0000      	.DB  0x0,0x0,0x0,0x0,0x0,0x0,0x0,0x0
00096e 0000
00096f 0000
000970 0000
000971 0000      	.DB  0x0,0x0,0x0,0x0,0x0,0x0,0x0,0x0
000972 0000
000973 0000
000974 0000
000975 0000      	.DB  0x0,0x0,0x0,0x0,0x0,0x0,0x0,0x0
000976 0000
000977 0000
000978 0000
000979 0000      	.DB  0x0,0x0,0x0,0x0,0x0,0x0,0x0,0x0
00097a 0000
00097b 0000
00097c 0000
00097d 0000      	.DB  0x0,0x0,0x0,0x0,0x0,0x0,0x0,0x0
00097e 0000
00097f 0000
000980 0000
000981 0000      	.DB  0x0,0x0,0x0,0x0,0x0,0x0,0x0,0x0
000982 0000
000983 0000
000984 0000
000985 0000      	.DB  0x0,0x0,0x0,0x0,0x0,0x0,0x0,0x0
000986 0000
000987 0000
000988 0000
000989 0000      	.DB  0x0,0x0,0x0,0x0,0x0,0x0,0x0,0x0
00098a ff00
00098b e1f8
00098c e3e3
00098d 0343      	.DB  0x0,0xFF,0xF8,0xE1,0xE3,0xE3,0x43,0x3
00098e 0000
00098f 0101
000990 0101
000991 0101      	.DB  0x0,0x0,0x1,0x1,0x1,0x1,0x1,0x1
000992 0101
000993 0101
000994 0101
000995 0301      	.DB  0x1,0x1,0x1,0x1,0x1,0x1,0x1,0x3
000996 0603
000997 5c06
000998 40c0
000999 8080      	.DB  0x3,0x6,0x6,0x5C,0xC0,0x40,0x80,0x80
00099a e0f0
00099b e2e0
00099c cfe7
00099d 073f      	.DB  0xF0,0xE0,0xE0,0xE2,0xE7,0xCF,0x3F,0x7
00099e 0001
00099f 0000
0009a0 0000
0009a1 0000      	.DB  0x1,0x0,0x0,0x0,0x0,0x0,0x0,0x0
0009a2 0000
0009a3 0000
0009a4 0000
0009a5 0000      	.DB  0x0,0x0,0x0,0x0,0x0,0x0,0x0,0x0
0009a6 0000
0009a7 0000
0009a8 0000
0009a9 0000      	.DB  0x0,0x0,0x0,0x0,0x0,0x0,0x0,0x0
0009aa 0000
0009ab 0000
0009ac 0000
0009ad 0000      	.DB  0x0,0x0,0x0,0x0,0x0,0x0,0x0,0x0
0009ae 0000
0009af 0000
0009b0 0000
0009b1 0000      	.DB  0x0,0x0,0x0,0x0,0x0,0x0,0x0,0x0
0009b2 0000
0009b3 0000
0009b4 0000
0009b5 0000      	.DB  0x0,0x0,0x0,0x0,0x0,0x0,0x0,0x0
0009b6 0000
0009b7 0000
0009b8 0000
0009b9 0000      	.DB  0x0,0x0,0x0,0x0,0x0,0x0,0x0,0x0
0009ba 0000
0009bb 0000
0009bc 0000
0009bd 0000      	.DB  0x0,0x0,0x0,0x0,0x0,0x0,0x0,0x0
0009be 0000
0009bf 0000
0009c0 0000
0009c1 0000      	.DB  0x0,0x0,0x0,0x0,0x0,0x0,0x0,0x0
0009c2 0000
0009c3 0000
0009c4 0000
0009c5 0000      	.DB  0x0,0x0,0x0,0x0,0x0,0x0,0x0,0x0
0009c6 0000
0009c7 0000
0009c8 0000
0009c9 0000      	.DB  0x0,0x0,0x0,0x0,0x0,0x0,0x0,0x0
0009ca 0300
0009cb 0307
0009cc 0001
0009cd 0000      	.DB  0x0,0x3,0x7,0x3,0x1,0x0,0x0,0x0
0009ce 0000
0009cf 0000
0009d0 0000
0009d1 0000      	.DB  0x0,0x0,0x0,0x0,0x0,0x0,0x0,0x0
0009d2 0000
0009d3 0000
0009d4 0000
0009d5 0000      	.DB  0x0,0x0,0x0,0x0,0x0,0x0,0x0,0x0
0009d6 0000
0009d7 0000
0009d8 0600
0009d9 0f07      	.DB  0x0,0x0,0x0,0x0,0x0,0x6,0x7,0xF
0009da 0f0f
0009db 0307
0009dc 0001
0009dd 0000      	.DB  0xF,0xF,0x7,0x3,0x1,0x0,0x0,0x0
0009de 0000
0009df 0000
0009e0 0000
0009e1 0000      	.DB  0x0,0x0,0x0,0x0,0x0,0x0,0x0,0x0
0009e2 0000
0009e3 0000
0009e4 0000
0009e5 0000      	.DB  0x0,0x0,0x0,0x0,0x0,0x0,0x0,0x0
0009e6 0000
0009e7 0000
0009e8 0000
0009e9 0000      	.DB  0x0,0x0,0x0,0x0,0x0,0x0,0x0,0x0
0009ea 0000
0009eb 0000
0009ec 0000
0009ed 0000      	.DB  0x0,0x0,0x0,0x0,0x0,0x0,0x0,0x0
0009ee 0000
0009ef 0000
0009f0 0000
0009f1 0000      	.DB  0x0,0x0,0x0,0x0,0x0,0x0,0x0,0x0
0009f2 0000
0009f3 0000
0009f4 0000
0009f5 0000      	.DB  0x0,0x0,0x0,0x0,0x0,0x0,0x0,0x0
0009f6 0000
0009f7 0000
0009f8 0000
0009f9 0000      	.DB  0x0,0x0,0x0,0x0,0x0,0x0,0x0,0x0
0009fa 0000
0009fb 0000
0009fc 0000
0009fd 0000      	.DB  0x0,0x0,0x0,0x0,0x0,0x0,0x0,0x0
0009fe 0000
0009ff 0000
000a00 0000
000a01 0000      	.DB  0x0,0x0,0x0,0x0,0x0,0x0,0x0,0x0
000a02 0000
000a03 0000
000a04 0000
000a05 0000      	.DB  0x0,0x0,0x0,0x0,0x0,0x0,0x0,0x0
000a06 0000
000a07 0000
000a08 0000
000a09 0000      	.DB  0x0,0x0,0x0,0x0,0x0,0x0,0x0,0x0
000a0a 0000
000a0b 0000
000a0c 0000
000a0d 0000      	.DB  0x0,0x0,0x0,0x0,0x0,0x0,0x0,0x0
000a0e 0000
000a0f 0000
000a10 0000
000a11 0000      	.DB  0x0,0x0,0x0,0x0,0x0,0x0,0x0,0x0
000a12 0000
000a13 0000
000a14 0000
000a15 0000      	.DB  0x0,0x0,0x0,0x0,0x0,0x0,0x0,0x0
000a16 0000
000a17 0000
000a18 0000
000a19 0000      	.DB  0x0,0x0,0x0,0x0,0x0,0x0,0x0,0x0
000a1a 0000
000a1b 0000
000a1c 0000
000a1d 0000      	.DB  0x0,0x0,0x0,0x0,0x0,0x0,0x0,0x0
000a1e 0000
000a1f 0000
000a20 0000
000a21 0000      	.DB  0x0,0x0,0x0,0x0,0x0,0x0,0x0,0x0
000a22 0000
000a23 0000
000a24 0000
000a25 0000      	.DB  0x0,0x0,0x0,0x0,0x0,0x0,0x0,0x0
000a26 0000
000a27 0000
000a28 0000
000a29 0000      	.DB  0x0,0x0,0x0,0x0,0x0,0x0,0x0,0x0
000a2a 0000
000a2b 0000
000a2c 0000
000a2d 0000      	.DB  0x0,0x0,0x0,0x0,0x0,0x0,0x0,0x0
000a2e 0000
000a2f 0000
000a30 0000
000a31 0000      	.DB  0x0,0x0,0x0,0x0,0x0,0x0,0x0,0x0
000a32 0000
000a33 0000      	.DB  0x0,0x0,0x0,0x0
                 _f6:
000a34 0080
000a35 0040
000a36 0000
000a37 0000      	.DB  0x80,0x0,0x40,0x0,0x0,0x0,0x0,0x0
000a38 0000
000a39 0000
000a3a 0000
000a3b 0000      	.DB  0x0,0x0,0x0,0x0,0x0,0x0,0x0,0x0
000a3c 0000
000a3d 0000
000a3e 0000
000a3f 0000      	.DB  0x0,0x0,0x0,0x0,0x0,0x0,0x0,0x0
000a40 0000
000a41 0000
000a42 0000
000a43 0000      	.DB  0x0,0x0,0x0,0x0,0x0,0x0,0x0,0x0
000a44 0000
000a45 0000
000a46 0000
000a47 0000      	.DB  0x0,0x0,0x0,0x0,0x0,0x0,0x0,0x0
000a48 0000
000a49 0000
000a4a 0000
000a4b 0000      	.DB  0x0,0x0,0x0,0x0,0x0,0x0,0x0,0x0
000a4c 0000
000a4d 0000
000a4e 0000
000a4f 0000      	.DB  0x0,0x0,0x0,0x0,0x0,0x0,0x0,0x0
000a50 0000
000a51 0000
000a52 0000
000a53 0000      	.DB  0x0,0x0,0x0,0x0,0x0,0x0,0x0,0x0
000a54 0000
000a55 0000
000a56 0000
000a57 0000      	.DB  0x0,0x0,0x0,0x0,0x0,0x0,0x0,0x0
000a58 0000
000a59 0000
000a5a 0000
000a5b 0000      	.DB  0x0,0x0,0x0,0x0,0x0,0x0,0x0,0x0
000a5c 0000
000a5d 0000
000a5e 0000
000a5f 0000      	.DB  0x0,0x0,0x0,0x0,0x0,0x0,0x0,0x0
000a60 0000
000a61 0000
000a62 0000
000a63 0000      	.DB  0x0,0x0,0x0,0x0,0x0,0x0,0x0,0x0
000a64 0000
000a65 0000
000a66 0000
000a67 0000      	.DB  0x0,0x0,0x0,0x0,0x0,0x0,0x0,0x0
000a68 0000
000a69 0000
000a6a 0000
000a6b 0000      	.DB  0x0,0x0,0x0,0x0,0x0,0x0,0x0,0x0
000a6c 0000
000a6d 0000
000a6e 0000
000a6f 0000      	.DB  0x0,0x0,0x0,0x0,0x0,0x0,0x0,0x0
000a70 0000
000a71 0000
000a72 0000
000a73 0000      	.DB  0x0,0x0,0x0,0x0,0x0,0x0,0x0,0x0
000a74 0000
000a75 0000
000a76 0000
000a77 0000      	.DB  0x0,0x0,0x0,0x0,0x0,0x0,0x0,0x0
000a78 0000
000a79 0000
000a7a 0000
000a7b 0000      	.DB  0x0,0x0,0x0,0x0,0x0,0x0,0x0,0x0
000a7c 0000
000a7d 0000
000a7e 0000
000a7f 0000      	.DB  0x0,0x0,0x0,0x0,0x0,0x0,0x0,0x0
000a80 0000
000a81 0000
000a82 0000
000a83 0000      	.DB  0x0,0x0,0x0,0x0,0x0,0x0,0x0,0x0
000a84 0000
000a85 0000
000a86 0000
000a87 0000      	.DB  0x0,0x0,0x0,0x0,0x0,0x0,0x0,0x0
000a88 0000
000a89 0000
000a8a 0000
000a8b 0000      	.DB  0x0,0x0,0x0,0x0,0x0,0x0,0x0,0x0
000a8c 0000
000a8d 0000
000a8e 0000
000a8f 0000      	.DB  0x0,0x0,0x0,0x0,0x0,0x0,0x0,0x0
000a90 0600
000a91 0c0c
000a92 1c0c
000a93 fc3c      	.DB  0x0,0x6,0xC,0xC,0xC,0x1C,0x3C,0xFC
000a94 f8fc
000a95 f0f0
000a96 e0f0
000a97 6060      	.DB  0xFC,0xF8,0xF0,0xF0,0xF0,0xE0,0x60,0x60
000a98 0010
000a99 0000
000a9a 0800
000a9b 0000      	.DB  0x10,0x0,0x0,0x0,0x0,0x8,0x0,0x0
000a9c 0000
000a9d 0000
000a9e 0000
000a9f 0000      	.DB  0x0,0x0,0x0,0x0,0x0,0x0,0x0,0x0
000aa0 0000
000aa1 0000
000aa2 0000
000aa3 0000      	.DB  0x0,0x0,0x0,0x0,0x0,0x0,0x0,0x0
000aa4 0000
000aa5 0000
000aa6 0000
000aa7 0000      	.DB  0x0,0x0,0x0,0x0,0x0,0x0,0x0,0x0
000aa8 0000
000aa9 0000
000aaa 0000
000aab 0000      	.DB  0x0,0x0,0x0,0x0,0x0,0x0,0x0,0x0
000aac 0000
000aad 0000
000aae 0000
000aaf 0000      	.DB  0x0,0x0,0x0,0x0,0x0,0x0,0x0,0x0
000ab0 0000
000ab1 0000
000ab2 0000
000ab3 0000      	.DB  0x0,0x0,0x0,0x0,0x0,0x0,0x0,0x0
000ab4 0000
000ab5 0000
000ab6 0000
000ab7 0000      	.DB  0x0,0x0,0x0,0x0,0x0,0x0,0x0,0x0
000ab8 0000
000ab9 0000
000aba 0000
000abb 0000      	.DB  0x0,0x0,0x0,0x0,0x0,0x0,0x0,0x0
000abc 0000
000abd 0000
000abe 0000
000abf 0000      	.DB  0x0,0x0,0x0,0x0,0x0,0x0,0x0,0x0
000ac0 0000
000ac1 0000
000ac2 0000
000ac3 0000      	.DB  0x0,0x0,0x0,0x0,0x0,0x0,0x0,0x0
000ac4 0000
000ac5 0000
000ac6 0000
000ac7 0000      	.DB  0x0,0x0,0x0,0x0,0x0,0x0,0x0,0x0
000ac8 0000
000ac9 0000
000aca 0000
000acb 0000      	.DB  0x0,0x0,0x0,0x0,0x0,0x0,0x0,0x0
000acc 0000
000acd 0000
000ace 6040
000acf 7870      	.DB  0x0,0x0,0x0,0x0,0x40,0x60,0x70,0x78
000ad0 7c7c
000ad1 fefe
000ad2 fffe
000ad3 ffff      	.DB  0x7C,0x7C,0xFE,0xFE,0xFE,0xFF,0xFF,0xFF
000ad4 ffff
000ad5 c3ff
000ad6 0383
000ad7 0000      	.DB  0xFF,0xFF,0xFF,0xC3,0x83,0x3,0x0,0x0
000ad8 0003
000ad9 0000
000ada 0000
000adb 0000      	.DB  0x3,0x0,0x0,0x0,0x0,0x0,0x0,0x0
000adc 80f0
000add 0000
000ade 0000
000adf 0000      	.DB  0xF0,0x80,0x0,0x0,0x0,0x0,0x0,0x0
000ae0 0000
000ae1 0000
000ae2 0000
000ae3 0000      	.DB  0x0,0x0,0x0,0x0,0x0,0x0,0x0,0x0
000ae4 0000
000ae5 0000
000ae6 0000
000ae7 0000      	.DB  0x0,0x0,0x0,0x0,0x0,0x0,0x0,0x0
000ae8 0000
000ae9 0000
000aea 0000
000aeb 0000      	.DB  0x0,0x0,0x0,0x0,0x0,0x0,0x0,0x0
000aec 0000
000aed 0000
000aee 0000
000aef 0000      	.DB  0x0,0x0,0x0,0x0,0x0,0x0,0x0,0x0
000af0 0000
000af1 0000
000af2 0000
000af3 0000      	.DB  0x0,0x0,0x0,0x0,0x0,0x0,0x0,0x0
000af4 0000
000af5 0000
000af6 0000
000af7 0000      	.DB  0x0,0x0,0x0,0x0,0x0,0x0,0x0,0x0
000af8 0000
000af9 0000
000afa 0000
000afb 0000      	.DB  0x0,0x0,0x0,0x0,0x0,0x0,0x0,0x0
000afc 0000
000afd 0000
000afe 0000
000aff 0000      	.DB  0x0,0x0,0x0,0x0,0x0,0x0,0x0,0x0
000b00 0000
000b01 0000
000b02 0000
000b03 0000      	.DB  0x0,0x0,0x0,0x0,0x0,0x0,0x0,0x0
000b04 0000
000b05 0000
000b06 0000
000b07 0000      	.DB  0x0,0x0,0x0,0x0,0x0,0x0,0x0,0x0
000b08 0000
000b09 0000
000b0a 0000
000b0b 0000      	.DB  0x0,0x0,0x0,0x0,0x0,0x0,0x0,0x0
000b0c 0000
000b0d 0000
000b0e 0000
000b0f 8080      	.DB  0x0,0x0,0x0,0x0,0x0,0x0,0x80,0x80
000b10 f8f0
000b11 fcf8
000b12 fffc
000b13 ffff      	.DB  0xF0,0xF8,0xF8,0xFC,0xFC,0xFF,0xFF,0xFF
000b14 ffff
000b15 ffff
000b16 feff
000b17 c0fc      	.DB  0xFF,0xFF,0xFF,0xFF,0xFF,0xFE,0xFC,0xC0
000b18 8080
000b19 8080
000b1a 8080
000b1b 2000      	.DB  0x80,0x80,0x80,0x80,0x80,0x80,0x0,0x20
000b1c 0901
000b1d 0c0c
000b1e 0004
000b1f 0000      	.DB  0x1,0x9,0xC,0xC,0x4,0x0,0x0,0x0
000b20 0000
000b21 0000
000b22 0000
000b23 0000      	.DB  0x0,0x0,0x0,0x0,0x0,0x0,0x0,0x0
000b24 0000
000b25 0000
000b26 0000
000b27 0000      	.DB  0x0,0x0,0x0,0x0,0x0,0x0,0x0,0x0
000b28 0000
000b29 0000
000b2a 0000
000b2b 0000      	.DB  0x0,0x0,0x0,0x0,0x0,0x0,0x0,0x0
000b2c 0000
000b2d 0000
000b2e 0000
000b2f 0000      	.DB  0x0,0x0,0x0,0x0,0x0,0x0,0x0,0x0
000b30 0000
000b31 0000
000b32 0000
000b33 0000      	.DB  0x0,0x0,0x0,0x0,0x0,0x0,0x0,0x0
000b34 0000
000b35 0000
000b36 0000
000b37 0000      	.DB  0x0,0x0,0x0,0x0,0x0,0x0,0x0,0x0
000b38 0000
000b39 0000
000b3a 0000
000b3b 0000      	.DB  0x0,0x0,0x0,0x0,0x0,0x0,0x0,0x0
000b3c 0000
000b3d 0000
000b3e 0000
000b3f 0000      	.DB  0x0,0x0,0x0,0x0,0x0,0x0,0x0,0x0
000b40 0000
000b41 0000
000b42 0000
000b43 0000      	.DB  0x0,0x0,0x0,0x0,0x0,0x0,0x0,0x0
000b44 0000
000b45 0000
000b46 0000
000b47 0000      	.DB  0x0,0x0,0x0,0x0,0x0,0x0,0x0,0x0
000b48 0000
000b49 0000
000b4a 0000
000b4b 0000      	.DB  0x0,0x0,0x0,0x0,0x0,0x0,0x0,0x0
000b4c 0000
000b4d 0000
000b4e e400
000b4f fefd      	.DB  0x0,0x0,0x0,0x0,0x0,0xE4,0xFD,0xFE
000b50 1fbf
000b51 0f0d
000b52 0f03
000b53 ff6f      	.DB  0xBF,0x1F,0xD,0xF,0x3,0xF,0x6F,0xFF
000b54 e7ff
000b55 a7db
000b56 d9d9
000b57 131a      	.DB  0xFF,0xE7,0xDB,0xA7,0xD9,0xD9,0x1A,0x13
000b58 0301
000b59 0000
000b5a 0000
000b5b 0000      	.DB  0x1,0x3,0x0,0x0,0x0,0x0,0x0,0x0
000b5c 0000
000b5d 0000
000b5e 0000
000b5f 0000      	.DB  0x0,0x0,0x0,0x0,0x0,0x0,0x0,0x0
000b60 0000
000b61 0000
000b62 0000
000b63 0000      	.DB  0x0,0x0,0x0,0x0,0x0,0x0,0x0,0x0
000b64 0000
000b65 0000
000b66 0000
000b67 0000      	.DB  0x0,0x0,0x0,0x0,0x0,0x0,0x0,0x0
000b68 0000
000b69 0000
000b6a 0000
000b6b 0000      	.DB  0x0,0x0,0x0,0x0,0x0,0x0,0x0,0x0
000b6c 0000
000b6d 0000
000b6e 0000
000b6f 0000      	.DB  0x0,0x0,0x0,0x0,0x0,0x0,0x0,0x0
000b70 0000
000b71 0000
000b72 0000
000b73 0000      	.DB  0x0,0x0,0x0,0x0,0x0,0x0,0x0,0x0
000b74 0000
000b75 0000
000b76 0000
000b77 0000      	.DB  0x0,0x0,0x0,0x0,0x0,0x0,0x0,0x0
000b78 0000
000b79 0000
000b7a 0000
000b7b 0000      	.DB  0x0,0x0,0x0,0x0,0x0,0x0,0x0,0x0
000b7c 0000
000b7d 0000
000b7e 0000
000b7f 0000      	.DB  0x0,0x0,0x0,0x0,0x0,0x0,0x0,0x0
000b80 0000
000b81 0000
000b82 0000
000b83 0000      	.DB  0x0,0x0,0x0,0x0,0x0,0x0,0x0,0x0
000b84 0000
000b85 0000
000b86 0000
000b87 0000      	.DB  0x0,0x0,0x0,0x0,0x0,0x0,0x0,0x0
000b88 0000
000b89 0000
000b8a 0000
000b8b 0000      	.DB  0x0,0x0,0x0,0x0,0x0,0x0,0x0,0x0
000b8c 0000
000b8d 0000
000b8e 0100
000b8f 0307      	.DB  0x0,0x0,0x0,0x0,0x0,0x1,0x7,0x3
000b90 4f3f
000b91 c4ce
000b92 c2c4
000b93 e1e2      	.DB  0x3F,0x4F,0xCE,0xC4,0xC4,0xC2,0xE2,0xE1
000b94 0101
000b95 0101
000b96 0101
000b97 0602      	.DB  0x1,0x1,0x1,0x1,0x1,0x1,0x2,0x6
000b98 3802
000b99 c020
000b9a 0204
000b9b 0000      	.DB  0x2,0x38,0x20,0xC0,0x4,0x2,0x0,0x0
000b9c 0000
000b9d 0000
000b9e 0000
000b9f c0c0      	.DB  0x0,0x0,0x0,0x0,0x0,0x0,0xC0,0xC0
000ba0 c0c0
000ba1 60e0
000ba2 0000
000ba3 0000      	.DB  0xC0,0xC0,0xE0,0x60,0x0,0x0,0x0,0x0
000ba4 0000
000ba5 0000
000ba6 0000
000ba7 0000      	.DB  0x0,0x0,0x0,0x0,0x0,0x0,0x0,0x0
000ba8 0000
000ba9 0000
000baa 0000
000bab 0000      	.DB  0x0,0x0,0x0,0x0,0x0,0x0,0x0,0x0
000bac 0000
000bad 0000
000bae 0000
000baf 0000      	.DB  0x0,0x0,0x0,0x0,0x0,0x0,0x0,0x0
000bb0 0000
000bb1 0000
000bb2 0000
000bb3 0000      	.DB  0x0,0x0,0x0,0x0,0x0,0x0,0x0,0x0
000bb4 0000
000bb5 0000
000bb6 0000
000bb7 0000      	.DB  0x0,0x0,0x0,0x0,0x0,0x0,0x0,0x0
000bb8 0000
000bb9 0000
000bba 0000
000bbb 0000      	.DB  0x0,0x0,0x0,0x0,0x0,0x0,0x0,0x0
000bbc 0000
000bbd 0000
000bbe 0000
000bbf 0000      	.DB  0x0,0x0,0x0,0x0,0x0,0x0,0x0,0x0
000bc0 0000
000bc1 0000
000bc2 0000
000bc3 0000      	.DB  0x0,0x0,0x0,0x0,0x0,0x0,0x0,0x0
000bc4 0000
000bc5 0000
000bc6 0000
000bc7 0000      	.DB  0x0,0x0,0x0,0x0,0x0,0x0,0x0,0x0
000bc8 0000
000bc9 0000
000bca 0000
000bcb 0000      	.DB  0x0,0x0,0x0,0x0,0x0,0x0,0x0,0x0
000bcc 0000
000bcd 0000
000bce 0000
000bcf 0000      	.DB  0x0,0x0,0x0,0x0,0x0,0x0,0x0,0x0
000bd0 0000
000bd1 0300
000bd2 0703
000bd3 0f0f      	.DB  0x0,0x0,0x0,0x3,0x3,0x7,0xF,0xF
000bd4 0000
000bd5 0000
000bd6 0000
000bd7 0000      	.DB  0x0,0x0,0x0,0x0,0x0,0x0,0x0,0x0
000bd8 0000
000bd9 0300
000bda fa7e
000bdb 7efc      	.DB  0x0,0x0,0x0,0x3,0x7E,0xFA,0xFC,0x7E
000bdc 7f7f
000bdd 1e1f
000bde 090d
000bdf 070f      	.DB  0x7F,0x7F,0x1F,0x1E,0xD,0x9,0xF,0x7
000be0 0103
000be1 0000
000be2 0000
000be3 0000      	.DB  0x3,0x1,0x0,0x0,0x0,0x0,0x0,0x0
000be4 0000
000be5 0000
000be6 0000
000be7 0000      	.DB  0x0,0x0,0x0,0x0,0x0,0x0,0x0,0x0
000be8 0000
000be9 0000
000bea 0000
000beb 0000      	.DB  0x0,0x0,0x0,0x0,0x0,0x0,0x0,0x0
000bec 0000
000bed 0000
000bee 0000
000bef 0000      	.DB  0x0,0x0,0x0,0x0,0x0,0x0,0x0,0x0
000bf0 0000
000bf1 0000
000bf2 0000
000bf3 0000      	.DB  0x0,0x0,0x0,0x0,0x0,0x0,0x0,0x0
000bf4 0000
000bf5 0000
000bf6 0000
000bf7 0000      	.DB  0x0,0x0,0x0,0x0,0x0,0x0,0x0,0x0
000bf8 0000
000bf9 0000
000bfa 0000
000bfb 0000      	.DB  0x0,0x0,0x0,0x0,0x0,0x0,0x0,0x0
000bfc 0000
000bfd 0000
000bfe 0000
000bff 0000      	.DB  0x0,0x0,0x0,0x0,0x0,0x0,0x0,0x0
000c00 0000
000c01 0000
000c02 0000
000c03 0000      	.DB  0x0,0x0,0x0,0x0,0x0,0x0,0x0,0x0
000c04 0000
000c05 0000
000c06 0000
000c07 0000      	.DB  0x0,0x0,0x0,0x0,0x0,0x0,0x0,0x0
000c08 0000
000c09 0000
000c0a 0000
000c0b 0000      	.DB  0x0,0x0,0x0,0x0,0x0,0x0,0x0,0x0
000c0c 0000
000c0d 0000
000c0e 0000
000c0f 0000      	.DB  0x0,0x0,0x0,0x0,0x0,0x0,0x0,0x0
000c10 0000
000c11 0000
000c12 0000
000c13 0000      	.DB  0x0,0x0,0x0,0x0,0x0,0x0,0x0,0x0
000c14 0000
000c15 0000
000c16 0000
000c17 0000      	.DB  0x0,0x0,0x0,0x0,0x0,0x0,0x0,0x0
000c18 0000
000c19 0000
000c1a 0000
000c1b 0000      	.DB  0x0,0x0,0x0,0x0,0x0,0x0,0x0,0x0
000c1c 0000
000c1d 0000
000c1e 0000
000c1f 0000      	.DB  0x0,0x0,0x0,0x0,0x0,0x0,0x0,0x0
000c20 0000
000c21 0000
000c22 0000
000c23 0000      	.DB  0x0,0x0,0x0,0x0,0x0,0x0,0x0,0x0
000c24 0000
000c25 0000
000c26 0000
000c27 0000      	.DB  0x0,0x0,0x0,0x0,0x0,0x0,0x0,0x0
000c28 0000
000c29 0000
000c2a 0000
000c2b 0000      	.DB  0x0,0x0,0x0,0x0,0x0,0x0,0x0,0x0
000c2c 0000
000c2d 0000
000c2e 0000
000c2f 0000      	.DB  0x0,0x0,0x0,0x0,0x0,0x0,0x0,0x0
000c30 0000
000c31 0000
000c32 0000
000c33 0000      	.DB  0x0,0x0,0x0,0x0,0x0,0x0,0x0,0x0
000c34 0000
000c35 0000      	.DB  0x0,0x0,0x0,0x0
                 _f7:
000c36 0080
000c37 0040
000c38 0000
000c39 0000      	.DB  0x80,0x0,0x40,0x0,0x0,0x0,0x0,0x0
000c3a 0000
000c3b 0000
000c3c 0000
000c3d 0000      	.DB  0x0,0x0,0x0,0x0,0x0,0x0,0x0,0x0
000c3e 0000
000c3f 0000
000c40 0000
000c41 0000      	.DB  0x0,0x0,0x0,0x0,0x0,0x0,0x0,0x0
000c42 0000
000c43 0000
000c44 0000
000c45 0000      	.DB  0x0,0x0,0x0,0x0,0x0,0x0,0x0,0x0
000c46 0000
000c47 0000
000c48 0000
000c49 0000      	.DB  0x0,0x0,0x0,0x0,0x0,0x0,0x0,0x0
000c4a 0000
000c4b 0000
000c4c 0000
000c4d 0000      	.DB  0x0,0x0,0x0,0x0,0x0,0x0,0x0,0x0
000c4e 0000
000c4f 0000
000c50 0000
000c51 0000      	.DB  0x0,0x0,0x0,0x0,0x0,0x0,0x0,0x0
000c52 0000
000c53 0000
000c54 0000
000c55 0000      	.DB  0x0,0x0,0x0,0x0,0x0,0x0,0x0,0x0
000c56 0000
000c57 0000
000c58 0000
000c59 0000      	.DB  0x0,0x0,0x0,0x0,0x0,0x0,0x0,0x0
000c5a 0000
000c5b 0000
000c5c 0000
000c5d 0000      	.DB  0x0,0x0,0x0,0x0,0x0,0x0,0x0,0x0
000c5e 0000
000c5f 0000
000c60 0000
000c61 0000      	.DB  0x0,0x0,0x0,0x0,0x0,0x0,0x0,0x0
000c62 0000
000c63 0000
000c64 0000
000c65 0000      	.DB  0x0,0x0,0x0,0x0,0x0,0x0,0x0,0x0
000c66 0000
000c67 0000
000c68 0000
000c69 0000      	.DB  0x0,0x0,0x0,0x0,0x0,0x0,0x0,0x0
000c6a 0000
000c6b 0000
000c6c 0000
000c6d 0000      	.DB  0x0,0x0,0x0,0x0,0x0,0x0,0x0,0x0
000c6e 0000
000c6f 0000
000c70 0000
000c71 0000      	.DB  0x0,0x0,0x0,0x0,0x0,0x0,0x0,0x0
000c72 0000
000c73 0000
000c74 0000
000c75 0000      	.DB  0x0,0x0,0x0,0x0,0x0,0x0,0x0,0x0
000c76 0000
000c77 0000
000c78 0000
000c79 0000      	.DB  0x0,0x0,0x0,0x0,0x0,0x0,0x0,0x0
000c7a 0000
000c7b 0000
000c7c 0000
000c7d 0000      	.DB  0x0,0x0,0x0,0x0,0x0,0x0,0x0,0x0
000c7e 0000
000c7f 0000
000c80 0000
000c81 0000      	.DB  0x0,0x0,0x0,0x0,0x0,0x0,0x0,0x0
000c82 0000
000c83 0000
000c84 0000
000c85 0000      	.DB  0x0,0x0,0x0,0x0,0x0,0x0,0x0,0x0
000c86 0000
000c87 0000
000c88 0000
000c89 0000      	.DB  0x0,0x0,0x0,0x0,0x0,0x0,0x0,0x0
000c8a 0000
000c8b 0000
000c8c 0000
000c8d 0000      	.DB  0x0,0x0,0x0,0x0,0x0,0x0,0x0,0x0
000c8e 0000
000c8f 0000
000c90 0000
000c91 0000      	.DB  0x0,0x0,0x0,0x0,0x0,0x0,0x0,0x0
000c92 0e04
000c93 0e0e
000c94 3e1e
000c95 fd3f      	.DB  0x4,0xE,0xE,0xE,0x1E,0x3E,0x3F,0xFD
000c96 f8fc
000c97 f8f8
000c98 1c7d
000c99 080c      	.DB  0xFC,0xF8,0xF8,0xF8,0x7D,0x1C,0xC,0x8
000c9a 0002
000c9b 0000
000c9c 1010
000c9d 3010      	.DB  0x2,0x0,0x0,0x0,0x10,0x10,0x10,0x30
000c9e 0000
000c9f 0000
000ca0 0000
000ca1 0000      	.DB  0x0,0x0,0x0,0x0,0x0,0x0,0x0,0x0
000ca2 0000
000ca3 0000
000ca4 0000
000ca5 0000      	.DB  0x0,0x0,0x0,0x0,0x0,0x0,0x0,0x0
000ca6 0000
000ca7 0000
000ca8 0000
000ca9 0000      	.DB  0x0,0x0,0x0,0x0,0x0,0x0,0x0,0x0
000caa 0000
000cab 0000
000cac 0000
000cad 0000      	.DB  0x0,0x0,0x0,0x0,0x0,0x0,0x0,0x0
000cae 0000
000caf 0000
000cb0 0000
000cb1 0000      	.DB  0x0,0x0,0x0,0x0,0x0,0x0,0x0,0x0
000cb2 0000
000cb3 0000
000cb4 0000
000cb5 0000      	.DB  0x0,0x0,0x0,0x0,0x0,0x0,0x0,0x0
000cb6 0000
000cb7 0000
000cb8 0000
000cb9 0000      	.DB  0x0,0x0,0x0,0x0,0x0,0x0,0x0,0x0
000cba 0000
000cbb 0000
000cbc 0000
000cbd 0000      	.DB  0x0,0x0,0x0,0x0,0x0,0x0,0x0,0x0
000cbe 0000
000cbf 0000
000cc0 0000
000cc1 0000      	.DB  0x0,0x0,0x0,0x0,0x0,0x0,0x0,0x0
000cc2 0000
000cc3 0000
000cc4 0000
000cc5 0000      	.DB  0x0,0x0,0x0,0x0,0x0,0x0,0x0,0x0
000cc6 0000
000cc7 0000
000cc8 0000
000cc9 0000      	.DB  0x0,0x0,0x0,0x0,0x0,0x0,0x0,0x0
000cca 0000
000ccb 0000
000ccc 0000
000ccd 0000      	.DB  0x0,0x0,0x0,0x0,0x0,0x0,0x0,0x0
000cce 0000
000ccf 0000
000cd0 6040
000cd1 7870      	.DB  0x0,0x0,0x0,0x0,0x40,0x60,0x70,0x78
000cd2 7c7c
000cd3 fe7e
000cd4 fefe
000cd5 ffff      	.DB  0x7C,0x7C,0x7E,0xFE,0xFE,0xFE,0xFF,0xFF
000cd6 ffff
000cd7 f2ff
000cd8 0080
000cd9 0000      	.DB  0xFF,0xFF,0xFF,0xF2,0x80,0x0,0x0,0x0
000cda 0000
000cdb 0000
000cdc 0000
000cdd f000      	.DB  0x0,0x0,0x0,0x0,0x0,0x0,0x0,0xF0
000cde 40e0
000cdf 0084
000ce0 0000
000ce1 0000      	.DB  0xE0,0x40,0x84,0x0,0x0,0x0,0x0,0x0
000ce2 0000
000ce3 0000
000ce4 0000
000ce5 0000      	.DB  0x0,0x0,0x0,0x0,0x0,0x0,0x0,0x0
000ce6 0000
000ce7 0000
000ce8 0000
000ce9 0000      	.DB  0x0,0x0,0x0,0x0,0x0,0x0,0x0,0x0
000cea 0000
000ceb 0000
000cec 0000
000ced 0000      	.DB  0x0,0x0,0x0,0x0,0x0,0x0,0x0,0x0
000cee 0000
000cef 0000
000cf0 0000
000cf1 0000      	.DB  0x0,0x0,0x0,0x0,0x0,0x0,0x0,0x0
000cf2 0000
000cf3 0000
000cf4 0000
000cf5 0000      	.DB  0x0,0x0,0x0,0x0,0x0,0x0,0x0,0x0
000cf6 0000
000cf7 0000
000cf8 0000
000cf9 0000      	.DB  0x0,0x0,0x0,0x0,0x0,0x0,0x0,0x0
000cfa 0000
000cfb 0000
000cfc 0000
000cfd 0000      	.DB  0x0,0x0,0x0,0x0,0x0,0x0,0x0,0x0
000cfe 0000
000cff 0000
000d00 0000
000d01 0000      	.DB  0x0,0x0,0x0,0x0,0x0,0x0,0x0,0x0
000d02 0000
000d03 0000
000d04 0000
000d05 0000      	.DB  0x0,0x0,0x0,0x0,0x0,0x0,0x0,0x0
000d06 0000
000d07 0000
000d08 0000
000d09 0000      	.DB  0x0,0x0,0x0,0x0,0x0,0x0,0x0,0x0
000d0a 0000
000d0b 0000
000d0c 0000
000d0d 0000      	.DB  0x0,0x0,0x0,0x0,0x0,0x0,0x0,0x0
000d0e 0000
000d0f 0000
000d10 0000
000d11 c080      	.DB  0x0,0x0,0x0,0x0,0x0,0x0,0x80,0xC0
000d12 f8f0
000d13 fcf8
000d14 fcfc
000d15 ffff      	.DB  0xF0,0xF8,0xF8,0xFC,0xFC,0xFC,0xFF,0xFF
000d16 ffff
000d17 ffff
000d18 ffff
000d19 c5fb      	.DB  0xFF,0xFF,0xFF,0xFF,0xFF,0xFF,0xFB,0xC5
000d1a 8080
000d1b 8080
000d1c 8080
000d1d 2100      	.DB  0x80,0x80,0x80,0x80,0x80,0x80,0x0,0x21
000d1e 0801
000d1f 0c0f
000d20 0000
000d21 0000      	.DB  0x1,0x8,0xF,0xC,0x0,0x0,0x0,0x0
000d22 0000
000d23 0000
000d24 0000
000d25 0000      	.DB  0x0,0x0,0x0,0x0,0x0,0x0,0x0,0x0
000d26 0000
000d27 0000
000d28 0000
000d29 0000      	.DB  0x0,0x0,0x0,0x0,0x0,0x0,0x0,0x0
000d2a 0000
000d2b 0000
000d2c 0000
000d2d 0000      	.DB  0x0,0x0,0x0,0x0,0x0,0x0,0x0,0x0
000d2e 0000
000d2f 0000
000d30 0000
000d31 0000      	.DB  0x0,0x0,0x0,0x0,0x0,0x0,0x0,0x0
000d32 0000
000d33 0000
000d34 0000
000d35 0000      	.DB  0x0,0x0,0x0,0x0,0x0,0x0,0x0,0x0
000d36 0000
000d37 0000
000d38 0000
000d39 0000      	.DB  0x0,0x0,0x0,0x0,0x0,0x0,0x0,0x0
000d3a 0000
000d3b 0000
000d3c 0000
000d3d 0000      	.DB  0x0,0x0,0x0,0x0,0x0,0x0,0x0,0x0
000d3e 0000
000d3f 0000
000d40 0000
000d41 0000      	.DB  0x0,0x0,0x0,0x0,0x0,0x0,0x0,0x0
000d42 0000
000d43 0000
000d44 0000
000d45 0000      	.DB  0x0,0x0,0x0,0x0,0x0,0x0,0x0,0x0
000d46 0000
000d47 0000
000d48 0000
000d49 0000      	.DB  0x0,0x0,0x0,0x0,0x0,0x0,0x0,0x0
000d4a 0000
000d4b 0000
000d4c 0000
000d4d 0000      	.DB  0x0,0x0,0x0,0x0,0x0,0x0,0x0,0x0
000d4e 0000
000d4f 0000
000d50 0000
000d51 0001      	.DB  0x0,0x0,0x0,0x0,0x0,0x0,0x1,0x0
000d52 0000
000d53 f8c0
000d54 3ef8
000d55 1f3f      	.DB  0x0,0x0,0xC0,0xF8,0xF8,0x3E,0x3F,0x1F
000d56 070f
000d57 b70b
000d58 5ff9
000d59 039e      	.DB  0xF,0x7,0xB,0xB7,0xF9,0x5F,0x9E,0x3
000d5a 0301
000d5b 0000
000d5c 0000
000d5d 0000      	.DB  0x1,0x3,0x0,0x0,0x0,0x0,0x0,0x0
000d5e 0000
000d5f 0000
000d60 0000
000d61 0000      	.DB  0x0,0x0,0x0,0x0,0x0,0x0,0x0,0x0
000d62 0000
000d63 0000
000d64 0000
000d65 0000      	.DB  0x0,0x0,0x0,0x0,0x0,0x0,0x0,0x0
000d66 0000
000d67 0000
000d68 0000
000d69 0000      	.DB  0x0,0x0,0x0,0x0,0x0,0x0,0x0,0x0
000d6a 0000
000d6b 0000
000d6c 0000
000d6d 0000      	.DB  0x0,0x0,0x0,0x0,0x0,0x0,0x0,0x0
000d6e 0000
000d6f 0000
000d70 0000
000d71 0000      	.DB  0x0,0x0,0x0,0x0,0x0,0x0,0x0,0x0
000d72 0000
000d73 0000
000d74 0000
000d75 0000      	.DB  0x0,0x0,0x0,0x0,0x0,0x0,0x0,0x0
000d76 0000
000d77 0000
000d78 0000
000d79 0000      	.DB  0x0,0x0,0x0,0x0,0x0,0x0,0x0,0x0
000d7a 0000
000d7b 0000
000d7c 0000
000d7d 0000      	.DB  0x0,0x0,0x0,0x0,0x0,0x0,0x0,0x0
000d7e 0000
000d7f 0000
000d80 0000
000d81 0000      	.DB  0x0,0x0,0x0,0x0,0x0,0x0,0x0,0x0
000d82 0000
000d83 0000
000d84 0000
000d85 0000      	.DB  0x0,0x0,0x0,0x0,0x0,0x0,0x0,0x0
000d86 0000
000d87 0000
000d88 0000
000d89 0000      	.DB  0x0,0x0,0x0,0x0,0x0,0x0,0x0,0x0
000d8a 0000
000d8b 0000
000d8c 0000
000d8d 0000      	.DB  0x0,0x0,0x0,0x0,0x0,0x0,0x0,0x0
000d8e 0000
000d8f 0000
000d90 c000
000d91 e0f0      	.DB  0x0,0x0,0x0,0x0,0x0,0xC0,0xF0,0xE0
000d92 c2e0
000d93 83c3
000d94 c483
000d95 40c0      	.DB  0xE0,0xC2,0xC3,0x83,0x83,0xC4,0xC0,0x40
000d96 c0c0
000d97 60c0
000d98 013f
000d99 0001      	.DB  0xC0,0xC0,0xC0,0x60,0x3F,0x1,0x1,0x0
000d9a 0000
000d9b 0000
000d9c 0000
000d9d 0000      	.DB  0x0,0x0,0x0,0x0,0x0,0x0,0x0,0x0
000d9e 0000
000d9f 0000
000da0 0000
000da1 0000      	.DB  0x0,0x0,0x0,0x0,0x0,0x0,0x0,0x0
000da2 0000
000da3 0000
000da4 0000
000da5 0000      	.DB  0x0,0x0,0x0,0x0,0x0,0x0,0x0,0x0
000da6 0000
000da7 0000
000da8 0000
000da9 0000      	.DB  0x0,0x0,0x0,0x0,0x0,0x0,0x0,0x0
000daa 0000
000dab 0000
000dac 0000
000dad 0000      	.DB  0x0,0x0,0x0,0x0,0x0,0x0,0x0,0x0
000dae 0000
000daf 0000
000db0 0000
000db1 0000      	.DB  0x0,0x0,0x0,0x0,0x0,0x0,0x0,0x0
000db2 0000
000db3 0000
000db4 0000
000db5 0000      	.DB  0x0,0x0,0x0,0x0,0x0,0x0,0x0,0x0
000db6 0000
000db7 0000
000db8 0000
000db9 0000      	.DB  0x0,0x0,0x0,0x0,0x0,0x0,0x0,0x0
000dba 0000
000dbb 0000
000dbc 0000
000dbd 0000      	.DB  0x0,0x0,0x0,0x0,0x0,0x0,0x0,0x0
000dbe 0000
000dbf 0000
000dc0 0000
000dc1 0000      	.DB  0x0,0x0,0x0,0x0,0x0,0x0,0x0,0x0
000dc2 0000
000dc3 0000
000dc4 0000
000dc5 0000      	.DB  0x0,0x0,0x0,0x0,0x0,0x0,0x0,0x0
000dc6 0000
000dc7 0000
000dc8 0000
000dc9 0000      	.DB  0x0,0x0,0x0,0x0,0x0,0x0,0x0,0x0
000dca 0000
000dcb 0000
000dcc 0000
000dcd 0000      	.DB  0x0,0x0,0x0,0x0,0x0,0x0,0x0,0x0
000dce 0000
000dcf 0000
000dd0 0300
000dd1 0707      	.DB  0x0,0x0,0x0,0x0,0x0,0x3,0x7,0x7
000dd2 0707
000dd3 0f0f
000dd4 010f
000dd5 1c10      	.DB  0x7,0x7,0xF,0xF,0xF,0x1,0x10,0x1C
000dd6 7c7c
000dd7 faff
000dd8 f8fa
000dd9 fcf8      	.DB  0x7C,0x7C,0xFF,0xFA,0xFA,0xF8,0xF8,0xFC
000dda f0fc
000ddb 0080
000ddc 7c7c
000ddd 3c7c      	.DB  0xFC,0xF0,0x80,0x0,0x7C,0x7C,0x7C,0x3C
000dde 1c1c
000ddf 000c
000de0 0000
000de1 0000      	.DB  0x1C,0x1C,0xC,0x0,0x0,0x0,0x0,0x0
000de2 0000
000de3 0000
000de4 0000
000de5 0000      	.DB  0x0,0x0,0x0,0x0,0x0,0x0,0x0,0x0
000de6 0000
000de7 0000
000de8 0000
000de9 0000      	.DB  0x0,0x0,0x0,0x0,0x0,0x0,0x0,0x0
000dea 0000
000deb 0000
000dec 0000
000ded 0000      	.DB  0x0,0x0,0x0,0x0,0x0,0x0,0x0,0x0
000dee 0000
000def 0000
000df0 0000
000df1 0000      	.DB  0x0,0x0,0x0,0x0,0x0,0x0,0x0,0x0
000df2 0000
000df3 0000
000df4 0000
000df5 0000      	.DB  0x0,0x0,0x0,0x0,0x0,0x0,0x0,0x0
000df6 0000
000df7 0000
000df8 0000
000df9 0000      	.DB  0x0,0x0,0x0,0x0,0x0,0x0,0x0,0x0
000dfa 0000
000dfb 0000
000dfc 0000
000dfd 0000      	.DB  0x0,0x0,0x0,0x0,0x0,0x0,0x0,0x0
000dfe 0000
000dff 0000
000e00 0000
000e01 0000      	.DB  0x0,0x0,0x0,0x0,0x0,0x0,0x0,0x0
000e02 0000
000e03 0000
000e04 0000
000e05 0000      	.DB  0x0,0x0,0x0,0x0,0x0,0x0,0x0,0x0
000e06 0000
000e07 0000
000e08 0000
000e09 0000      	.DB  0x0,0x0,0x0,0x0,0x0,0x0,0x0,0x0
000e0a 0000
000e0b 0000
000e0c 0000
000e0d 0000      	.DB  0x0,0x0,0x0,0x0,0x0,0x0,0x0,0x0
000e0e 0000
000e0f 0000
000e10 0000
000e11 0000      	.DB  0x0,0x0,0x0,0x0,0x0,0x0,0x0,0x0
000e12 0000
000e13 0000
000e14 0000
000e15 0000      	.DB  0x0,0x0,0x0,0x0,0x0,0x0,0x0,0x0
000e16 0000
000e17 0000
000e18 0000
000e19 0000      	.DB  0x0,0x0,0x0,0x0,0x0,0x0,0x0,0x0
000e1a 0000
000e1b 0000
000e1c 0000
000e1d 0000      	.DB  0x0,0x0,0x0,0x0,0x0,0x0,0x0,0x0
000e1e 0000
000e1f 0000
000e20 0000
000e21 0000      	.DB  0x0,0x0,0x0,0x0,0x0,0x0,0x0,0x0
000e22 0000
000e23 0000
000e24 0000
000e25 0000      	.DB  0x0,0x0,0x0,0x0,0x0,0x0,0x0,0x0
000e26 0000
000e27 0000
000e28 0000
000e29 0000      	.DB  0x0,0x0,0x0,0x0,0x0,0x0,0x0,0x0
000e2a 0000
000e2b 0000
000e2c 0000
000e2d 0000      	.DB  0x0,0x0,0x0,0x0,0x0,0x0,0x0,0x0
000e2e 0000
000e2f 0000
000e30 0000
000e31 0000      	.DB  0x0,0x0,0x0,0x0,0x0,0x0,0x0,0x0
000e32 0000
000e33 0000
000e34 0000
000e35 0000      	.DB  0x0,0x0,0x0,0x0,0x0,0x0,0x0,0x0
000e36 0000
000e37 0000      	.DB  0x0,0x0,0x0,0x0
                 _f8:
000e38 0080
000e39 0040
000e3a 0000
000e3b 0000      	.DB  0x80,0x0,0x40,0x0,0x0,0x0,0x0,0x0
000e3c 0000
000e3d 0000
000e3e 0000
000e3f 0000      	.DB  0x0,0x0,0x0,0x0,0x0,0x0,0x0,0x0
000e40 0000
000e41 0000
000e42 0000
000e43 0000      	.DB  0x0,0x0,0x0,0x0,0x0,0x0,0x0,0x0
000e44 0000
000e45 0000
000e46 0000
000e47 0000      	.DB  0x0,0x0,0x0,0x0,0x0,0x0,0x0,0x0
000e48 0000
000e49 0000
000e4a 0000
000e4b 0000      	.DB  0x0,0x0,0x0,0x0,0x0,0x0,0x0,0x0
000e4c 0000
000e4d 0000
000e4e 0000
000e4f 0000      	.DB  0x0,0x0,0x0,0x0,0x0,0x0,0x0,0x0
000e50 0000
000e51 0000
000e52 0000
000e53 0000      	.DB  0x0,0x0,0x0,0x0,0x0,0x0,0x0,0x0
000e54 0000
000e55 0000
000e56 0000
000e57 0000      	.DB  0x0,0x0,0x0,0x0,0x0,0x0,0x0,0x0
000e58 0000
000e59 0000
000e5a 0000
000e5b 0000      	.DB  0x0,0x0,0x0,0x0,0x0,0x0,0x0,0x0
000e5c 0000
000e5d 0000
000e5e 0000
000e5f 0000      	.DB  0x0,0x0,0x0,0x0,0x0,0x0,0x0,0x0
000e60 0000
000e61 0000
000e62 0000
000e63 0000      	.DB  0x0,0x0,0x0,0x0,0x0,0x0,0x0,0x0
000e64 0000
000e65 0000
000e66 0000
000e67 0000      	.DB  0x0,0x0,0x0,0x0,0x0,0x0,0x0,0x0
000e68 0000
000e69 0000
000e6a 0000
000e6b 0000      	.DB  0x0,0x0,0x0,0x0,0x0,0x0,0x0,0x0
000e6c 0000
000e6d 0000
000e6e 0000
000e6f 0000      	.DB  0x0,0x0,0x0,0x0,0x0,0x0,0x0,0x0
000e70 0000
000e71 0000
000e72 0000
000e73 0000      	.DB  0x0,0x0,0x0,0x0,0x0,0x0,0x0,0x0
000e74 0000
000e75 0000
000e76 0000
000e77 0000      	.DB  0x0,0x0,0x0,0x0,0x0,0x0,0x0,0x0
000e78 0000
000e79 0000
000e7a 0000
000e7b 0000      	.DB  0x0,0x0,0x0,0x0,0x0,0x0,0x0,0x0
000e7c 0000
000e7d 0000
000e7e 0000
000e7f 0000      	.DB  0x0,0x0,0x0,0x0,0x0,0x0,0x0,0x0
000e80 0000
000e81 0000
000e82 0000
000e83 0000      	.DB  0x0,0x0,0x0,0x0,0x0,0x0,0x0,0x0
000e84 0000
000e85 0000
000e86 0000
000e87 0000      	.DB  0x0,0x0,0x0,0x0,0x0,0x0,0x0,0x0
000e88 0000
000e89 0000
000e8a 0000
000e8b 0000      	.DB  0x0,0x0,0x0,0x0,0x0,0x0,0x0,0x0
000e8c 0000
000e8d 0000
000e8e 0000
000e8f 0000      	.DB  0x0,0x0,0x0,0x0,0x0,0x0,0x0,0x0
000e90 0000
000e91 0000
000e92 0000
000e93 0000      	.DB  0x0,0x0,0x0,0x0,0x0,0x0,0x0,0x0
000e94 0000
000e95 0e0e
000e96 1e0e
000e97 ff3e      	.DB  0x0,0x0,0xE,0xE,0xE,0x1E,0x3E,0xFF
000e98 ffff
000e99 fdff
000e9a 0e85
000e9b 2232      	.DB  0xFF,0xFF,0xFF,0xFD,0x85,0xE,0x32,0x22
000e9c 0002
000e9d 0000
000e9e 1010
000e9f 6020      	.DB  0x2,0x0,0x0,0x0,0x10,0x10,0x20,0x60
000ea0 f8f0
000ea1 0000
000ea2 0000
000ea3 0000      	.DB  0xF0,0xF8,0x0,0x0,0x0,0x0,0x0,0x0
000ea4 0000
000ea5 0000
000ea6 0000
000ea7 0000      	.DB  0x0,0x0,0x0,0x0,0x0,0x0,0x0,0x0
000ea8 0000
000ea9 0000
000eaa 0000
000eab 0000      	.DB  0x0,0x0,0x0,0x0,0x0,0x0,0x0,0x0
000eac 0000
000ead 0000
000eae 0000
000eaf 0000      	.DB  0x0,0x0,0x0,0x0,0x0,0x0,0x0,0x0
000eb0 0000
000eb1 0000
000eb2 0000
000eb3 0000      	.DB  0x0,0x0,0x0,0x0,0x0,0x0,0x0,0x0
000eb4 0000
000eb5 0000
000eb6 0000
000eb7 0000      	.DB  0x0,0x0,0x0,0x0,0x0,0x0,0x0,0x0
000eb8 0000
000eb9 0000
000eba 0000
000ebb 0000      	.DB  0x0,0x0,0x0,0x0,0x0,0x0,0x0,0x0
000ebc 0000
000ebd 0000
000ebe 0000
000ebf 0000      	.DB  0x0,0x0,0x0,0x0,0x0,0x0,0x0,0x0
000ec0 0000
000ec1 0000
000ec2 0000
000ec3 0000      	.DB  0x0,0x0,0x0,0x0,0x0,0x0,0x0,0x0
000ec4 0000
000ec5 0000
000ec6 0000
000ec7 0000      	.DB  0x0,0x0,0x0,0x0,0x0,0x0,0x0,0x0
000ec8 0000
000ec9 0000
000eca 0000
000ecb 0000      	.DB  0x0,0x0,0x0,0x0,0x0,0x0,0x0,0x0
000ecc 0000
000ecd 0000
000ece 0000
000ecf 0000      	.DB  0x0,0x0,0x0,0x0,0x0,0x0,0x0,0x0
000ed0 0000
000ed1 0000
000ed2 4000
000ed3 7060      	.DB  0x0,0x0,0x0,0x0,0x0,0x40,0x60,0x70
000ed4 7c78
000ed5 fe7c
000ed6 fefe
000ed7 ffff      	.DB  0x78,0x7C,0x7C,0xFE,0xFE,0xFE,0xFF,0xFF
000ed8 ffff
000ed9 e0ff
000eda 8080
000edb 0080      	.DB  0xFF,0xFF,0xFF,0xE0,0x80,0x80,0x80,0x0
000edc 0000
000edd 0000
000ede f000
000edf c0e0      	.DB  0x0,0x0,0x0,0x0,0x0,0xF0,0xE0,0xC0
000ee0 8300
000ee1 00f4
000ee2 0000
000ee3 0000      	.DB  0x0,0x83,0xF4,0x0,0x0,0x0,0x0,0x0
000ee4 0000
000ee5 0000
000ee6 0000
000ee7 0000      	.DB  0x0,0x0,0x0,0x0,0x0,0x0,0x0,0x0
000ee8 0000
000ee9 0000
000eea 0000
000eeb 0000      	.DB  0x0,0x0,0x0,0x0,0x0,0x0,0x0,0x0
000eec 0000
000eed 0000
000eee 0000
000eef 0000      	.DB  0x0,0x0,0x0,0x0,0x0,0x0,0x0,0x0
000ef0 0000
000ef1 0000
000ef2 0000
000ef3 0000      	.DB  0x0,0x0,0x0,0x0,0x0,0x0,0x0,0x0
000ef4 0000
000ef5 0000
000ef6 0000
000ef7 0000      	.DB  0x0,0x0,0x0,0x0,0x0,0x0,0x0,0x0
000ef8 0000
000ef9 0000
000efa 0000
000efb 0000      	.DB  0x0,0x0,0x0,0x0,0x0,0x0,0x0,0x0
000efc 0000
000efd 0000
000efe 0000
000eff 0000      	.DB  0x0,0x0,0x0,0x0,0x0,0x0,0x0,0x0
000f00 0000
000f01 0000
000f02 0000
000f03 0000      	.DB  0x0,0x0,0x0,0x0,0x0,0x0,0x0,0x0
000f04 0000
000f05 0000
000f06 0000
000f07 0000      	.DB  0x0,0x0,0x0,0x0,0x0,0x0,0x0,0x0
000f08 0000
000f09 0000
000f0a 0000
000f0b 0000      	.DB  0x0,0x0,0x0,0x0,0x0,0x0,0x0,0x0
000f0c 0000
000f0d 0000
000f0e 0000
000f0f 0000      	.DB  0x0,0x0,0x0,0x0,0x0,0x0,0x0,0x0
000f10 0000
000f11 0000
000f12 0000
000f13 c080      	.DB  0x0,0x0,0x0,0x0,0x0,0x0,0x80,0xC0
000f14 f8f0
000f15 fcf8
000f16 fcfc
000f17 ffff      	.DB  0xF0,0xF8,0xF8,0xFC,0xFC,0xFC,0xFF,0xFF
000f18 ffff
000f19 ffff
000f1a e7ff
000f1b 81c1      	.DB  0xFF,0xFF,0xFF,0xFF,0xFF,0xE7,0xC1,0x81
000f1c 8081
000f1d 8080
000f1e e180
000f1f 68e1      	.DB  0x81,0x80,0x80,0x80,0x80,0xE1,0xE1,0x68
000f20 0f08
000f21 0008
000f22 0000
000f23 0000      	.DB  0x8,0xF,0x8,0x0,0x0,0x0,0x0,0x0
000f24 0000
000f25 0000
000f26 0000
000f27 0000      	.DB  0x0,0x0,0x0,0x0,0x0,0x0,0x0,0x0
000f28 0000
000f29 0000
000f2a 0000
000f2b 0000      	.DB  0x0,0x0,0x0,0x0,0x0,0x0,0x0,0x0
000f2c 0000
000f2d 0000
000f2e 0000
000f2f 0000      	.DB  0x0,0x0,0x0,0x0,0x0,0x0,0x0,0x0
000f30 0000
000f31 0000
000f32 0000
000f33 0000      	.DB  0x0,0x0,0x0,0x0,0x0,0x0,0x0,0x0
000f34 0000
000f35 0000
000f36 0000
000f37 0000      	.DB  0x0,0x0,0x0,0x0,0x0,0x0,0x0,0x0
000f38 0000
000f39 0000
000f3a 0000
000f3b 0000      	.DB  0x0,0x0,0x0,0x0,0x0,0x0,0x0,0x0
000f3c 0000
000f3d 0000
000f3e 0000
000f3f 0000      	.DB  0x0,0x0,0x0,0x0,0x0,0x0,0x0,0x0
000f40 0000
000f41 0000
000f42 0000
000f43 0000      	.DB  0x0,0x0,0x0,0x0,0x0,0x0,0x0,0x0
000f44 0000
000f45 0000
000f46 0000
000f47 0000      	.DB  0x0,0x0,0x0,0x0,0x0,0x0,0x0,0x0
000f48 0000
000f49 0000
000f4a 0000
000f4b 0000      	.DB  0x0,0x0,0x0,0x0,0x0,0x0,0x0,0x0
000f4c 0000
000f4d 0000
000f4e 0000
000f4f 0000      	.DB  0x0,0x0,0x0,0x0,0x0,0x0,0x0,0x0
000f50 0000
000f51 0000
000f52 0000
000f53 0081      	.DB  0x0,0x0,0x0,0x0,0x0,0x0,0x81,0x0
000f54 0808
000f55 1a48
000f56 3e1a
000f57 fe3e      	.DB  0x8,0x8,0x48,0x1A,0x1A,0x3E,0x3E,0xFE
000f58 9edc
000f59 0107
000f5a 0101
000f5b 1713      	.DB  0xDC,0x9E,0x7,0x1,0x1,0x1,0x13,0x17
000f5c 171f
000f5d 0103
000f5e 0003
000f5f 0000      	.DB  0x1F,0x17,0x3,0x1,0x3,0x0,0x0,0x0
000f60 0000
000f61 0000
000f62 0000
000f63 0000      	.DB  0x0,0x0,0x0,0x0,0x0,0x0,0x0,0x0
000f64 0000
000f65 0000
000f66 0000
000f67 0000      	.DB  0x0,0x0,0x0,0x0,0x0,0x0,0x0,0x0
000f68 0000
000f69 0000
000f6a 0000
000f6b 0000      	.DB  0x0,0x0,0x0,0x0,0x0,0x0,0x0,0x0
000f6c 0000
000f6d 0000
000f6e 0000
000f6f 0000      	.DB  0x0,0x0,0x0,0x0,0x0,0x0,0x0,0x0
000f70 0000
000f71 0000
000f72 0000
000f73 0000      	.DB  0x0,0x0,0x0,0x0,0x0,0x0,0x0,0x0
000f74 0000
000f75 0000
000f76 0000
000f77 0000      	.DB  0x0,0x0,0x0,0x0,0x0,0x0,0x0,0x0
000f78 0000
000f79 0000
000f7a 0000
000f7b 0000      	.DB  0x0,0x0,0x0,0x0,0x0,0x0,0x0,0x0
000f7c 0000
000f7d 0000
000f7e 0000
000f7f 0000      	.DB  0x0,0x0,0x0,0x0,0x0,0x0,0x0,0x0
000f80 0000
000f81 0000
000f82 0000
000f83 0000      	.DB  0x0,0x0,0x0,0x0,0x0,0x0,0x0,0x0
000f84 0000
000f85 0000
000f86 0000
000f87 0000      	.DB  0x0,0x0,0x0,0x0,0x0,0x0,0x0,0x0
000f88 0000
000f89 0000
000f8a 0000
000f8b 0000      	.DB  0x0,0x0,0x0,0x0,0x0,0x0,0x0,0x0
000f8c 0000
000f8d 0000
000f8e 0000
000f8f 0000      	.DB  0x0,0x0,0x0,0x0,0x0,0x0,0x0,0x0
000f90 0000
000f91 0000
000f92 0000
000f93 8000      	.DB  0x0,0x0,0x0,0x0,0x0,0x0,0x0,0x80
000f94 e0c0
000f95 e0e0
000f96 e0f0
000f97 dfe4      	.DB  0xC0,0xE0,0xE0,0xE0,0xF0,0xE0,0xE4,0xDF
000f98 5f9f
000f99 3f1f
000f9a 3e3e
000f9b 4323      	.DB  0x9F,0x5F,0x1F,0x3F,0x3E,0x3E,0x23,0x43
000f9c 7870
000f9d e070
000f9e e0e0
000f9f c0c0      	.DB  0x70,0x78,0x70,0xE0,0xE0,0xE0,0xC0,0xC0
000fa0 0080
000fa1 0000
000fa2 0000
000fa3 0000      	.DB  0x80,0x0,0x0,0x0,0x0,0x0,0x0,0x0
000fa4 0000
000fa5 0000
000fa6 0000
000fa7 0000      	.DB  0x0,0x0,0x0,0x0,0x0,0x0,0x0,0x0
000fa8 0000
000fa9 0000
000faa 0000
000fab 0000      	.DB  0x0,0x0,0x0,0x0,0x0,0x0,0x0,0x0
000fac 0000
000fad 0000
000fae 0000
000faf 0000      	.DB  0x0,0x0,0x0,0x0,0x0,0x0,0x0,0x0
000fb0 0000
000fb1 0000
000fb2 0000
000fb3 0000      	.DB  0x0,0x0,0x0,0x0,0x0,0x0,0x0,0x0
000fb4 0000
000fb5 0000
000fb6 0000
000fb7 0000      	.DB  0x0,0x0,0x0,0x0,0x0,0x0,0x0,0x0
000fb8 0000
000fb9 0000
000fba 0000
000fbb 0000      	.DB  0x0,0x0,0x0,0x0,0x0,0x0,0x0,0x0
000fbc 0000
000fbd 0000
000fbe 0000
000fbf 0000      	.DB  0x0,0x0,0x0,0x0,0x0,0x0,0x0,0x0
000fc0 0000
000fc1 0000
000fc2 0000
000fc3 0000      	.DB  0x0,0x0,0x0,0x0,0x0,0x0,0x0,0x0
000fc4 0000
000fc5 0000
000fc6 0000
000fc7 0000      	.DB  0x0,0x0,0x0,0x0,0x0,0x0,0x0,0x0
000fc8 0000
000fc9 0000
000fca 0000
000fcb 0000      	.DB  0x0,0x0,0x0,0x0,0x0,0x0,0x0,0x0
000fcc 0000
000fcd 0000
000fce 0000
000fcf 0000      	.DB  0x0,0x0,0x0,0x0,0x0,0x0,0x0,0x0
000fd0 0000
000fd1 0000
000fd2 0000
000fd3 0000      	.DB  0x0,0x0,0x0,0x0,0x0,0x0,0x0,0x0
000fd4 0700
000fd5 7f1f
000fd6 7f7f
000fd7 7f7f      	.DB  0x0,0x7,0x1F,0x7F,0x7F,0x7F,0x7F,0x7F
000fd8 607d
000fd9 7840
000fda 6060
000fdb 6060      	.DB  0x7D,0x60,0x40,0x78,0x60,0x60,0x60,0x60
000fdc 0000
000fdd 0000
000fde 0000
000fdf 0000      	.DB  0x0,0x0,0x0,0x0,0x0,0x0,0x0,0x0
000fe0 0000
000fe1 0000
000fe2 0000
000fe3 0000      	.DB  0x0,0x0,0x0,0x0,0x0,0x0,0x0,0x0
000fe4 0000
000fe5 0000
000fe6 0000
000fe7 0000      	.DB  0x0,0x0,0x0,0x0,0x0,0x0,0x0,0x0
000fe8 0000
000fe9 0000
000fea 0000
000feb 0000      	.DB  0x0,0x0,0x0,0x0,0x0,0x0,0x0,0x0
000fec 0000
000fed 0000
000fee 0000
000fef 0000      	.DB  0x0,0x0,0x0,0x0,0x0,0x0,0x0,0x0
000ff0 0000
000ff1 0000
000ff2 0000
000ff3 0000      	.DB  0x0,0x0,0x0,0x0,0x0,0x0,0x0,0x0
000ff4 0000
000ff5 0000
000ff6 0000
000ff7 0000      	.DB  0x0,0x0,0x0,0x0,0x0,0x0,0x0,0x0
000ff8 0000
000ff9 0000
000ffa 0000
000ffb 0000      	.DB  0x0,0x0,0x0,0x0,0x0,0x0,0x0,0x0
000ffc 0000
000ffd 0000
000ffe 0000
000fff 0000      	.DB  0x0,0x0,0x0,0x0,0x0,0x0,0x0,0x0
001000 0000
001001 0000
001002 0000
001003 0000      	.DB  0x0,0x0,0x0,0x0,0x0,0x0,0x0,0x0
001004 0000
001005 0000
001006 0000
001007 0000      	.DB  0x0,0x0,0x0,0x0,0x0,0x0,0x0,0x0
001008 0000
001009 0000
00100a 0000
00100b 0000      	.DB  0x0,0x0,0x0,0x0,0x0,0x0,0x0,0x0
00100c 0000
00100d 0000
00100e 0000
00100f 0000      	.DB  0x0,0x0,0x0,0x0,0x0,0x0,0x0,0x0
001010 0000
001011 0000
001012 0000
001013 0000      	.DB  0x0,0x0,0x0,0x0,0x0,0x0,0x0,0x0
001014 0000
001015 0000
001016 0000
001017 0000      	.DB  0x0,0x0,0x0,0x0,0x0,0x0,0x0,0x0
001018 0000
001019 0000
00101a 0000
00101b 0000      	.DB  0x0,0x0,0x0,0x0,0x0,0x0,0x0,0x0
00101c 0000
00101d 0000
00101e 0000
00101f 0000      	.DB  0x0,0x0,0x0,0x0,0x0,0x0,0x0,0x0
001020 0000
001021 0000
001022 0000
001023 0000      	.DB  0x0,0x0,0x0,0x0,0x0,0x0,0x0,0x0
001024 0000
001025 0000
001026 0000
001027 0000      	.DB  0x0,0x0,0x0,0x0,0x0,0x0,0x0,0x0
001028 0000
001029 0000
00102a 0000
00102b 0000      	.DB  0x0,0x0,0x0,0x0,0x0,0x0,0x0,0x0
00102c 0000
00102d 0000
00102e 0000
00102f 0000      	.DB  0x0,0x0,0x0,0x0,0x0,0x0,0x0,0x0
001030 0000
001031 0000
001032 0000
001033 0000      	.DB  0x0,0x0,0x0,0x0,0x0,0x0,0x0,0x0
001034 0000
001035 0000
001036 0000
001037 0000      	.DB  0x0,0x0,0x0,0x0,0x0,0x0,0x0,0x0
001038 0000
001039 0000      	.DB  0x0,0x0,0x0,0x0
                 _f9:
00103a 0080
00103b 0040
00103c 0000
00103d 0000      	.DB  0x80,0x0,0x40,0x0,0x0,0x0,0x0,0x0
00103e 0000
00103f 0000
001040 0000
001041 0000      	.DB  0x0,0x0,0x0,0x0,0x0,0x0,0x0,0x0
001042 0000
001043 0000
001044 0000
001045 0000      	.DB  0x0,0x0,0x0,0x0,0x0,0x0,0x0,0x0
001046 0000
001047 0000
001048 0000
001049 0000      	.DB  0x0,0x0,0x0,0x0,0x0,0x0,0x0,0x0
00104a 0000
00104b 0000
00104c 0000
00104d 0000      	.DB  0x0,0x0,0x0,0x0,0x0,0x0,0x0,0x0
00104e 0000
00104f 0000
001050 0000
001051 0000      	.DB  0x0,0x0,0x0,0x0,0x0,0x0,0x0,0x0
001052 0000
001053 0000
001054 0000
001055 0000      	.DB  0x0,0x0,0x0,0x0,0x0,0x0,0x0,0x0
001056 0000
001057 0000
001058 0000
001059 0000      	.DB  0x0,0x0,0x0,0x0,0x0,0x0,0x0,0x0
00105a 0000
00105b 0000
00105c 0000
00105d 0000      	.DB  0x0,0x0,0x0,0x0,0x0,0x0,0x0,0x0
00105e 0000
00105f 0000
001060 0000
001061 0000      	.DB  0x0,0x0,0x0,0x0,0x0,0x0,0x0,0x0
001062 0000
001063 0000
001064 0000
001065 0000      	.DB  0x0,0x0,0x0,0x0,0x0,0x0,0x0,0x0
001066 0000
001067 0000
001068 0000
001069 0000      	.DB  0x0,0x0,0x0,0x0,0x0,0x0,0x0,0x0
00106a 0000
00106b 0000
00106c 0000
00106d 0000      	.DB  0x0,0x0,0x0,0x0,0x0,0x0,0x0,0x0
00106e 0000
00106f 0000
001070 0000
001071 0000      	.DB  0x0,0x0,0x0,0x0,0x0,0x0,0x0,0x0
001072 0000
001073 0000
001074 0000
001075 0000      	.DB  0x0,0x0,0x0,0x0,0x0,0x0,0x0,0x0
001076 0000
001077 0000
001078 0000
001079 0000      	.DB  0x0,0x0,0x0,0x0,0x0,0x0,0x0,0x0
00107a 0000
00107b 0000
00107c 0000
00107d 0000      	.DB  0x0,0x0,0x0,0x0,0x0,0x0,0x0,0x0
00107e 0000
00107f 0000
001080 0000
001081 0000      	.DB  0x0,0x0,0x0,0x0,0x0,0x0,0x0,0x0
001082 0000
001083 0000
001084 0000
001085 0000      	.DB  0x0,0x0,0x0,0x0,0x0,0x0,0x0,0x0
001086 0000
001087 0000
001088 0000
001089 0000      	.DB  0x0,0x0,0x0,0x0,0x0,0x0,0x0,0x0
00108a 0000
00108b 0000
00108c 0000
00108d 0000      	.DB  0x0,0x0,0x0,0x0,0x0,0x0,0x0,0x0
00108e 0000
00108f 0000
001090 0000
001091 0000      	.DB  0x0,0x0,0x0,0x0,0x0,0x0,0x0,0x0
001092 0000
001093 0000
001094 0000
001095 0000      	.DB  0x0,0x0,0x0,0x0,0x0,0x0,0x0,0x0
001096 0000
001097 0e0e
001098 1e0e
001099 ff3e      	.DB  0x0,0x0,0xE,0xE,0xE,0x1E,0x3E,0xFF
00109a ffff
00109b fdff
00109c 0e85
00109d 2232      	.DB  0xFF,0xFF,0xFF,0xFD,0x85,0xE,0x32,0x22
00109e 0002
00109f 0008
0010a0 1010
0010a1 6020      	.DB  0x2,0x0,0x8,0x0,0x10,0x10,0x20,0x60
0010a2 f8f0
0010a3 0000
0010a4 0000
0010a5 0000      	.DB  0xF0,0xF8,0x0,0x0,0x0,0x0,0x0,0x0
0010a6 0000
0010a7 0000
0010a8 0000
0010a9 0000      	.DB  0x0,0x0,0x0,0x0,0x0,0x0,0x0,0x0
0010aa 0000
0010ab 0000
0010ac 0000
0010ad 0000      	.DB  0x0,0x0,0x0,0x0,0x0,0x0,0x0,0x0
0010ae 0000
0010af 0000
0010b0 0000
0010b1 0000      	.DB  0x0,0x0,0x0,0x0,0x0,0x0,0x0,0x0
0010b2 0000
0010b3 0000
0010b4 0000
0010b5 0000      	.DB  0x0,0x0,0x0,0x0,0x0,0x0,0x0,0x0
0010b6 0000
0010b7 0000
0010b8 0000
0010b9 0000      	.DB  0x0,0x0,0x0,0x0,0x0,0x0,0x0,0x0
0010ba 0000
0010bb 0000
0010bc 0000
0010bd 0000      	.DB  0x0,0x0,0x0,0x0,0x0,0x0,0x0,0x0
0010be 0000
0010bf 0000
0010c0 0000
0010c1 0000      	.DB  0x0,0x0,0x0,0x0,0x0,0x0,0x0,0x0
0010c2 0000
0010c3 0000
0010c4 0000
0010c5 0000      	.DB  0x0,0x0,0x0,0x0,0x0,0x0,0x0,0x0
0010c6 0000
0010c7 0000
0010c8 0000
0010c9 0000      	.DB  0x0,0x0,0x0,0x0,0x0,0x0,0x0,0x0
0010ca 0000
0010cb 0000
0010cc 0000
0010cd 0000      	.DB  0x0,0x0,0x0,0x0,0x0,0x0,0x0,0x0
0010ce 0000
0010cf 0000
0010d0 0000
0010d1 0000      	.DB  0x0,0x0,0x0,0x0,0x0,0x0,0x0,0x0
0010d2 0000
0010d3 0000
0010d4 4000
0010d5 7060      	.DB  0x0,0x0,0x0,0x0,0x0,0x40,0x60,0x70
0010d6 7c78
0010d7 fe7c
0010d8 fefe
0010d9 ffff      	.DB  0x78,0x7C,0x7C,0xFE,0xFE,0xFE,0xFF,0xFF
0010da ffff
0010db f2ff
0010dc 80c0
0010dd 0080      	.DB  0xFF,0xFF,0xFF,0xF2,0xC0,0x80,0x80,0x0
0010de 0000
0010df 0000
0010e0 f000
0010e1 c0e0      	.DB  0x0,0x0,0x0,0x0,0x0,0xF0,0xE0,0xC0
0010e2 8380
0010e3 00f4
0010e4 0000
0010e5 0000      	.DB  0x80,0x83,0xF4,0x0,0x0,0x0,0x0,0x0
0010e6 0000
0010e7 0000
0010e8 0000
0010e9 0000      	.DB  0x0,0x0,0x0,0x0,0x0,0x0,0x0,0x0
0010ea 0000
0010eb 0000
0010ec 0000
0010ed 0000      	.DB  0x0,0x0,0x0,0x0,0x0,0x0,0x0,0x0
0010ee 0000
0010ef 0000
0010f0 0000
0010f1 0000      	.DB  0x0,0x0,0x0,0x0,0x0,0x0,0x0,0x0
0010f2 0000
0010f3 0000
0010f4 0000
0010f5 0000      	.DB  0x0,0x0,0x0,0x0,0x0,0x0,0x0,0x0
0010f6 0000
0010f7 0000
0010f8 0000
0010f9 0000      	.DB  0x0,0x0,0x0,0x0,0x0,0x0,0x0,0x0
0010fa 0000
0010fb 0000
0010fc 0000
0010fd 0000      	.DB  0x0,0x0,0x0,0x0,0x0,0x0,0x0,0x0
0010fe 0000
0010ff 0000
001100 0000
001101 0000      	.DB  0x0,0x0,0x0,0x0,0x0,0x0,0x0,0x0
001102 0000
001103 0000
001104 0000
001105 0000      	.DB  0x0,0x0,0x0,0x0,0x0,0x0,0x0,0x0
001106 0000
001107 0000
001108 0000
001109 0000      	.DB  0x0,0x0,0x0,0x0,0x0,0x0,0x0,0x0
00110a 0000
00110b 0000
00110c 0000
00110d 0000      	.DB  0x0,0x0,0x0,0x0,0x0,0x0,0x0,0x0
00110e 0000
00110f 0000
001110 0000
001111 0000      	.DB  0x0,0x0,0x0,0x0,0x0,0x0,0x0,0x0
001112 0000
001113 0000
001114 0000
001115 c080      	.DB  0x0,0x0,0x0,0x0,0x0,0x0,0x80,0xC0
001116 f8f0
001117 3cf8
001118 bcdc
001119 bfbf      	.DB  0xF0,0xF8,0xF8,0x3C,0xDC,0xBC,0xBF,0xBF
00111a 7f3f
00111b ffff
00111c e7ff
00111d 81c1      	.DB  0x3F,0x7F,0xFF,0xFF,0xFF,0xE7,0xC1,0x81
00111e 8081
00111f 8080
001120 e180
001121 68e1      	.DB  0x81,0x80,0x80,0x80,0x80,0xE1,0xE1,0x68
001122 0f08
001123 0008
001124 0000
001125 0000      	.DB  0x8,0xF,0x8,0x0,0x0,0x0,0x0,0x0
001126 0000
001127 0000
001128 0000
001129 0000      	.DB  0x0,0x0,0x0,0x0,0x0,0x0,0x0,0x0
00112a 0000
00112b 0000
00112c 0000
00112d 0000      	.DB  0x0,0x0,0x0,0x0,0x0,0x0,0x0,0x0
00112e 0000
00112f 0000
001130 0000
001131 0000      	.DB  0x0,0x0,0x0,0x0,0x0,0x0,0x0,0x0
001132 0000
001133 0000
001134 0000
001135 0000      	.DB  0x0,0x0,0x0,0x0,0x0,0x0,0x0,0x0
001136 0000
001137 0000
001138 0000
001139 0000      	.DB  0x0,0x0,0x0,0x0,0x0,0x0,0x0,0x0
00113a 0000
00113b 0000
00113c 0000
00113d 0000      	.DB  0x0,0x0,0x0,0x0,0x0,0x0,0x0,0x0
00113e 0000
00113f 0000
001140 0000
001141 0000      	.DB  0x0,0x0,0x0,0x0,0x0,0x0,0x0,0x0
001142 0000
001143 0000
001144 0000
001145 0000      	.DB  0x0,0x0,0x0,0x0,0x0,0x0,0x0,0x0
001146 0000
001147 0000
001148 0000
001149 0000      	.DB  0x0,0x0,0x0,0x0,0x0,0x0,0x0,0x0
00114a 0000
00114b 0000
00114c 0000
00114d 0000      	.DB  0x0,0x0,0x0,0x0,0x0,0x0,0x0,0x0
00114e 0000
00114f 0000
001150 0000
001151 0000      	.DB  0x0,0x0,0x0,0x0,0x0,0x0,0x0,0x0
001152 0000
001153 0000
001154 0000
001155 0001      	.DB  0x0,0x0,0x0,0x0,0x0,0x0,0x1,0x0
001156 0080
001157 f1c8
001158 f8f0
001159 3f7c      	.DB  0x80,0x0,0xC8,0xF1,0xF0,0xF8,0x7C,0x3F
00115a e0ff
00115b c7ff
00115c 2121
00115d 0181      	.DB  0xFF,0xE0,0xFF,0xC7,0x21,0x21,0x81,0x1
00115e 1f27
00115f 2707
001160 212e
001161 001c      	.DB  0x27,0x1F,0x7,0x27,0x2E,0x21,0x1C,0x0
001162 0000
001163 0000
001164 0000
001165 0000      	.DB  0x0,0x0,0x0,0x0,0x0,0x0,0x0,0x0
001166 0000
001167 0000
001168 0000
001169 0000      	.DB  0x0,0x0,0x0,0x0,0x0,0x0,0x0,0x0
00116a 0000
00116b 0000
00116c 0000
00116d 0000      	.DB  0x0,0x0,0x0,0x0,0x0,0x0,0x0,0x0
00116e 0000
00116f 0000
001170 0000
001171 0000      	.DB  0x0,0x0,0x0,0x0,0x0,0x0,0x0,0x0
001172 0000
001173 0000
001174 0000
001175 0000      	.DB  0x0,0x0,0x0,0x0,0x0,0x0,0x0,0x0
001176 0000
001177 0000
001178 0000
001179 0000      	.DB  0x0,0x0,0x0,0x0,0x0,0x0,0x0,0x0
00117a 0000
00117b 0000
00117c 0000
00117d 0000      	.DB  0x0,0x0,0x0,0x0,0x0,0x0,0x0,0x0
00117e 0000
00117f 0000
001180 0000
001181 0000      	.DB  0x0,0x0,0x0,0x0,0x0,0x0,0x0,0x0
001182 0000
001183 0000
001184 0000
001185 0000      	.DB  0x0,0x0,0x0,0x0,0x0,0x0,0x0,0x0
001186 0000
001187 0000
001188 0000
001189 0000      	.DB  0x0,0x0,0x0,0x0,0x0,0x0,0x0,0x0
00118a 0000
00118b 0000
00118c 0000
00118d 0000      	.DB  0x0,0x0,0x0,0x0,0x0,0x0,0x0,0x0
00118e 0000
00118f 0000
001190 0000
001191 0000      	.DB  0x0,0x0,0x0,0x0,0x0,0x0,0x0,0x0
001192 0000
001193 0000
001194 0000
001195 7e03      	.DB  0x0,0x0,0x0,0x0,0x0,0x0,0x3,0x7E
001196 ff7f
001197 ffff
001198 ffff
001199 047e      	.DB  0x7F,0xFF,0xFF,0xFF,0xFF,0xFF,0x7E,0x4
00119a 0103
00119b 0101
00119c 0101
00119d e2c0      	.DB  0x3,0x1,0x1,0x1,0x1,0x1,0xC0,0xE2
00119e c0c2
00119f e0c0
0011a0 00e0
0011a1 0000      	.DB  0xC2,0xC0,0xC0,0xE0,0xE0,0x0,0x0,0x0
0011a2 e0e0
0011a3 e0e0
0011a4 e0e0
0011a5 40c0      	.DB  0xE0,0xE0,0xE0,0xE0,0xE0,0xE0,0xC0,0x40
0011a6 0000
0011a7 0000
0011a8 0000
0011a9 0000      	.DB  0x0,0x0,0x0,0x0,0x0,0x0,0x0,0x0
0011aa 0000
0011ab 0000
0011ac 0000
0011ad 0000      	.DB  0x0,0x0,0x0,0x0,0x0,0x0,0x0,0x0
0011ae 0000
0011af 0000
0011b0 0000
0011b1 0000      	.DB  0x0,0x0,0x0,0x0,0x0,0x0,0x0,0x0
0011b2 0000
0011b3 0000
0011b4 0000
0011b5 0000      	.DB  0x0,0x0,0x0,0x0,0x0,0x0,0x0,0x0
0011b6 0000
0011b7 0000
0011b8 0000
0011b9 0000      	.DB  0x0,0x0,0x0,0x0,0x0,0x0,0x0,0x0
0011ba 0000
0011bb 0000
0011bc 0000
0011bd 0000      	.DB  0x0,0x0,0x0,0x0,0x0,0x0,0x0,0x0
0011be 0000
0011bf 0000
0011c0 0000
0011c1 0000      	.DB  0x0,0x0,0x0,0x0,0x0,0x0,0x0,0x0
0011c2 0000
0011c3 0000
0011c4 0000
0011c5 0000      	.DB  0x0,0x0,0x0,0x0,0x0,0x0,0x0,0x0
0011c6 0000
0011c7 0000
0011c8 0000
0011c9 0000      	.DB  0x0,0x0,0x0,0x0,0x0,0x0,0x0,0x0
0011ca 0000
0011cb 0000
0011cc 0000
0011cd 0000      	.DB  0x0,0x0,0x0,0x0,0x0,0x0,0x0,0x0
0011ce 0000
0011cf 0000
0011d0 0000
0011d1 0000      	.DB  0x0,0x0,0x0,0x0,0x0,0x0,0x0,0x0
0011d2 0000
0011d3 0000
0011d4 0000
0011d5 0000      	.DB  0x0,0x0,0x0,0x0,0x0,0x0,0x0,0x0
0011d6 0700
0011d7 7f7f
0011d8 7d7d
0011d9 007c      	.DB  0x0,0x7,0x7F,0x7F,0x7D,0x7D,0x7C,0x0
0011da 0000
0011db 0000
0011dc 0000
0011dd 0703      	.DB  0x0,0x0,0x0,0x0,0x0,0x0,0x3,0x7
0011de 0707
0011df 0707
0011e0 0407
0011e1 0404      	.DB  0x7,0x7,0x7,0x7,0x7,0x4,0x4,0x4
0011e2 0303
0011e3 0303
0011e4 0001
0011e5 0000      	.DB  0x3,0x3,0x3,0x3,0x1,0x0,0x0,0x0
0011e6 0000
0011e7 0000
0011e8 0000
0011e9 0000      	.DB  0x0,0x0,0x0,0x0,0x0,0x0,0x0,0x0
0011ea 0000
0011eb 0000
0011ec 0000
0011ed 0000      	.DB  0x0,0x0,0x0,0x0,0x0,0x0,0x0,0x0
0011ee 0000
0011ef 0000
0011f0 0000
0011f1 0000      	.DB  0x0,0x0,0x0,0x0,0x0,0x0,0x0,0x0
0011f2 0000
0011f3 0000
0011f4 0000
0011f5 0000      	.DB  0x0,0x0,0x0,0x0,0x0,0x0,0x0,0x0
0011f6 0000
0011f7 0000
0011f8 0000
0011f9 0000      	.DB  0x0,0x0,0x0,0x0,0x0,0x0,0x0,0x0
0011fa 0000
0011fb 0000
0011fc 0000
0011fd 0000      	.DB  0x0,0x0,0x0,0x0,0x0,0x0,0x0,0x0
0011fe 0000
0011ff 0000
001200 0000
001201 0000      	.DB  0x0,0x0,0x0,0x0,0x0,0x0,0x0,0x0
001202 0000
001203 0000
001204 0000
001205 0000      	.DB  0x0,0x0,0x0,0x0,0x0,0x0,0x0,0x0
001206 0000
001207 0000
001208 0000
001209 0000      	.DB  0x0,0x0,0x0,0x0,0x0,0x0,0x0,0x0
00120a 0000
00120b 0000
00120c 0000
00120d 0000      	.DB  0x0,0x0,0x0,0x0,0x0,0x0,0x0,0x0
00120e 0000
00120f 0000
001210 0000
001211 0000      	.DB  0x0,0x0,0x0,0x0,0x0,0x0,0x0,0x0
001212 0000
001213 0000
001214 0000
001215 0000      	.DB  0x0,0x0,0x0,0x0,0x0,0x0,0x0,0x0
001216 0000
001217 0000
001218 0000
001219 0000      	.DB  0x0,0x0,0x0,0x0,0x0,0x0,0x0,0x0
00121a 0000
00121b 0000
00121c 0000
00121d 0000      	.DB  0x0,0x0,0x0,0x0,0x0,0x0,0x0,0x0
00121e 0000
00121f 0000
001220 0000
001221 0000      	.DB  0x0,0x0,0x0,0x0,0x0,0x0,0x0,0x0
001222 0000
001223 0000
001224 0000
001225 0000      	.DB  0x0,0x0,0x0,0x0,0x0,0x0,0x0,0x0
001226 0000
001227 0000
001228 0000
001229 0000      	.DB  0x0,0x0,0x0,0x0,0x0,0x0,0x0,0x0
00122a 0000
00122b 0000
00122c 0000
00122d 0000      	.DB  0x0,0x0,0x0,0x0,0x0,0x0,0x0,0x0
00122e 0000
00122f 0000
001230 0000
001231 0000      	.DB  0x0,0x0,0x0,0x0,0x0,0x0,0x0,0x0
001232 0000
001233 0000
001234 0000
001235 0000      	.DB  0x0,0x0,0x0,0x0,0x0,0x0,0x0,0x0
001236 0000
001237 0000
001238 0000
001239 0000      	.DB  0x0,0x0,0x0,0x0,0x0,0x0,0x0,0x0
00123a 0000
00123b 0000      	.DB  0x0,0x0,0x0,0x0
                 _f10:
00123c 0080
00123d 0040
00123e 0000
00123f 0000      	.DB  0x80,0x0,0x40,0x0,0x0,0x0,0x0,0x0
001240 0000
001241 0000
001242 0000
001243 0000      	.DB  0x0,0x0,0x0,0x0,0x0,0x0,0x0,0x0
001244 0000
001245 0000
001246 0000
001247 0000      	.DB  0x0,0x0,0x0,0x0,0x0,0x0,0x0,0x0
001248 0000
001249 0000
00124a 0000
00124b 0000      	.DB  0x0,0x0,0x0,0x0,0x0,0x0,0x0,0x0
00124c 0000
00124d 0000
00124e 0000
00124f 0000      	.DB  0x0,0x0,0x0,0x0,0x0,0x0,0x0,0x0
001250 0000
001251 0000
001252 0000
001253 0000      	.DB  0x0,0x0,0x0,0x0,0x0,0x0,0x0,0x0
001254 0000
001255 0000
001256 0000
001257 0000      	.DB  0x0,0x0,0x0,0x0,0x0,0x0,0x0,0x0
001258 0000
001259 0000
00125a 0000
00125b 0000      	.DB  0x0,0x0,0x0,0x0,0x0,0x0,0x0,0x0
00125c 0000
00125d 0000
00125e 0000
00125f 0000      	.DB  0x0,0x0,0x0,0x0,0x0,0x0,0x0,0x0
001260 0000
001261 0000
001262 0000
001263 0000      	.DB  0x0,0x0,0x0,0x0,0x0,0x0,0x0,0x0
001264 0000
001265 0000
001266 0000
001267 0000      	.DB  0x0,0x0,0x0,0x0,0x0,0x0,0x0,0x0
001268 0000
001269 0000
00126a 0000
00126b 0000      	.DB  0x0,0x0,0x0,0x0,0x0,0x0,0x0,0x0
00126c 0000
00126d 0000
00126e 0000
00126f 0000      	.DB  0x0,0x0,0x0,0x0,0x0,0x0,0x0,0x0
001270 0000
001271 0000
001272 0000
001273 0000      	.DB  0x0,0x0,0x0,0x0,0x0,0x0,0x0,0x0
001274 0000
001275 0000
001276 0000
001277 0000      	.DB  0x0,0x0,0x0,0x0,0x0,0x0,0x0,0x0
001278 0000
001279 0000
00127a 0000
00127b 0000      	.DB  0x0,0x0,0x0,0x0,0x0,0x0,0x0,0x0
00127c 0000
00127d 0000
00127e 0000
00127f 0000      	.DB  0x0,0x0,0x0,0x0,0x0,0x0,0x0,0x0
001280 0000
001281 0000
001282 0000
001283 0000      	.DB  0x0,0x0,0x0,0x0,0x0,0x0,0x0,0x0
001284 0000
001285 0000
001286 0000
001287 0000      	.DB  0x0,0x0,0x0,0x0,0x0,0x0,0x0,0x0
001288 0000
001289 0000
00128a 0000
00128b 0000      	.DB  0x0,0x0,0x0,0x0,0x0,0x0,0x0,0x0
00128c 0000
00128d 0000
00128e 0000
00128f 0000      	.DB  0x0,0x0,0x0,0x0,0x0,0x0,0x0,0x0
001290 0000
001291 0000
001292 0000
001293 0000      	.DB  0x0,0x0,0x0,0x0,0x0,0x0,0x0,0x0
001294 0000
001295 0000
001296 0000
001297 0000      	.DB  0x0,0x0,0x0,0x0,0x0,0x0,0x0,0x0
001298 0000
001299 0e0e
00129a 1e0e
00129b ff3e      	.DB  0x0,0x0,0xE,0xE,0xE,0x1E,0x3E,0xFF
00129c ffff
00129d fdff
00129e 0e85
00129f 2232      	.DB  0xFF,0xFF,0xFF,0xFD,0x85,0xE,0x32,0x22
0012a0 0002
0012a1 0000
0012a2 1010
0012a3 6020      	.DB  0x2,0x0,0x0,0x0,0x10,0x10,0x20,0x60
0012a4 f8f0
0012a5 0000
0012a6 0000
0012a7 0000      	.DB  0xF0,0xF8,0x0,0x0,0x0,0x0,0x0,0x0
0012a8 0000
0012a9 0000
0012aa 0000
0012ab 0000      	.DB  0x0,0x0,0x0,0x0,0x0,0x0,0x0,0x0
0012ac 0000
0012ad 0000
0012ae 0000
0012af 0000      	.DB  0x0,0x0,0x0,0x0,0x0,0x0,0x0,0x0
0012b0 0000
0012b1 0000
0012b2 0000
0012b3 0000      	.DB  0x0,0x0,0x0,0x0,0x0,0x0,0x0,0x0
0012b4 0000
0012b5 0000
0012b6 0000
0012b7 0000      	.DB  0x0,0x0,0x0,0x0,0x0,0x0,0x0,0x0
0012b8 0000
0012b9 0000
0012ba 0000
0012bb 0000      	.DB  0x0,0x0,0x0,0x0,0x0,0x0,0x0,0x0
0012bc 0000
0012bd 0000
0012be 0000
0012bf 0000      	.DB  0x0,0x0,0x0,0x0,0x0,0x0,0x0,0x0
0012c0 0000
0012c1 0000
0012c2 0000
0012c3 0000      	.DB  0x0,0x0,0x0,0x0,0x0,0x0,0x0,0x0
0012c4 0000
0012c5 0000
0012c6 0000
0012c7 0000      	.DB  0x0,0x0,0x0,0x0,0x0,0x0,0x0,0x0
0012c8 0000
0012c9 0000
0012ca 0000
0012cb 0000      	.DB  0x0,0x0,0x0,0x0,0x0,0x0,0x0,0x0
0012cc 0000
0012cd 0000
0012ce 0000
0012cf 0000      	.DB  0x0,0x0,0x0,0x0,0x0,0x0,0x0,0x0
0012d0 0000
0012d1 0000
0012d2 0000
0012d3 0000      	.DB  0x0,0x0,0x0,0x0,0x0,0x0,0x0,0x0
0012d4 0000
0012d5 0000
0012d6 4000
0012d7 7060      	.DB  0x0,0x0,0x0,0x0,0x0,0x40,0x60,0x70
0012d8 7c78
0012d9 fe7c
0012da fefe
0012db ffff      	.DB  0x78,0x7C,0x7C,0xFE,0xFE,0xFE,0xFF,0xFF
0012dc ffff
0012dd e0ff
0012de 8080
0012df 0080      	.DB  0xFF,0xFF,0xFF,0xE0,0x80,0x80,0x80,0x0
0012e0 0000
0012e1 0000
0012e2 f000
0012e3 c0e0      	.DB  0x0,0x0,0x0,0x0,0x0,0xF0,0xE0,0xC0
0012e4 8300
0012e5 00f4
0012e6 0000
0012e7 0000      	.DB  0x0,0x83,0xF4,0x0,0x0,0x0,0x0,0x0
0012e8 0000
0012e9 0000
0012ea 0000
0012eb 0000      	.DB  0x0,0x0,0x0,0x0,0x0,0x0,0x0,0x0
0012ec 0000
0012ed 0000
0012ee 0000
0012ef 0000      	.DB  0x0,0x0,0x0,0x0,0x0,0x0,0x0,0x0
0012f0 0000
0012f1 0000
0012f2 0000
0012f3 0000      	.DB  0x0,0x0,0x0,0x0,0x0,0x0,0x0,0x0
0012f4 0000
0012f5 0000
0012f6 0000
0012f7 0000      	.DB  0x0,0x0,0x0,0x0,0x0,0x0,0x0,0x0
0012f8 0000
0012f9 0000
0012fa 0000
0012fb 0000      	.DB  0x0,0x0,0x0,0x0,0x0,0x0,0x0,0x0
0012fc 0000
0012fd 0000
0012fe 0000
0012ff 0000      	.DB  0x0,0x0,0x0,0x0,0x0,0x0,0x0,0x0
001300 0000
001301 0000
001302 0000
001303 0000      	.DB  0x0,0x0,0x0,0x0,0x0,0x0,0x0,0x0
001304 0000
001305 0000
001306 0000
001307 0000      	.DB  0x0,0x0,0x0,0x0,0x0,0x0,0x0,0x0
001308 0000
001309 0000
00130a 0000
00130b 0000      	.DB  0x0,0x0,0x0,0x0,0x0,0x0,0x0,0x0
00130c 0000
00130d 0000
00130e 0000
00130f 0000      	.DB  0x0,0x0,0x0,0x0,0x0,0x0,0x0,0x0
001310 0000
001311 0000
001312 0000
001313 0000      	.DB  0x0,0x0,0x0,0x0,0x0,0x0,0x0,0x0
001314 0000
001315 0000
001316 0000
001317 c080      	.DB  0x0,0x0,0x0,0x0,0x0,0x0,0x80,0xC0
001318 78f0
001319 3c38
00131a 3c3c
00131b 3f3f      	.DB  0xF0,0x78,0x38,0x3C,0x3C,0x3C,0x3F,0x3F
00131c 7f3f
00131d ffff
00131e e7ff
00131f 81c1      	.DB  0x3F,0x7F,0xFF,0xFF,0xFF,0xE7,0xC1,0x81
001320 8081
001321 8080
001322 e180
001323 e8e1      	.DB  0x81,0x80,0x80,0x80,0x80,0xE1,0xE1,0xE8
001324 7ff8
001325 08f8
001326 0000
001327 0000      	.DB  0xF8,0x7F,0xF8,0x8,0x0,0x0,0x0,0x0
001328 0000
001329 0000
00132a 0000
00132b 0000      	.DB  0x0,0x0,0x0,0x0,0x0,0x0,0x0,0x0
00132c 0000
00132d 0000
00132e 0000
00132f 0000      	.DB  0x0,0x0,0x0,0x0,0x0,0x0,0x0,0x0
001330 0000
001331 0000
001332 0000
001333 0000      	.DB  0x0,0x0,0x0,0x0,0x0,0x0,0x0,0x0
001334 0000
001335 0000
001336 0000
001337 0000      	.DB  0x0,0x0,0x0,0x0,0x0,0x0,0x0,0x0
001338 0000
001339 0000
00133a 0000
00133b 0000      	.DB  0x0,0x0,0x0,0x0,0x0,0x0,0x0,0x0
00133c 0000
00133d 0000
00133e 0000
00133f 0000      	.DB  0x0,0x0,0x0,0x0,0x0,0x0,0x0,0x0
001340 0000
001341 0000
001342 0000
001343 0000      	.DB  0x0,0x0,0x0,0x0,0x0,0x0,0x0,0x0
001344 0000
001345 0000
001346 0000
001347 0000      	.DB  0x0,0x0,0x0,0x0,0x0,0x0,0x0,0x0
001348 0000
001349 0000
00134a 0000
00134b 0000      	.DB  0x0,0x0,0x0,0x0,0x0,0x0,0x0,0x0
00134c 0000
00134d 0000
00134e 0000
00134f 0000      	.DB  0x0,0x0,0x0,0x0,0x0,0x0,0x0,0x0
001350 0000
001351 0000
001352 0000
001353 0100      	.DB  0x0,0x0,0x0,0x0,0x0,0x0,0x0,0x1
001354 2000
001355 0000
001356 0800
001357 8200      	.DB  0x0,0x20,0x0,0x0,0x0,0x8,0x0,0x82
001358 8082
001359 f181
00135a f9f1
00135b 3f7f      	.DB  0x82,0x80,0x81,0xF1,0xF1,0xF9,0x7F,0x3F
00135c 607f
00135d c7ff
00135e e1e1
00135f 8181      	.DB  0x7F,0x60,0xFF,0xC7,0xE1,0xE1,0x81,0x81
001360 00e7
001361 0c04
001362 030c
001363 0606      	.DB  0xE7,0x0,0x4,0xC,0xC,0x3,0x6,0x6
001364 0607
001365 0000
001366 0000
001367 8000      	.DB  0x7,0x6,0x0,0x0,0x0,0x0,0x0,0x80
001368 e0e0
001369 0060
00136a 0000
00136b 0000      	.DB  0xE0,0xE0,0x60,0x0,0x0,0x0,0x0,0x0
00136c 0000
00136d 0000
00136e 0000
00136f 0000      	.DB  0x0,0x0,0x0,0x0,0x0,0x0,0x0,0x0
001370 0000
001371 0000
001372 0000
001373 0000      	.DB  0x0,0x0,0x0,0x0,0x0,0x0,0x0,0x0
001374 0000
001375 0000
001376 0000
001377 0000      	.DB  0x0,0x0,0x0,0x0,0x0,0x0,0x0,0x0
001378 0000
001379 0000
00137a 0000
00137b 0000      	.DB  0x0,0x0,0x0,0x0,0x0,0x0,0x0,0x0
00137c 0000
00137d 0000
00137e 0000
00137f 0000      	.DB  0x0,0x0,0x0,0x0,0x0,0x0,0x0,0x0
001380 0000
001381 0000
001382 0000
001383 0000      	.DB  0x0,0x0,0x0,0x0,0x0,0x0,0x0,0x0
001384 0000
001385 0000
001386 0000
001387 0000      	.DB  0x0,0x0,0x0,0x0,0x0,0x0,0x0,0x0
001388 0000
001389 0000
00138a 0000
00138b 0000      	.DB  0x0,0x0,0x0,0x0,0x0,0x0,0x0,0x0
00138c 0000
00138d 0000
00138e 0000
00138f 0000      	.DB  0x0,0x0,0x0,0x0,0x0,0x0,0x0,0x0
001390 0000
001391 0000
001392 0000
001393 0000      	.DB  0x0,0x0,0x0,0x0,0x0,0x0,0x0,0x0
001394 0000
001395 0000
001396 f8c0
001397 ffff      	.DB  0x0,0x0,0x0,0x0,0xC0,0xF8,0xFF,0xFF
001398 ffff
001399 7fff
00139a 1e7e
00139b 0808      	.DB  0xFF,0xFF,0xFF,0x7F,0x7E,0x1E,0x8,0x8
00139c 0006
00139d 0101
00139e 0101
00139f 0101      	.DB  0x6,0x0,0x1,0x1,0x1,0x1,0x1,0x1
0013a0 0301
0013a1 0203
0013a2 8c0e
0013a3 e080      	.DB  0x1,0x3,0x3,0x2,0xE,0x8C,0x80,0xE0
0013a4 f8f0
0013a5 f0f0
0013a6 c3e3
0013a7 0f27      	.DB  0xF0,0xF8,0xF0,0xF0,0xE3,0xC3,0x27,0xF
0013a8 0003
0013a9 0000
0013aa 0000
0013ab 0000      	.DB  0x3,0x0,0x0,0x0,0x0,0x0,0x0,0x0
0013ac 0000
0013ad 0000
0013ae 0000
0013af 0000      	.DB  0x0,0x0,0x0,0x0,0x0,0x0,0x0,0x0
0013b0 0000
0013b1 0000
0013b2 0000
0013b3 0000      	.DB  0x0,0x0,0x0,0x0,0x0,0x0,0x0,0x0
0013b4 0000
0013b5 0000
0013b6 0000
0013b7 0000      	.DB  0x0,0x0,0x0,0x0,0x0,0x0,0x0,0x0
0013b8 0000
0013b9 0000
0013ba 0000
0013bb 0000      	.DB  0x0,0x0,0x0,0x0,0x0,0x0,0x0,0x0
0013bc 0000
0013bd 0000
0013be 0000
0013bf 0000      	.DB  0x0,0x0,0x0,0x0,0x0,0x0,0x0,0x0
0013c0 0000
0013c1 0000
0013c2 0000
0013c3 0000      	.DB  0x0,0x0,0x0,0x0,0x0,0x0,0x0,0x0
0013c4 0000
0013c5 0000
0013c6 0000
0013c7 0000      	.DB  0x0,0x0,0x0,0x0,0x0,0x0,0x0,0x0
0013c8 0000
0013c9 0000
0013ca 0000
0013cb 0000      	.DB  0x0,0x0,0x0,0x0,0x0,0x0,0x0,0x0
0013cc 0000
0013cd 0000
0013ce 0000
0013cf 0000      	.DB  0x0,0x0,0x0,0x0,0x0,0x0,0x0,0x0
0013d0 0000
0013d1 0000
0013d2 0000
0013d3 0000      	.DB  0x0,0x0,0x0,0x0,0x0,0x0,0x0,0x0
0013d4 0000
0013d5 7c7c
0013d6 7f7f
0013d7 0d1f      	.DB  0x0,0x0,0x7C,0x7C,0x7F,0x7F,0x1F,0xD
0013d8 0306
0013d9 0003
0013da 0000
0013db 0000      	.DB  0x6,0x3,0x3,0x0,0x0,0x0,0x0,0x0
0013dc 0000
0013dd 0000
0013de 0000
0013df 0000      	.DB  0x0,0x0,0x0,0x0,0x0,0x0,0x0,0x0
0013e0 0000
0013e1 0000
0013e2 0300
0013e3 0703      	.DB  0x0,0x0,0x0,0x0,0x0,0x3,0x3,0x7
0013e4 0f0f
0013e5 0307
0013e6 0001
0013e7 0000      	.DB  0xF,0xF,0x7,0x3,0x1,0x0,0x0,0x0
0013e8 0000
0013e9 0000
0013ea 0000
0013eb 0000      	.DB  0x0,0x0,0x0,0x0,0x0,0x0,0x0,0x0
0013ec 0000
0013ed 0000
0013ee 0000
0013ef 0000      	.DB  0x0,0x0,0x0,0x0,0x0,0x0,0x0,0x0
0013f0 0000
0013f1 0000
0013f2 0000
0013f3 0000      	.DB  0x0,0x0,0x0,0x0,0x0,0x0,0x0,0x0
0013f4 0000
0013f5 0000
0013f6 0000
0013f7 0000      	.DB  0x0,0x0,0x0,0x0,0x0,0x0,0x0,0x0
0013f8 0000
0013f9 0000
0013fa 0000
0013fb 0000      	.DB  0x0,0x0,0x0,0x0,0x0,0x0,0x0,0x0
0013fc 0000
0013fd 0000
0013fe 0000
0013ff 0000      	.DB  0x0,0x0,0x0,0x0,0x0,0x0,0x0,0x0
001400 0000
001401 0000
001402 0000
001403 0000      	.DB  0x0,0x0,0x0,0x0,0x0,0x0,0x0,0x0
001404 0000
001405 0000
001406 0000
001407 0000      	.DB  0x0,0x0,0x0,0x0,0x0,0x0,0x0,0x0
001408 0000
001409 0000
00140a 0000
00140b 0000      	.DB  0x0,0x0,0x0,0x0,0x0,0x0,0x0,0x0
00140c 0000
00140d 0000
00140e 0000
00140f 0000      	.DB  0x0,0x0,0x0,0x0,0x0,0x0,0x0,0x0
001410 0000
001411 0000
001412 0000
001413 0000      	.DB  0x0,0x0,0x0,0x0,0x0,0x0,0x0,0x0
001414 0000
001415 0000
001416 0000
001417 0000      	.DB  0x0,0x0,0x0,0x0,0x0,0x0,0x0,0x0
001418 0000
001419 0000
00141a 0000
00141b 0000      	.DB  0x0,0x0,0x0,0x0,0x0,0x0,0x0,0x0
00141c 0000
00141d 0000
00141e 0000
00141f 0000      	.DB  0x0,0x0,0x0,0x0,0x0,0x0,0x0,0x0
001420 0000
001421 0000
001422 0000
001423 0000      	.DB  0x0,0x0,0x0,0x0,0x0,0x0,0x0,0x0
001424 0000
001425 0000
001426 0000
001427 0000      	.DB  0x0,0x0,0x0,0x0,0x0,0x0,0x0,0x0
001428 0000
001429 0000
00142a 0000
00142b 0000      	.DB  0x0,0x0,0x0,0x0,0x0,0x0,0x0,0x0
00142c 0000
00142d 0000
00142e 0000
00142f 0000      	.DB  0x0,0x0,0x0,0x0,0x0,0x0,0x0,0x0
001430 0000
001431 0000
001432 0000
001433 0000      	.DB  0x0,0x0,0x0,0x0,0x0,0x0,0x0,0x0
001434 0000
001435 0000
001436 0000
001437 0000      	.DB  0x0,0x0,0x0,0x0,0x0,0x0,0x0,0x0
001438 0000
001439 0000
00143a 0000
00143b 0000      	.DB  0x0,0x0,0x0,0x0,0x0,0x0,0x0,0x0
00143c 0000
00143d 0000      	.DB  0x0,0x0,0x0,0x0
                 _f11:
00143e 0080
00143f 0040
001440 0000
001441 0000      	.DB  0x80,0x0,0x40,0x0,0x0,0x0,0x0,0x0
001442 0000
001443 0000
001444 0000
001445 0000      	.DB  0x0,0x0,0x0,0x0,0x0,0x0,0x0,0x0
001446 0000
001447 0000
001448 0000
001449 0000      	.DB  0x0,0x0,0x0,0x0,0x0,0x0,0x0,0x0
00144a 0000
00144b 0000
00144c 0000
00144d 0000      	.DB  0x0,0x0,0x0,0x0,0x0,0x0,0x0,0x0
00144e 0000
00144f 0000
001450 0000
001451 0000      	.DB  0x0,0x0,0x0,0x0,0x0,0x0,0x0,0x0
001452 0000
001453 0000
001454 0000
001455 0000      	.DB  0x0,0x0,0x0,0x0,0x0,0x0,0x0,0x0
001456 0000
001457 0000
001458 0000
001459 0000      	.DB  0x0,0x0,0x0,0x0,0x0,0x0,0x0,0x0
00145a 0000
00145b 0000
00145c 0000
00145d 0000      	.DB  0x0,0x0,0x0,0x0,0x0,0x0,0x0,0x0
00145e 0000
00145f 0000
001460 0000
001461 0000      	.DB  0x0,0x0,0x0,0x0,0x0,0x0,0x0,0x0
001462 0000
001463 0000
001464 0000
001465 0000      	.DB  0x0,0x0,0x0,0x0,0x0,0x0,0x0,0x0
001466 0000
001467 0000
001468 0000
001469 0000      	.DB  0x0,0x0,0x0,0x0,0x0,0x0,0x0,0x0
00146a 0000
00146b 0000
00146c 0000
00146d 0000      	.DB  0x0,0x0,0x0,0x0,0x0,0x0,0x0,0x0
00146e 0000
00146f 0000
001470 0000
001471 0000      	.DB  0x0,0x0,0x0,0x0,0x0,0x0,0x0,0x0
001472 0000
001473 0000
001474 0000
001475 0000      	.DB  0x0,0x0,0x0,0x0,0x0,0x0,0x0,0x0
001476 0000
001477 0000
001478 0000
001479 0000      	.DB  0x0,0x0,0x0,0x0,0x0,0x0,0x0,0x0
00147a 0000
00147b 0000
00147c 0000
00147d 0000      	.DB  0x0,0x0,0x0,0x0,0x0,0x0,0x0,0x0
00147e 0000
00147f 0000
001480 0000
001481 0000      	.DB  0x0,0x0,0x0,0x0,0x0,0x0,0x0,0x0
001482 0000
001483 0000
001484 0000
001485 0000      	.DB  0x0,0x0,0x0,0x0,0x0,0x0,0x0,0x0
001486 0000
001487 0000
001488 0000
001489 0000      	.DB  0x0,0x0,0x0,0x0,0x0,0x0,0x0,0x0
00148a 0000
00148b 0000
00148c 0000
00148d 0000      	.DB  0x0,0x0,0x0,0x0,0x0,0x0,0x0,0x0
00148e 0000
00148f 0000
001490 0000
001491 0000      	.DB  0x0,0x0,0x0,0x0,0x0,0x0,0x0,0x0
001492 0000
001493 0000
001494 0000
001495 0000      	.DB  0x0,0x0,0x0,0x0,0x0,0x0,0x0,0x0
001496 0000
001497 0000
001498 0000
001499 0000      	.DB  0x0,0x0,0x0,0x0,0x0,0x0,0x0,0x0
00149a 0000
00149b 0e0e
00149c 1e0e
00149d ff3e      	.DB  0x0,0x0,0xE,0xE,0xE,0x1E,0x3E,0xFF
00149e ffff
00149f fdff
0014a0 0e85
0014a1 2232      	.DB  0xFF,0xFF,0xFF,0xFD,0x85,0xE,0x32,0x22
0014a2 0002
0014a3 0000
0014a4 1010
0014a5 6020      	.DB  0x2,0x0,0x0,0x0,0x10,0x10,0x20,0x60
0014a6 f8f0
0014a7 0000
0014a8 0000
0014a9 0000      	.DB  0xF0,0xF8,0x0,0x0,0x0,0x0,0x0,0x0
0014aa 0000
0014ab 0000
0014ac 0000
0014ad 0000      	.DB  0x0,0x0,0x0,0x0,0x0,0x0,0x0,0x0
0014ae 0000
0014af 0000
0014b0 0000
0014b1 0000      	.DB  0x0,0x0,0x0,0x0,0x0,0x0,0x0,0x0
0014b2 0000
0014b3 0000
0014b4 0000
0014b5 0000      	.DB  0x0,0x0,0x0,0x0,0x0,0x0,0x0,0x0
0014b6 0000
0014b7 0000
0014b8 0000
0014b9 0000      	.DB  0x0,0x0,0x0,0x0,0x0,0x0,0x0,0x0
0014ba 0000
0014bb 0000
0014bc 0000
0014bd 0000      	.DB  0x0,0x0,0x0,0x0,0x0,0x0,0x0,0x0
0014be 0000
0014bf 0000
0014c0 0000
0014c1 0000      	.DB  0x0,0x0,0x0,0x0,0x0,0x0,0x0,0x0
0014c2 0000
0014c3 0000
0014c4 0000
0014c5 0000      	.DB  0x0,0x0,0x0,0x0,0x0,0x0,0x0,0x0
0014c6 0000
0014c7 0000
0014c8 0000
0014c9 0000      	.DB  0x0,0x0,0x0,0x0,0x0,0x0,0x0,0x0
0014ca 0000
0014cb 0000
0014cc 0000
0014cd 0000      	.DB  0x0,0x0,0x0,0x0,0x0,0x0,0x0,0x0
0014ce 0000
0014cf 0000
0014d0 0000
0014d1 0000      	.DB  0x0,0x0,0x0,0x0,0x0,0x0,0x0,0x0
0014d2 0000
0014d3 0000
0014d4 0000
0014d5 0000      	.DB  0x0,0x0,0x0,0x0,0x0,0x0,0x0,0x0
0014d6 0000
0014d7 0000
0014d8 4000
0014d9 7060      	.DB  0x0,0x0,0x0,0x0,0x0,0x40,0x60,0x70
0014da 7c78
0014db fe7c
0014dc fefe
0014dd ffff      	.DB  0x78,0x7C,0x7C,0xFE,0xFE,0xFE,0xFF,0xFF
0014de ffff
0014df e0ff
0014e0 8080
0014e1 0080      	.DB  0xFF,0xFF,0xFF,0xE0,0x80,0x80,0x80,0x0
0014e2 0000
0014e3 0000
0014e4 f000
0014e5 c0e0      	.DB  0x0,0x0,0x0,0x0,0x0,0xF0,0xE0,0xC0
0014e6 8300
0014e7 00f4
0014e8 0000
0014e9 0000      	.DB  0x0,0x83,0xF4,0x0,0x0,0x0,0x0,0x0
0014ea 0000
0014eb 0000
0014ec 0000
0014ed 0000      	.DB  0x0,0x0,0x0,0x0,0x0,0x0,0x0,0x0
0014ee 0000
0014ef 0000
0014f0 0000
0014f1 0000      	.DB  0x0,0x0,0x0,0x0,0x0,0x0,0x0,0x0
0014f2 0000
0014f3 0000
0014f4 0000
0014f5 0000      	.DB  0x0,0x0,0x0,0x0,0x0,0x0,0x0,0x0
0014f6 0000
0014f7 0000
0014f8 0000
0014f9 0000      	.DB  0x0,0x0,0x0,0x0,0x0,0x0,0x0,0x0
0014fa 0000
0014fb 0000
0014fc 0000
0014fd 0000      	.DB  0x0,0x0,0x0,0x0,0x0,0x0,0x0,0x0
0014fe 0000
0014ff 0000
001500 0000
001501 0000      	.DB  0x0,0x0,0x0,0x0,0x0,0x0,0x0,0x0
001502 0000
001503 0000
001504 0000
001505 0000      	.DB  0x0,0x0,0x0,0x0,0x0,0x0,0x0,0x0
001506 0000
001507 0000
001508 0000
001509 0000      	.DB  0x0,0x0,0x0,0x0,0x0,0x0,0x0,0x0
00150a 0000
00150b 0000
00150c 0000
00150d 0000      	.DB  0x0,0x0,0x0,0x0,0x0,0x0,0x0,0x0
00150e 0000
00150f 0000
001510 0000
001511 0000      	.DB  0x0,0x0,0x0,0x0,0x0,0x0,0x0,0x0
001512 0000
001513 0000
001514 0000
001515 0000      	.DB  0x0,0x0,0x0,0x0,0x0,0x0,0x0,0x0
001516 0000
001517 0000
001518 0000
001519 c080      	.DB  0x0,0x0,0x0,0x0,0x0,0x0,0x80,0xC0
00151a f8f0
00151b fcf8
00151c 7cfc
00151d 3f3f      	.DB  0xF0,0xF8,0xF8,0xFC,0xFC,0x7C,0x3F,0x3F
00151e 7f3f
00151f ffff
001520 e7ff
001521 81c1      	.DB  0x3F,0x7F,0xFF,0xFF,0xFF,0xE7,0xC1,0x81
001522 8081
001523 8080
001524 e180
001525 68e1      	.DB  0x81,0x80,0x80,0x80,0x80,0xE1,0xE1,0x68
001526 0f08
001527 0008
001528 0000
001529 0000      	.DB  0x8,0xF,0x8,0x0,0x0,0x0,0x0,0x0
00152a 0000
00152b 0000
00152c 0000
00152d 0000      	.DB  0x0,0x0,0x0,0x0,0x0,0x0,0x0,0x0
00152e 0000
00152f 0000
001530 0000
001531 0000      	.DB  0x0,0x0,0x0,0x0,0x0,0x0,0x0,0x0
001532 0000
001533 0000
001534 0000
001535 0000      	.DB  0x0,0x0,0x0,0x0,0x0,0x0,0x0,0x0
001536 0000
001537 0000
001538 0000
001539 0000      	.DB  0x0,0x0,0x0,0x0,0x0,0x0,0x0,0x0
00153a 0000
00153b 0000
00153c 0000
00153d 0000      	.DB  0x0,0x0,0x0,0x0,0x0,0x0,0x0,0x0
00153e 0000
00153f 0000
001540 0000
001541 0000      	.DB  0x0,0x0,0x0,0x0,0x0,0x0,0x0,0x0
001542 0000
001543 0000
001544 0000
001545 0000      	.DB  0x0,0x0,0x0,0x0,0x0,0x0,0x0,0x0
001546 0000
001547 0000
001548 0000
001549 0000      	.DB  0x0,0x0,0x0,0x0,0x0,0x0,0x0,0x0
00154a 0000
00154b 0000
00154c 0000
00154d 0000      	.DB  0x0,0x0,0x0,0x0,0x0,0x0,0x0,0x0
00154e 0000
00154f 0000
001550 0000
001551 0000      	.DB  0x0,0x0,0x0,0x0,0x0,0x0,0x0,0x0
001552 0000
001553 0000
001554 0000
001555 0000      	.DB  0x0,0x0,0x0,0x0,0x0,0x0,0x0,0x0
001556 0000
001557 0008
001558 0000
001559 2000      	.DB  0x0,0x0,0x8,0x0,0x0,0x0,0x0,0x20
00155a 0000
00155b 7a40
00155c 7e7a
00155d ffff      	.DB  0x0,0x0,0x40,0x7A,0x7A,0x7E,0xFF,0xFF
00155e c7ff
00155f 81a3
001560 c141
001561 e3c3      	.DB  0xFF,0xC7,0xA3,0x81,0x41,0xC1,0xC3,0xE3
001562 e101
001563 0101
001564 00c1
001565 0000      	.DB  0x1,0xE1,0x1,0x1,0xC1,0x0,0x0,0x0
001566 0000
001567 0000
001568 8000
001569 0080      	.DB  0x0,0x0,0x0,0x0,0x0,0x80,0x80,0x0
00156a 0000
00156b 0000
00156c 0000
00156d 0000      	.DB  0x0,0x0,0x0,0x0,0x0,0x0,0x0,0x0
00156e 0000
00156f 0000
001570 0000
001571 0000      	.DB  0x0,0x0,0x0,0x0,0x0,0x0,0x0,0x0
001572 0000
001573 0000
001574 0000
001575 0000      	.DB  0x0,0x0,0x0,0x0,0x0,0x0,0x0,0x0
001576 0000
001577 0000
001578 0000
001579 0000      	.DB  0x0,0x0,0x0,0x0,0x0,0x0,0x0,0x0
00157a 0000
00157b 0000
00157c 0000
00157d 0000      	.DB  0x0,0x0,0x0,0x0,0x0,0x0,0x0,0x0
00157e 0000
00157f 0000
001580 0000
001581 0000      	.DB  0x0,0x0,0x0,0x0,0x0,0x0,0x0,0x0
001582 0000
001583 0000
001584 0000
001585 0000      	.DB  0x0,0x0,0x0,0x0,0x0,0x0,0x0,0x0
001586 0000
001587 0000
001588 0000
001589 0000      	.DB  0x0,0x0,0x0,0x0,0x0,0x0,0x0,0x0
00158a 0000
00158b 0000
00158c 0000
00158d 0000      	.DB  0x0,0x0,0x0,0x0,0x0,0x0,0x0,0x0
00158e 0000
00158f 0000
001590 0000
001591 0000      	.DB  0x0,0x0,0x0,0x0,0x0,0x0,0x0,0x0
001592 0000
001593 0000
001594 0000
001595 8000      	.DB  0x0,0x0,0x0,0x0,0x0,0x0,0x0,0x80
001596 e8e0
001597 9ece
001598 ff9f
001599 2078      	.DB  0xE0,0xE8,0xCE,0x9E,0x9F,0xFF,0x78,0x20
00159a 0000
00159b 0202
00159c 0002
00159d 0301      	.DB  0x0,0x0,0x2,0x2,0x2,0x0,0x1,0x3
00159e 0202
00159f 0202
0015a0 0102
0015a1 0005      	.DB  0x2,0x2,0x2,0x2,0x2,0x1,0x5,0x0
0015a2 c003
0015a3 f0c2
0015a4 80f1
0015a5 0000      	.DB  0x3,0xC0,0xC2,0xF0,0xF1,0x80,0x0,0x0
0015a6 f8b8
0015a7 7efe
0015a8 3f3f
0015a9 000f      	.DB  0xB8,0xF8,0xFE,0x7E,0x3F,0x3F,0xF,0x0
0015aa 0000
0015ab 0000
0015ac 0000
0015ad 0000      	.DB  0x0,0x0,0x0,0x0,0x0,0x0,0x0,0x0
0015ae 0000
0015af 0000
0015b0 0000
0015b1 0000      	.DB  0x0,0x0,0x0,0x0,0x0,0x0,0x0,0x0
0015b2 0000
0015b3 0000
0015b4 0000
0015b5 0000      	.DB  0x0,0x0,0x0,0x0,0x0,0x0,0x0,0x0
0015b6 0000
0015b7 0000
0015b8 0000
0015b9 0000      	.DB  0x0,0x0,0x0,0x0,0x0,0x0,0x0,0x0
0015ba 0000
0015bb 0000
0015bc 0000
0015bd 0000      	.DB  0x0,0x0,0x0,0x0,0x0,0x0,0x0,0x0
0015be 0000
0015bf 0000
0015c0 0000
0015c1 0000      	.DB  0x0,0x0,0x0,0x0,0x0,0x0,0x0,0x0
0015c2 0000
0015c3 0000
0015c4 0000
0015c5 0000      	.DB  0x0,0x0,0x0,0x0,0x0,0x0,0x0,0x0
0015c6 0000
0015c7 0000
0015c8 0000
0015c9 0000      	.DB  0x0,0x0,0x0,0x0,0x0,0x0,0x0,0x0
0015ca 0000
0015cb 0000
0015cc 0000
0015cd 0000      	.DB  0x0,0x0,0x0,0x0,0x0,0x0,0x0,0x0
0015ce 0000
0015cf 0000
0015d0 0000
0015d1 0000      	.DB  0x0,0x0,0x0,0x0,0x0,0x0,0x0,0x0
0015d2 0000
0015d3 0000
0015d4 0000
0015d5 1f00      	.DB  0x0,0x0,0x0,0x0,0x0,0x0,0x0,0x1F
0015d6 0f1f
0015d7 0307
0015d8 0001
0015d9 0000      	.DB  0x1F,0xF,0x7,0x3,0x1,0x0,0x0,0x0
0015da 0000
0015db 0000
0015dc 0000
0015dd 0000      	.DB  0x0,0x0,0x0,0x0,0x0,0x0,0x0,0x0
0015de 0000
0015df 0000
0015e0 0000
0015e1 0000      	.DB  0x0,0x0,0x0,0x0,0x0,0x0,0x0,0x0
0015e2 1f0f
0015e3 1f1f
0015e4 0f1f
0015e5 070f      	.DB  0xF,0x1F,0x1F,0x1F,0x1F,0xF,0xF,0x7
0015e6 0303
0015e7 0000
0015e8 0000
0015e9 0000      	.DB  0x3,0x3,0x0,0x0,0x0,0x0,0x0,0x0
0015ea 0000
0015eb 0000
0015ec 0000
0015ed 0000      	.DB  0x0,0x0,0x0,0x0,0x0,0x0,0x0,0x0
0015ee 0000
0015ef 0000
0015f0 0000
0015f1 0000      	.DB  0x0,0x0,0x0,0x0,0x0,0x0,0x0,0x0
0015f2 0000
0015f3 0000
0015f4 0000
0015f5 0000      	.DB  0x0,0x0,0x0,0x0,0x0,0x0,0x0,0x0
0015f6 0000
0015f7 0000
0015f8 0000
0015f9 0000      	.DB  0x0,0x0,0x0,0x0,0x0,0x0,0x0,0x0
0015fa 0000
0015fb 0000
0015fc 0000
0015fd 0000      	.DB  0x0,0x0,0x0,0x0,0x0,0x0,0x0,0x0
0015fe 0000
0015ff 0000
001600 0000
001601 0000      	.DB  0x0,0x0,0x0,0x0,0x0,0x0,0x0,0x0
001602 0000
001603 0000
001604 0000
001605 0000      	.DB  0x0,0x0,0x0,0x0,0x0,0x0,0x0,0x0
001606 0000
001607 0000
001608 0000
001609 0000      	.DB  0x0,0x0,0x0,0x0,0x0,0x0,0x0,0x0
00160a 0000
00160b 0000
00160c 0000
00160d 0000      	.DB  0x0,0x0,0x0,0x0,0x0,0x0,0x0,0x0
00160e 0000
00160f 0000
001610 0000
001611 0000      	.DB  0x0,0x0,0x0,0x0,0x0,0x0,0x0,0x0
001612 0000
001613 0000
001614 0000
001615 0000      	.DB  0x0,0x0,0x0,0x0,0x0,0x0,0x0,0x0
001616 0000
001617 0000
001618 0000
001619 0000      	.DB  0x0,0x0,0x0,0x0,0x0,0x0,0x0,0x0
00161a 0000
00161b 0000
00161c 0000
00161d 0000      	.DB  0x0,0x0,0x0,0x0,0x0,0x0,0x0,0x0
00161e 0000
00161f 0000
001620 0000
001621 0000      	.DB  0x0,0x0,0x0,0x0,0x0,0x0,0x0,0x0
001622 0000
001623 0000
001624 0000
001625 0000      	.DB  0x0,0x0,0x0,0x0,0x0,0x0,0x0,0x0
001626 0000
001627 0000
001628 0000
001629 0000      	.DB  0x0,0x0,0x0,0x0,0x0,0x0,0x0,0x0
00162a 0000
00162b 0000
00162c 0000
00162d 0000      	.DB  0x0,0x0,0x0,0x0,0x0,0x0,0x0,0x0
00162e 0000
00162f 0000
001630 0000
001631 0000      	.DB  0x0,0x0,0x0,0x0,0x0,0x0,0x0,0x0
001632 0000
001633 0000
001634 0000
001635 0000      	.DB  0x0,0x0,0x0,0x0,0x0,0x0,0x0,0x0
001636 0000
001637 0000
001638 0000
001639 0000      	.DB  0x0,0x0,0x0,0x0,0x0,0x0,0x0,0x0
00163a 0000
00163b 0000
00163c 0000
00163d 0000      	.DB  0x0,0x0,0x0,0x0,0x0,0x0,0x0,0x0
00163e 0000
00163f 0000      	.DB  0x0,0x0,0x0,0x0
                 _f12:
001640 0080
001641 0040
001642 0000
001643 0000      	.DB  0x80,0x0,0x40,0x0,0x0,0x0,0x0,0x0
001644 0000
001645 0000
001646 0000
001647 0000      	.DB  0x0,0x0,0x0,0x0,0x0,0x0,0x0,0x0
001648 0000
001649 0000
00164a 0000
00164b 0000      	.DB  0x0,0x0,0x0,0x0,0x0,0x0,0x0,0x0
00164c 0000
00164d 0000
00164e 0000
00164f 0000      	.DB  0x0,0x0,0x0,0x0,0x0,0x0,0x0,0x0
001650 0000
001651 0000
001652 0000
001653 0000      	.DB  0x0,0x0,0x0,0x0,0x0,0x0,0x0,0x0
001654 0000
001655 0000
001656 0000
001657 0000      	.DB  0x0,0x0,0x0,0x0,0x0,0x0,0x0,0x0
001658 0000
001659 0000
00165a 0000
00165b 0000      	.DB  0x0,0x0,0x0,0x0,0x0,0x0,0x0,0x0
00165c 0000
00165d 0000
00165e 0000
00165f 0000      	.DB  0x0,0x0,0x0,0x0,0x0,0x0,0x0,0x0
001660 0000
001661 0000
001662 0000
001663 0000      	.DB  0x0,0x0,0x0,0x0,0x0,0x0,0x0,0x0
001664 0000
001665 0000
001666 0000
001667 0000      	.DB  0x0,0x0,0x0,0x0,0x0,0x0,0x0,0x0
001668 0000
001669 0000
00166a 0000
00166b 0000      	.DB  0x0,0x0,0x0,0x0,0x0,0x0,0x0,0x0
00166c 0000
00166d 0000
00166e 0000
00166f 0000      	.DB  0x0,0x0,0x0,0x0,0x0,0x0,0x0,0x0
001670 0000
001671 0000
001672 0000
001673 0000      	.DB  0x0,0x0,0x0,0x0,0x0,0x0,0x0,0x0
001674 0000
001675 0000
001676 0000
001677 0000      	.DB  0x0,0x0,0x0,0x0,0x0,0x0,0x0,0x0
001678 0000
001679 0000
00167a 0000
00167b 0000      	.DB  0x0,0x0,0x0,0x0,0x0,0x0,0x0,0x0
00167c 0000
00167d 0000
00167e 0000
00167f 0000      	.DB  0x0,0x0,0x0,0x0,0x0,0x0,0x0,0x0
001680 0000
001681 0000
001682 0000
001683 0000      	.DB  0x0,0x0,0x0,0x0,0x0,0x0,0x0,0x0
001684 0000
001685 0000
001686 0000
001687 0000      	.DB  0x0,0x0,0x0,0x0,0x0,0x0,0x0,0x0
001688 0000
001689 0000
00168a 0000
00168b 0000      	.DB  0x0,0x0,0x0,0x0,0x0,0x0,0x0,0x0
00168c 0000
00168d 0000
00168e 0000
00168f 0000      	.DB  0x0,0x0,0x0,0x0,0x0,0x0,0x0,0x0
001690 0000
001691 0000
001692 0000
001693 0000      	.DB  0x0,0x0,0x0,0x0,0x0,0x0,0x0,0x0
001694 0000
001695 0000
001696 0000
001697 0000      	.DB  0x0,0x0,0x0,0x0,0x0,0x0,0x0,0x0
001698 0000
001699 0000
00169a 0000
00169b 0000      	.DB  0x0,0x0,0x0,0x0,0x0,0x0,0x0,0x0
00169c 0000
00169d 0e0e
00169e 1e0e
00169f ff3e      	.DB  0x0,0x0,0xE,0xE,0xE,0x1E,0x3E,0xFF
0016a0 ffff
0016a1 fdff
0016a2 0e85
0016a3 2232      	.DB  0xFF,0xFF,0xFF,0xFD,0x85,0xE,0x32,0x22
0016a4 0002
0016a5 0008
0016a6 1010
0016a7 6020      	.DB  0x2,0x0,0x8,0x0,0x10,0x10,0x20,0x60
0016a8 f8f0
0016a9 0000
0016aa 0000
0016ab 0000      	.DB  0xF0,0xF8,0x0,0x0,0x0,0x0,0x0,0x0
0016ac 0000
0016ad 0000
0016ae 0000
0016af 0000      	.DB  0x0,0x0,0x0,0x0,0x0,0x0,0x0,0x0
0016b0 0000
0016b1 0000
0016b2 0000
0016b3 0000      	.DB  0x0,0x0,0x0,0x0,0x0,0x0,0x0,0x0
0016b4 0000
0016b5 0000
0016b6 0000
0016b7 0000      	.DB  0x0,0x0,0x0,0x0,0x0,0x0,0x0,0x0
0016b8 0000
0016b9 0000
0016ba 0000
0016bb 0000      	.DB  0x0,0x0,0x0,0x0,0x0,0x0,0x0,0x0
0016bc 0000
0016bd 0000
0016be 0000
0016bf 0000      	.DB  0x0,0x0,0x0,0x0,0x0,0x0,0x0,0x0
0016c0 0000
0016c1 0000
0016c2 0000
0016c3 0000      	.DB  0x0,0x0,0x0,0x0,0x0,0x0,0x0,0x0
0016c4 0000
0016c5 0000
0016c6 0000
0016c7 0000      	.DB  0x0,0x0,0x0,0x0,0x0,0x0,0x0,0x0
0016c8 0000
0016c9 0000
0016ca 0000
0016cb 0000      	.DB  0x0,0x0,0x0,0x0,0x0,0x0,0x0,0x0
0016cc 0000
0016cd 0000
0016ce 0000
0016cf 0000      	.DB  0x0,0x0,0x0,0x0,0x0,0x0,0x0,0x0
0016d0 0000
0016d1 0000
0016d2 0000
0016d3 0000      	.DB  0x0,0x0,0x0,0x0,0x0,0x0,0x0,0x0
0016d4 0000
0016d5 0000
0016d6 0000
0016d7 0000      	.DB  0x0,0x0,0x0,0x0,0x0,0x0,0x0,0x0
0016d8 0000
0016d9 0000
0016da 4000
0016db 7060      	.DB  0x0,0x0,0x0,0x0,0x0,0x40,0x60,0x70
0016dc 7c78
0016dd fe7c
0016de fefe
0016df ffff      	.DB  0x78,0x7C,0x7C,0xFE,0xFE,0xFE,0xFF,0xFF
0016e0 ffff
0016e1 f0ff
0016e2 8080
0016e3 0080      	.DB  0xFF,0xFF,0xFF,0xF0,0x80,0x80,0x80,0x0
0016e4 0000
0016e5 0000
0016e6 f000
0016e7 c0e0      	.DB  0x0,0x0,0x0,0x0,0x0,0xF0,0xE0,0xC0
0016e8 8380
0016e9 00f4
0016ea 0000
0016eb 0000      	.DB  0x80,0x83,0xF4,0x0,0x0,0x0,0x0,0x0
0016ec 0000
0016ed 0000
0016ee 0000
0016ef 0000      	.DB  0x0,0x0,0x0,0x0,0x0,0x0,0x0,0x0
0016f0 0000
0016f1 0000
0016f2 0000
0016f3 0000      	.DB  0x0,0x0,0x0,0x0,0x0,0x0,0x0,0x0
0016f4 0000
0016f5 0000
0016f6 0000
0016f7 0000      	.DB  0x0,0x0,0x0,0x0,0x0,0x0,0x0,0x0
0016f8 0000
0016f9 0000
0016fa 0000
0016fb 0000      	.DB  0x0,0x0,0x0,0x0,0x0,0x0,0x0,0x0
0016fc 0000
0016fd 0000
0016fe 0000
0016ff 0000      	.DB  0x0,0x0,0x0,0x0,0x0,0x0,0x0,0x0
001700 0000
001701 0000
001702 0000
001703 0000      	.DB  0x0,0x0,0x0,0x0,0x0,0x0,0x0,0x0
001704 0000
001705 0000
001706 0000
001707 0000      	.DB  0x0,0x0,0x0,0x0,0x0,0x0,0x0,0x0
001708 0000
001709 0000
00170a 0000
00170b 0000      	.DB  0x0,0x0,0x0,0x0,0x0,0x0,0x0,0x0
00170c 0000
00170d 0000
00170e 0000
00170f 0000      	.DB  0x0,0x0,0x0,0x0,0x0,0x0,0x0,0x0
001710 0000
001711 0000
001712 0000
001713 0000      	.DB  0x0,0x0,0x0,0x0,0x0,0x0,0x0,0x0
001714 0000
001715 0000
001716 0000
001717 0000      	.DB  0x0,0x0,0x0,0x0,0x0,0x0,0x0,0x0
001718 0000
001719 0000
00171a 0000
00171b c080      	.DB  0x0,0x0,0x0,0x0,0x0,0x0,0x80,0xC0
00171c f8f0
00171d fcf8
00171e fcfc
00171f ffff      	.DB  0xF0,0xF8,0xF8,0xFC,0xFC,0xFC,0xFF,0xFF
001720 ffff
001721 ffff
001722 e7ff
001723 81c1      	.DB  0xFF,0xFF,0xFF,0xFF,0xFF,0xE7,0xC1,0x81
001724 8081
001725 8080
001726 e180
001727 68e1      	.DB  0x81,0x80,0x80,0x80,0x80,0xE1,0xE1,0x68
001728 0f08
001729 0008
00172a 0000
00172b 0000      	.DB  0x8,0xF,0x8,0x0,0x0,0x0,0x0,0x0
00172c 0000
00172d 0000
00172e 0000
00172f 0000      	.DB  0x0,0x0,0x0,0x0,0x0,0x0,0x0,0x0
001730 0000
001731 0000
001732 0000
001733 0000      	.DB  0x0,0x0,0x0,0x0,0x0,0x0,0x0,0x0
001734 0000
001735 0000
001736 0000
001737 0000      	.DB  0x0,0x0,0x0,0x0,0x0,0x0,0x0,0x0
001738 0000
001739 0000
00173a 0000
00173b 0000      	.DB  0x0,0x0,0x0,0x0,0x0,0x0,0x0,0x0
00173c 0000
00173d 0000
00173e 0000
00173f 0000      	.DB  0x0,0x0,0x0,0x0,0x0,0x0,0x0,0x0
001740 0000
001741 0000
001742 0000
001743 0000      	.DB  0x0,0x0,0x0,0x0,0x0,0x0,0x0,0x0
001744 0000
001745 0000
001746 0000
001747 0000      	.DB  0x0,0x0,0x0,0x0,0x0,0x0,0x0,0x0
001748 0000
001749 0000
00174a 0000
00174b 0000      	.DB  0x0,0x0,0x0,0x0,0x0,0x0,0x0,0x0
00174c 0000
00174d 0000
00174e 0000
00174f 0000      	.DB  0x0,0x0,0x0,0x0,0x0,0x0,0x0,0x0
001750 0000
001751 0000
001752 0000
001753 0000      	.DB  0x0,0x0,0x0,0x0,0x0,0x0,0x0,0x0
001754 0000
001755 0000
001756 0000
001757 0000      	.DB  0x0,0x0,0x0,0x0,0x0,0x0,0x0,0x0
001758 0000
001759 0000
00175a 0000
00175b 00c0      	.DB  0x0,0x0,0x0,0x0,0x0,0x0,0xC0,0x0
00175c 0000
00175d 0000
00175e c0c0
00175f ffff      	.DB  0x0,0x0,0x0,0x0,0xC0,0xC0,0xFF,0xFF
001760 c6fd
001761 81a3
001762 c1c1
001763 e3c3      	.DB  0xFD,0xC6,0xA3,0x81,0xC1,0xC1,0xC3,0xE3
001764 c101
001765 0101
001766 00c1
001767 0000      	.DB  0x1,0xC1,0x1,0x1,0xC1,0x0,0x0,0x0
001768 0000
001769 0000
00176a 0000
00176b 0000      	.DB  0x0,0x0,0x0,0x0,0x0,0x0,0x0,0x0
00176c 0000
00176d 0000
00176e 0000
00176f 0000      	.DB  0x0,0x0,0x0,0x0,0x0,0x0,0x0,0x0
001770 0000
001771 0000
001772 0000
001773 0000      	.DB  0x0,0x0,0x0,0x0,0x0,0x0,0x0,0x0
001774 0000
001775 0000
001776 0000
001777 0000      	.DB  0x0,0x0,0x0,0x0,0x0,0x0,0x0,0x0
001778 0000
001779 0000
00177a 0000
00177b 0000      	.DB  0x0,0x0,0x0,0x0,0x0,0x0,0x0,0x0
00177c 0000
00177d 0000
00177e 0000
00177f 0000      	.DB  0x0,0x0,0x0,0x0,0x0,0x0,0x0,0x0
001780 0000
001781 0000
001782 0000
001783 0000      	.DB  0x0,0x0,0x0,0x0,0x0,0x0,0x0,0x0
001784 0000
001785 0000
001786 0000
001787 0000      	.DB  0x0,0x0,0x0,0x0,0x0,0x0,0x0,0x0
001788 0000
001789 0000
00178a 0000
00178b 0000      	.DB  0x0,0x0,0x0,0x0,0x0,0x0,0x0,0x0
00178c 0000
00178d 0000
00178e 0000
00178f 0000      	.DB  0x0,0x0,0x0,0x0,0x0,0x0,0x0,0x0
001790 0000
001791 0000
001792 0000
001793 0000      	.DB  0x0,0x0,0x0,0x0,0x0,0x0,0x0,0x0
001794 0000
001795 0000
001796 0000
001797 e000      	.DB  0x0,0x0,0x0,0x0,0x0,0x0,0x0,0xE0
001798 fefc
001799 78fe
00179a 6370
00179b 3f2f      	.DB  0xFC,0xFE,0xFE,0x78,0x70,0x63,0x2F,0x3F
00179c 001e
00179d 3e20
00179e 3f3e
00179f 0f3f      	.DB  0x1E,0x0,0x20,0x3E,0x3E,0x3F,0x3F,0xF
0017a0 0707
0017a1 31f1
0017a2 8101
0017a3 0203      	.DB  0x7,0x7,0xF1,0x31,0x1,0x81,0x3,0x2
0017a4 0407
0017a5 c082
0017a6 e0e1
0017a7 f0f0      	.DB  0x7,0x4,0x82,0xC0,0xE1,0xE0,0xF0,0xF0
0017a8 f0f0
0017a9 0000
0017aa 0000
0017ab 0000      	.DB  0xF0,0xF0,0x0,0x0,0x0,0x0,0x0,0x0
0017ac 0000
0017ad 0000
0017ae 0000
0017af 0000      	.DB  0x0,0x0,0x0,0x0,0x0,0x0,0x0,0x0
0017b0 0000
0017b1 0000
0017b2 0000
0017b3 0000      	.DB  0x0,0x0,0x0,0x0,0x0,0x0,0x0,0x0
0017b4 0000
0017b5 0000
0017b6 0000
0017b7 0000      	.DB  0x0,0x0,0x0,0x0,0x0,0x0,0x0,0x0
0017b8 0000
0017b9 0000
0017ba 0000
0017bb 0000      	.DB  0x0,0x0,0x0,0x0,0x0,0x0,0x0,0x0
0017bc 0000
0017bd 0000
0017be 0000
0017bf 0000      	.DB  0x0,0x0,0x0,0x0,0x0,0x0,0x0,0x0
0017c0 0000
0017c1 0000
0017c2 0000
0017c3 0000      	.DB  0x0,0x0,0x0,0x0,0x0,0x0,0x0,0x0
0017c4 0000
0017c5 0000
0017c6 0000
0017c7 0000      	.DB  0x0,0x0,0x0,0x0,0x0,0x0,0x0,0x0
0017c8 0000
0017c9 0000
0017ca 0000
0017cb 0000      	.DB  0x0,0x0,0x0,0x0,0x0,0x0,0x0,0x0
0017cc 0000
0017cd 0000
0017ce 0000
0017cf 0000      	.DB  0x0,0x0,0x0,0x0,0x0,0x0,0x0,0x0
0017d0 0000
0017d1 0000
0017d2 0000
0017d3 0000      	.DB  0x0,0x0,0x0,0x0,0x0,0x0,0x0,0x0
0017d4 0000
0017d5 0000
0017d6 0000
0017d7 0000      	.DB  0x0,0x0,0x0,0x0,0x0,0x0,0x0,0x0
0017d8 0000
0017d9 0000
0017da 0000
0017db 0000      	.DB  0x0,0x0,0x0,0x0,0x0,0x0,0x0,0x0
0017dc 0000
0017dd 0000
0017de 0000
0017df 0000      	.DB  0x0,0x0,0x0,0x0,0x0,0x0,0x0,0x0
0017e0 0000
0017e1 7e7b
0017e2 7f7f
0017e3 7167      	.DB  0x0,0x0,0x7B,0x7E,0x7F,0x7F,0x67,0x71
0017e4 7f7c
0017e5 1f1f
0017e6 0f1f
0017e7 0307      	.DB  0x7C,0x7F,0x1F,0x1F,0x1F,0xF,0x7,0x3
0017e8 0001
0017e9 0000
0017ea 0000
0017eb 0000      	.DB  0x1,0x0,0x0,0x0,0x0,0x0,0x0,0x0
0017ec 0000
0017ed 0000
0017ee 0000
0017ef 0000      	.DB  0x0,0x0,0x0,0x0,0x0,0x0,0x0,0x0
0017f0 0000
0017f1 0000
0017f2 0000
0017f3 0000      	.DB  0x0,0x0,0x0,0x0,0x0,0x0,0x0,0x0
0017f4 0000
0017f5 0000
0017f6 0000
0017f7 0000      	.DB  0x0,0x0,0x0,0x0,0x0,0x0,0x0,0x0
0017f8 0000
0017f9 0000
0017fa 0000
0017fb 0000      	.DB  0x0,0x0,0x0,0x0,0x0,0x0,0x0,0x0
0017fc 0000
0017fd 0000
0017fe 0000
0017ff 0000      	.DB  0x0,0x0,0x0,0x0,0x0,0x0,0x0,0x0
001800 0000
001801 0000
001802 0000
001803 0000      	.DB  0x0,0x0,0x0,0x0,0x0,0x0,0x0,0x0
001804 0000
001805 0000
001806 0000
001807 0000      	.DB  0x0,0x0,0x0,0x0,0x0,0x0,0x0,0x0
001808 0000
001809 0000
00180a 0000
00180b 0000      	.DB  0x0,0x0,0x0,0x0,0x0,0x0,0x0,0x0
00180c 0000
00180d 0000
00180e 0000
00180f 0000      	.DB  0x0,0x0,0x0,0x0,0x0,0x0,0x0,0x0
001810 0000
001811 0000
001812 0000
001813 0000      	.DB  0x0,0x0,0x0,0x0,0x0,0x0,0x0,0x0
001814 0000
001815 0000
001816 0000
001817 0000      	.DB  0x0,0x0,0x0,0x0,0x0,0x0,0x0,0x0
001818 0000
001819 0000
00181a 0000
00181b 0000      	.DB  0x0,0x0,0x0,0x0,0x0,0x0,0x0,0x0
00181c 0000
00181d 0000
00181e 0000
00181f 0000      	.DB  0x0,0x0,0x0,0x0,0x0,0x0,0x0,0x0
001820 0000
001821 0000
001822 0000
001823 0000      	.DB  0x0,0x0,0x0,0x0,0x0,0x0,0x0,0x0
001824 0000
001825 0000
001826 0000
001827 0000      	.DB  0x0,0x0,0x0,0x0,0x0,0x0,0x0,0x0
001828 0000
001829 0000
00182a 0000
00182b 0000      	.DB  0x0,0x0,0x0,0x0,0x0,0x0,0x0,0x0
00182c 0000
00182d 0000
00182e 0000
00182f 0000      	.DB  0x0,0x0,0x0,0x0,0x0,0x0,0x0,0x0
001830 0000
001831 0000
001832 0000
001833 0000      	.DB  0x0,0x0,0x0,0x0,0x0,0x0,0x0,0x0
001834 0000
001835 0000
001836 0000
001837 0000      	.DB  0x0,0x0,0x0,0x0,0x0,0x0,0x0,0x0
001838 0000
001839 0000
00183a 0000
00183b 0000      	.DB  0x0,0x0,0x0,0x0,0x0,0x0,0x0,0x0
00183c 0000
00183d 0000
00183e 0000
00183f 0000      	.DB  0x0,0x0,0x0,0x0,0x0,0x0,0x0,0x0
001840 0000
001841 0000      	.DB  0x0,0x0,0x0,0x0
                 _font5x7:
001842 0705
001843 6020
001844 0000
001845 0000      	.DB  0x5,0x7,0x20,0x60,0x0,0x0,0x0,0x0
001846 0000
001847 5f00
001848 0000
001849 0700      	.DB  0x0,0x0,0x0,0x5F,0x0,0x0,0x0,0x7
00184a 0700
00184b 1400
00184c 147f
00184d 147f      	.DB  0x0,0x7,0x0,0x14,0x7F,0x14,0x7F,0x14
00184e 2a24
00184f 2a7f
001850 2312
001851 0813      	.DB  0x24,0x2A,0x7F,0x2A,0x12,0x23,0x13,0x8
001852 6264
001853 4936
001854 2255
001855 0050      	.DB  0x64,0x62,0x36,0x49,0x55,0x22,0x50,0x0
001856 0305
001857 0000
001858 1c00
001859 4122      	.DB  0x5,0x3,0x0,0x0,0x0,0x1C,0x22,0x41
00185a 0000
00185b 2241
00185c 001c
00185d 2a08      	.DB  0x0,0x0,0x41,0x22,0x1C,0x0,0x8,0x2A
00185e 2a1c
00185f 0808
001860 3e08
001861 0808      	.DB  0x1C,0x2A,0x8,0x8,0x8,0x3E,0x8,0x8
001862 5000
001863 0030
001864 0800
001865 0808      	.DB  0x0,0x50,0x30,0x0,0x0,0x8,0x8,0x8
001866 0808
001867 3000
001868 0030
001869 2000      	.DB  0x8,0x8,0x0,0x30,0x30,0x0,0x0,0x20
00186a 0810
00186b 0204
00186c 513e
00186d 4549      	.DB  0x10,0x8,0x4,0x2,0x3E,0x51,0x49,0x45
00186e 003e
00186f 7f42
001870 0040
001871 6142      	.DB  0x3E,0x0,0x42,0x7F,0x40,0x0,0x42,0x61
001872 4951
001873 2146
001874 4541
001875 314b      	.DB  0x51,0x49,0x46,0x21,0x41,0x45,0x4B,0x31
001876 1418
001877 7f12
001878 2710
001879 4545      	.DB  0x18,0x14,0x12,0x7F,0x10,0x27,0x45,0x45
00187a 3945
00187b 4a3c
00187c 4949
00187d 0130      	.DB  0x45,0x39,0x3C,0x4A,0x49,0x49,0x30,0x1
00187e 0971
00187f 0305
001880 4936
001881 4949      	.DB  0x71,0x9,0x5,0x3,0x36,0x49,0x49,0x49
001882 0636
001883 4949
001884 1e29
001885 3600      	.DB  0x36,0x6,0x49,0x49,0x29,0x1E,0x0,0x36
001886 0036
001887 0000
001888 3656
001889 0000      	.DB  0x36,0x0,0x0,0x0,0x56,0x36,0x0,0x0
00188a 0800
00188b 2214
00188c 1441
00188d 1414      	.DB  0x0,0x8,0x14,0x22,0x41,0x14,0x14,0x14
00188e 1414
00188f 2241
001890 0814
001891 0200      	.DB  0x14,0x14,0x41,0x22,0x14,0x8,0x0,0x2
001892 5101
001893 0609
001894 4932
001895 4179      	.DB  0x1,0x51,0x9,0x6,0x32,0x49,0x79,0x41
001896 7e3e
001897 1111
001898 7e11
001899 497f      	.DB  0x3E,0x7E,0x11,0x11,0x11,0x7E,0x7F,0x49
00189a 4949
00189b 3e36
00189c 4141
00189d 2241      	.DB  0x49,0x49,0x36,0x3E,0x41,0x41,0x41,0x22
00189e 417f
00189f 2241
0018a0 7f1c
0018a1 4949      	.DB  0x7F,0x41,0x41,0x22,0x1C,0x7F,0x49,0x49
0018a2 4149
0018a3 097f
0018a4 0109
0018a5 3e01      	.DB  0x49,0x41,0x7F,0x9,0x9,0x1,0x1,0x3E
0018a6 4141
0018a7 3251
0018a8 087f
0018a9 0808      	.DB  0x41,0x41,0x51,0x32,0x7F,0x8,0x8,0x8
0018aa 007f
0018ab 7f41
0018ac 0041
0018ad 4020      	.DB  0x7F,0x0,0x41,0x7F,0x41,0x0,0x20,0x40
0018ae 3f41
0018af 7f01
0018b0 1408
0018b1 4122      	.DB  0x41,0x3F,0x1,0x7F,0x8,0x14,0x22,0x41
0018b2 407f
0018b3 4040
0018b4 7f40
0018b5 0402      	.DB  0x7F,0x40,0x40,0x40,0x40,0x7F,0x2,0x4
0018b6 7f02
0018b7 047f
0018b8 1008
0018b9 3e7f      	.DB  0x2,0x7F,0x7F,0x4,0x8,0x10,0x7F,0x3E
0018ba 4141
0018bb 3e41
0018bc 097f
0018bd 0909      	.DB  0x41,0x41,0x41,0x3E,0x7F,0x9,0x9,0x9
0018be 3e06
0018bf 5141
0018c0 5e21
0018c1 097f      	.DB  0x6,0x3E,0x41,0x51,0x21,0x5E,0x7F,0x9
0018c2 2919
0018c3 4646
0018c4 4949
0018c5 3149      	.DB  0x19,0x29,0x46,0x46,0x49,0x49,0x49,0x31
0018c6 0101
0018c7 017f
0018c8 3f01
0018c9 4040      	.DB  0x1,0x1,0x7F,0x1,0x1,0x3F,0x40,0x40
0018ca 3f40
0018cb 201f
0018cc 2040
0018cd 7f1f      	.DB  0x40,0x3F,0x1F,0x20,0x40,0x20,0x1F,0x7F
0018ce 1820
0018cf 7f20
0018d0 1463
0018d1 1408      	.DB  0x20,0x18,0x20,0x7F,0x63,0x14,0x8,0x14
0018d2 0363
0018d3 7804
0018d4 0304
0018d5 5161      	.DB  0x63,0x3,0x4,0x78,0x4,0x3,0x61,0x51
0018d6 4549
0018d7 0043
0018d8 7f00
0018d9 4141      	.DB  0x49,0x45,0x43,0x0,0x0,0x7F,0x41,0x41
0018da 0402
0018db 1008
0018dc 4120
0018dd 7f41      	.DB  0x2,0x4,0x8,0x10,0x20,0x41,0x41,0x7F
0018de 0000
0018df 0204
0018e0 0201
0018e1 4004      	.DB  0x0,0x0,0x4,0x2,0x1,0x2,0x4,0x40
0018e2 4040
0018e3 4040
0018e4 0100
0018e5 0402      	.DB  0x40,0x40,0x40,0x40,0x0,0x1,0x2,0x4
0018e6 2000
0018e7 5454
0018e8 7854
0018e9 487f      	.DB  0x0,0x20,0x54,0x54,0x54,0x78,0x7F,0x48
0018ea 4444
0018eb 3838
0018ec 4444
0018ed 2044      	.DB  0x44,0x44,0x38,0x38,0x44,0x44,0x44,0x20
0018ee 4438
0018ef 4844
0018f0 387f
0018f1 5454      	.DB  0x38,0x44,0x44,0x48,0x7F,0x38,0x54,0x54
0018f2 1854
0018f3 7e08
0018f4 0109
0018f5 0802      	.DB  0x54,0x18,0x8,0x7E,0x9,0x1,0x2,0x8
0018f6 5414
0018f7 3c54
0018f8 087f
0018f9 0404      	.DB  0x14,0x54,0x54,0x3C,0x7F,0x8,0x4,0x4
0018fa 0078
0018fb 7d44
0018fc 0040
0018fd 4020      	.DB  0x78,0x0,0x44,0x7D,0x40,0x0,0x20,0x40
0018fe 3d44
0018ff 0000
001900 107f
001901 4428      	.DB  0x44,0x3D,0x0,0x0,0x7F,0x10,0x28,0x44
001902 4100
001903 407f
001904 7c00
001905 1804      	.DB  0x0,0x41,0x7F,0x40,0x0,0x7C,0x4,0x18
001906 7804
001907 087c
001908 0404
001909 3878      	.DB  0x4,0x78,0x7C,0x8,0x4,0x4,0x78,0x38
00190a 4444
00190b 3844
00190c 147c
00190d 1414      	.DB  0x44,0x44,0x44,0x38,0x7C,0x14,0x14,0x14
00190e 0808
00190f 1414
001910 7c18
001911 087c      	.DB  0x8,0x8,0x14,0x14,0x18,0x7C,0x7C,0x8
001912 0404
001913 4808
001914 5454
001915 2054      	.DB  0x4,0x4,0x8,0x48,0x54,0x54,0x54,0x20
001916 3f04
001917 4044
001918 3c20
001919 4040      	.DB  0x4,0x3F,0x44,0x40,0x20,0x3C,0x40,0x40
00191a 7c20
00191b 201c
00191c 2040
00191d 3c1c      	.DB  0x20,0x7C,0x1C,0x20,0x40,0x20,0x1C,0x3C
00191e 3040
00191f 3c40
001920 2844
001921 2810      	.DB  0x40,0x30,0x40,0x3C,0x44,0x28,0x10,0x28
001922 0c44
001923 5050
001924 3c50
001925 6444      	.DB  0x44,0xC,0x50,0x50,0x50,0x3C,0x44,0x64
001926 4c54
001927 0044
001928 3608
001929 0041      	.DB  0x54,0x4C,0x44,0x0,0x8,0x36,0x41,0x0
00192a 0000
00192b 007f
00192c 0000
00192d 3641      	.DB  0x0,0x0,0x7F,0x0,0x0,0x0,0x41,0x36
00192e 0008
00192f 0102
001930 0402
001931 7f02      	.DB  0x8,0x0,0x2,0x1,0x2,0x4,0x2,0x7F
001932 4141
001933 7f41      	.DB  0x41,0x41,0x41,0x7F
                 __glcd_mask:
001934 0100
001935 0703
001936 1f0f
001937 7f3f      	.DB  0x0,0x1,0x3,0x7,0xF,0x1F,0x3F,0x7F
C:\Users\Reza\Documents\aas\Debug\List\a.asm(2740): warning: .cseg .db misalignment - padding zero byte
001938 00ff      	.DB  0xFF
                 
                 _0x20C0060:
C:\Users\Reza\Documents\aas\Debug\List\a.asm(2743): warning: .cseg .db misalignment - padding zero byte
001939 0001      	.DB  0x1
                 _0x20C0000:
00193a 4e2d
00193b 4e41
00193c 4900
00193d 464e      	.DB  0x2D,0x4E,0x41,0x4E,0x0,0x49,0x4E,0x46
C:\Users\Reza\Documents\aas\Debug\List\a.asm(2746): warning: .cseg .db misalignment - padding zero byte
00193e 0000      	.DB  0x0
                 
                 __GLOBAL_INI_TBL:
00193f 0001      	.DW  0x01
001940 0280      	.DW  __seed_G106
001941 3272      	.DW  _0x20C0060*2
                 
                 _0xFFFFFFFF:
001942 0000      	.DW  0
                 
                 #define __GLOBAL_INI_TBL_PRESENT 1
                 
                 __RESET:
001943 94f8      	CLI
001944 27ee      	CLR  R30
001945 bbec      	OUT  EECR,R30
                 
                 ;INTERRUPT VECTORS ARE PLACED
                 ;AT THE START OF FLASH
001946 e0f1      	LDI  R31,1
001947 bffb      	OUT  GICR,R31
001948 bfeb      	OUT  GICR,R30
001949 bfe5      	OUT  MCUCR,R30
                 
                 ;CLEAR R2-R14
00194a e08d      	LDI  R24,(14-2)+1
00194b e0a2      	LDI  R26,2
00194c 27bb      	CLR  R27
                 __CLEAR_REG:
00194d 93ed      	ST   X+,R30
00194e 958a      	DEC  R24
00194f f7e9      	BRNE __CLEAR_REG
                 
                 ;CLEAR SRAM
001950 e080      	LDI  R24,LOW(__CLEAR_SRAM_SIZE)
001951 e098      	LDI  R25,HIGH(__CLEAR_SRAM_SIZE)
001952 e6a0      	LDI  R26,__SRAM_START
                 __CLEAR_SRAM:
001953 93ed      	ST   X+,R30
001954 9701      	SBIW R24,1
001955 f7e9      	BRNE __CLEAR_SRAM
                 
                 ;GLOBAL VARIABLES INITIALIZATION
001956 e7ee      	LDI  R30,LOW(__GLOBAL_INI_TBL*2)
001957 e3f2      	LDI  R31,HIGH(__GLOBAL_INI_TBL*2)
                 __GLOBAL_INI_NEXT:
001958 9185      	LPM  R24,Z+
001959 9195      	LPM  R25,Z+
00195a 9700      	SBIW R24,0
00195b f061      	BREQ __GLOBAL_INI_END
00195c 91a5      	LPM  R26,Z+
00195d 91b5      	LPM  R27,Z+
00195e 9005      	LPM  R0,Z+
00195f 9015      	LPM  R1,Z+
001960 01bf      	MOVW R22,R30
001961 01f0      	MOVW R30,R0
                 __GLOBAL_INI_LOOP:
001962 9005      	LPM  R0,Z+
001963 920d      	ST   X+,R0
001964 9701      	SBIW R24,1
001965 f7e1      	BRNE __GLOBAL_INI_LOOP
001966 01fb      	MOVW R30,R22
001967 cff0      	RJMP __GLOBAL_INI_NEXT
                 __GLOBAL_INI_END:
                 
                 ;HARDWARE STACK POINTER INITIALIZATION
001968 e5ef      	LDI  R30,LOW(__SRAM_END-__HEAP_SIZE)
001969 bfed      	OUT  SPL,R30
00196a e0e8      	LDI  R30,HIGH(__SRAM_END-__HEAP_SIZE)
00196b bfee      	OUT  SPH,R30
                 
                 ;DATA STACK POINTER INITIALIZATION
00196c e6c0      	LDI  R28,LOW(__SRAM_START+__DSTACK_SIZE)
00196d e0d2      	LDI  R29,HIGH(__SRAM_START+__DSTACK_SIZE)
                 
00196e 940c 1970 	JMP  _main
                 
                 	.ESEG
                 	.ORG 0
                 
                 	.DSEG
                 	.ORG 0x260
                 
                 	.CSEG
                 ;/*******************************************************
                 ;This program was created by the
                 ;CodeWizardAVR V3.12 Advanced
                 ;Automatic Program Generator
                 ;© Copyright 1998-2014 Pavel Haiduc, HP InfoTech s.r.l.
                 ;http://www.hpinfotech.com
                 ;
                 ;Project :
                 ;Version :
                 ;Date    : 30/04/2025
                 ;Author  :
                 ;Company :
                 ;Comments:
                 ;
                 ;
                 ;Chip type               : ATmega32
                 ;Program type            : Application
                 ;AVR Core Clock frequency: 8.000000 MHz
                 ;Memory model            : Small
                 ;External RAM size       : 0
                 ;Data Stack size         : 512
                 ;*******************************************************/
                 ;
                 ;#include <mega32.h>
                 	#ifndef __SLEEP_DEFINED__
                 	#define __SLEEP_DEFINED__
                 	.EQU __se_bit=0x80
                 	.EQU __sm_mask=0x70
                 	.EQU __sm_powerdown=0x20
                 	.EQU __sm_powersave=0x30
                 	.EQU __sm_standby=0x60
                 	.EQU __sm_ext_standby=0x70
                 	.EQU __sm_adc_noise_red=0x10
                 	.SET power_ctrl_reg=mcucr
                 	#endif
                 ;#include <glcd.h>
                 ;#include <delay.h>
                 ;#include "frames/f1/f1.c"
                 ;/****************************************************************************
                 ;Image data created by the LCD Vision V1.05 font & image editor/converter
                 ;(C) Copyright 2011-2013 Pavel Haiduc, HP InfoTech s.r.l.
                 ;http://www.hpinfotech.com
                 ;
                 ;Graphic LCD controller: KS0108 128x64 CS1,CS2
                 ;Image width: 128 pixels
                 ;Image height: 64 pixels
                 ;Color depth: 1 bits/pixel
                 ;Imported image file name: f1.bmp
                 ;
                 ;Exported monochrome image data size:
                 ;1028 bytes for displays organized as horizontal rows of bytes
                 ;1028 bytes for displays organized as rows of vertical bytes.
                 ;****************************************************************************/
                 ;
                 ;flash unsigned char f1[]=
                 ;{
                 ;/* Image width: 128 pixels */
                 ;0x80, 0x00,
                 ;/* Image height: 64 pixels */
                 ;0x40, 0x00,
                 ;#ifndef _GLCD_DATA_BYTEY_
                 ;/* Image data for monochrome displays organized
                 ;   as horizontal rows of bytes */
                 ;0x00, 0x00, 0x00, 0x00, 0x00, 0x00, 0x00, 0x00,
                 ;0x00, 0x00, 0x00, 0x00, 0x00, 0x00, 0x00, 0x00,
                 ;0x00, 0x00, 0x00, 0x00, 0x00, 0x00, 0x00, 0x00,
                 ;0x00, 0x00, 0x00, 0x00, 0x00, 0x00, 0x00, 0x00,
                 ;0x00, 0x00, 0x00, 0x00, 0x00, 0x00, 0x00, 0x00,
                 ;0x00, 0x00, 0x00, 0x00, 0x00, 0x00, 0x00, 0x00,
                 ;0x00, 0x00, 0x00, 0x00, 0x00, 0x00, 0x00, 0x00,
                 ;0x00, 0x00, 0x00, 0x00, 0x00, 0x00, 0x00, 0x00,
                 ;0x00, 0x00, 0x00, 0x00, 0x00, 0x00, 0x00, 0x00,
                 ;0x00, 0x00, 0x00, 0x00, 0x00, 0x00, 0x00, 0x00,
                 ;0x00, 0x00, 0x00, 0x00, 0x00, 0x00, 0x00, 0x00,
                 ;0x00, 0x00, 0x00, 0x00, 0x00, 0x00, 0x00, 0x00,
                 ;0x00, 0x00, 0x00, 0x00, 0x00, 0x00, 0x00, 0x00,
                 ;0x00, 0x00, 0x00, 0x00, 0x00, 0x00, 0x00, 0x00,
                 ;0x00, 0x00, 0x00, 0x00, 0x00, 0x00, 0x00, 0x00,
                 ;0x00, 0x00, 0x00, 0x00, 0x00, 0x00, 0x00, 0x00,
                 ;0x00, 0x00, 0x00, 0x00, 0x00, 0x00, 0x00, 0xFC,
                 ;0x01, 0x00, 0x00, 0x00, 0x00, 0x00, 0x00, 0x00,
                 ;0x00, 0x00, 0x00, 0x00, 0x00, 0x00, 0xE0, 0x07,
                 ;0x1E, 0x00, 0x00, 0x00, 0x00, 0x00, 0x00, 0x00,
                 ;0x00, 0x00, 0x00, 0x00, 0x00, 0x00, 0xF0, 0x1F,
                 ;0x07, 0x00, 0x00, 0x00, 0x00, 0x00, 0x00, 0x00,
                 ;0x00, 0x00, 0x00, 0x00, 0x00, 0x00, 0xE0, 0xFF,
                 ;0x4F, 0x00, 0x00, 0x00, 0x00, 0x00, 0x00, 0x00,
                 ;0x00, 0x00, 0x00, 0x00, 0x00, 0x00, 0x00, 0xFF,
                 ;0x03, 0x0F, 0x00, 0x00, 0x00, 0x00, 0x00, 0x00,
                 ;0x00, 0x00, 0x00, 0x00, 0x00, 0x00, 0x00, 0xFE,
                 ;0x01, 0x08, 0x00, 0x00, 0x00, 0x00, 0x00, 0x00,
                 ;0x00, 0x00, 0x00, 0x00, 0x00, 0x00, 0x00, 0xF8,
                 ;0x01, 0x00, 0x00, 0x00, 0x00, 0x00, 0x00, 0x00,
                 ;0x00, 0x00, 0x00, 0x00, 0x00, 0x00, 0x00, 0xF8,
                 ;0x00, 0x00, 0x00, 0x00, 0x00, 0x00, 0x00, 0x00,
                 ;0x00, 0x00, 0x00, 0x00, 0x00, 0x00, 0x00, 0x7C,
                 ;0x00, 0x20, 0x00, 0x00, 0x00, 0x00, 0x00, 0x00,
                 ;0x00, 0x00, 0x00, 0x00, 0x00, 0x00, 0xC0, 0xFF,
                 ;0x00, 0x20, 0x00, 0x00, 0x00, 0x00, 0x00, 0x00,
                 ;0x00, 0x00, 0x00, 0x00, 0x00, 0x00, 0xF0, 0x7F,
                 ;0x00, 0x40, 0x00, 0x00, 0x00, 0x00, 0x00, 0x00,
                 ;0x00, 0x00, 0x00, 0x00, 0x00, 0x00, 0xF8, 0x7F,
                 ;0x00, 0x40, 0x00, 0x00, 0x00, 0x00, 0x00, 0x00,
                 ;0x00, 0x00, 0x00, 0x00, 0x00, 0x00, 0xFC, 0xFF,
                 ;0x00, 0x48, 0x00, 0x00, 0x00, 0x00, 0x00, 0x00,
                 ;0x00, 0x00, 0x00, 0x00, 0x00, 0x00, 0xFE, 0xFF,
                 ;0x00, 0x58, 0x00, 0x00, 0x00, 0x00, 0x00, 0x00,
                 ;0x00, 0x00, 0x00, 0x00, 0x00, 0x00, 0xFF, 0xFF,
                 ;0x00, 0x78, 0x00, 0x00, 0x00, 0x00, 0x00, 0x00,
                 ;0x00, 0x00, 0x00, 0x00, 0x00, 0x00, 0x80, 0xFF,
                 ;0x01, 0x58, 0x00, 0x00, 0x00, 0x00, 0x00, 0x00,
                 ;0x00, 0x00, 0x00, 0x00, 0x00, 0x00, 0x00, 0xF8,
                 ;0x0F, 0x48, 0x00, 0x00, 0x00, 0x00, 0x00, 0x00,
                 ;0x00, 0x00, 0x00, 0x00, 0x00, 0x00, 0x00, 0xF8,
                 ;0x07, 0x40, 0x00, 0x00, 0x00, 0x00, 0x00, 0x00,
                 ;0x00, 0x00, 0x00, 0x00, 0x00, 0x00, 0x80, 0xFF,
                 ;0x0B, 0xC0, 0x00, 0x00, 0x00, 0x00, 0x00, 0x00,
                 ;0x00, 0x00, 0x00, 0x00, 0x00, 0x00, 0xE0, 0xFF,
                 ;0x07, 0xE0, 0x00, 0x00, 0x00, 0x00, 0x00, 0x00,
                 ;0x00, 0x00, 0x00, 0x00, 0x00, 0x00, 0xF0, 0xFF,
                 ;0x07, 0x00, 0x00, 0x00, 0x00, 0x00, 0x00, 0x00,
                 ;0x00, 0x00, 0x00, 0x00, 0x00, 0x00, 0xF0, 0xFF,
                 ;0x07, 0x08, 0x00, 0x00, 0x00, 0x00, 0x00, 0x00,
                 ;0x00, 0x00, 0x00, 0x00, 0x00, 0x00, 0x78, 0xF0,
                 ;0x0F, 0x00, 0x00, 0x00, 0x00, 0x00, 0x00, 0x00,
                 ;0x00, 0x00, 0x00, 0x00, 0x00, 0x00, 0x7C, 0xF0,
                 ;0xFF, 0x03, 0x00, 0x00, 0x00, 0x00, 0x00, 0x00,
                 ;0x00, 0x00, 0x00, 0x00, 0x00, 0x00, 0x04, 0x00,
                 ;0x1F, 0x00, 0x00, 0x00, 0x00, 0x00, 0x00, 0x00,
                 ;0x00, 0x00, 0x00, 0x00, 0x00, 0x00, 0x00, 0xC0,
                 ;0x17, 0x00, 0x00, 0x00, 0x00, 0x00, 0x00, 0x00,
                 ;0x00, 0x00, 0x00, 0x00, 0x00, 0x00, 0x00, 0x00,
                 ;0x13, 0x00, 0x00, 0x00, 0x00, 0x00, 0x00, 0x00,
                 ;0x00, 0x00, 0x00, 0x00, 0x00, 0x00, 0x00, 0xC0,
                 ;0x11, 0x00, 0x00, 0x00, 0x00, 0x00, 0x00, 0x00,
                 ;0x00, 0x00, 0x00, 0x00, 0x00, 0x00, 0x00, 0xC0,
                 ;0x11, 0x00, 0x00, 0x00, 0x00, 0x00, 0x00, 0x00,
                 ;0x00, 0x00, 0x00, 0x00, 0x00, 0x00, 0x40, 0xE0,
                 ;0x11, 0x00, 0x00, 0x00, 0x00, 0x00, 0x00, 0x00,
                 ;0x00, 0x00, 0x00, 0x00, 0x00, 0x00, 0xC0, 0xF7,
                 ;0x1F, 0x00, 0x00, 0x00, 0x00, 0x00, 0x00, 0x00,
                 ;0x00, 0x00, 0x00, 0x00, 0x00, 0x00, 0x40, 0xF0,
                 ;0x3F, 0x00, 0x00, 0x00, 0x00, 0x00, 0x00, 0x00,
                 ;0x00, 0x00, 0x00, 0x00, 0x00, 0x00, 0x40, 0x18,
                 ;0x3F, 0x00, 0x00, 0x00, 0x00, 0x00, 0x00, 0x00,
                 ;0x00, 0x00, 0x00, 0x00, 0x00, 0x00, 0x00, 0x00,
                 ;0x1E, 0x00, 0x00, 0x00, 0x00, 0x00, 0x00, 0x00,
                 ;0x00, 0x00, 0x00, 0x00, 0x00, 0x00, 0x00, 0x30,
                 ;0x0E, 0x00, 0x00, 0x00, 0x00, 0x00, 0x00, 0x00,
                 ;0x00, 0x00, 0x00, 0x00, 0x00, 0x00, 0x00, 0x18,
                 ;0x00, 0x00, 0x00, 0x00, 0x00, 0x00, 0x00, 0x00,
                 ;0x00, 0x00, 0x00, 0x00, 0x00, 0x00, 0x00, 0x30,
                 ;0x00, 0x00, 0x00, 0x00, 0x00, 0x00, 0x00, 0x00,
                 ;0x00, 0x00, 0x00, 0x00, 0x00, 0x00, 0x00, 0xF0,
                 ;0x00, 0x00, 0x00, 0x00, 0x00, 0x00, 0x00, 0x00,
                 ;0x00, 0x00, 0x00, 0x00, 0x00, 0x00, 0x00, 0xC0,
                 ;0x00, 0x00, 0x00, 0x00, 0x00, 0x00, 0x00, 0x00,
                 ;0x00, 0x00, 0x00, 0x00, 0x00, 0x00, 0x00, 0xE0,
                 ;0x00, 0x00, 0x00, 0x00, 0x00, 0x00, 0x00, 0x00,
                 ;0x00, 0x00, 0x00, 0x00, 0x00, 0x00, 0xC0, 0xC7,
                 ;0x00, 0x00, 0x00, 0x00, 0x00, 0x00, 0x00, 0x00,
                 ;0x00, 0x00, 0x00, 0x00, 0x00, 0x00, 0xE0, 0x81,
                 ;0x00, 0x00, 0x00, 0x00, 0x00, 0x00, 0x00, 0x00,
                 ;0x00, 0x00, 0x00, 0x00, 0x00, 0x00, 0x70, 0xF8,
                 ;0x0F, 0x00, 0x00, 0x00, 0x00, 0x00, 0x00, 0x00,
                 ;0x00, 0x00, 0x00, 0x00, 0x00, 0x00, 0xB0, 0xFB,
                 ;0x0F, 0x00, 0x00, 0x00, 0x00, 0x00, 0x00, 0x00,
                 ;0x00, 0x00, 0x00, 0x00, 0x00, 0x00, 0xB8, 0xFF,
                 ;0x0F, 0x00, 0x00, 0x00, 0x00, 0x00, 0x00, 0x00,
                 ;0x00, 0x00, 0x00, 0x00, 0x00, 0x00, 0xB0, 0xFF,
                 ;0x03, 0x00, 0x00, 0x00, 0x00, 0x00, 0x00, 0x00,
                 ;0x00, 0x00, 0x00, 0x00, 0x00, 0x00, 0xE0, 0xFF,
                 ;0x01, 0x00, 0x00, 0x00, 0x00, 0x00, 0x00, 0x00,
                 ;0x00, 0x00, 0x00, 0x00, 0x00, 0x00, 0x00, 0x00,
                 ;0x00, 0x00, 0x00, 0x00, 0x00, 0x00, 0x00, 0x00,
                 ;0x00, 0x00, 0x00, 0x00, 0x00, 0x00, 0x00, 0x00,
                 ;0x00, 0x00, 0x00, 0x00, 0x00, 0x00, 0x00, 0x00,
                 ;0x00, 0x00, 0x00, 0x00, 0x00, 0x00, 0x00, 0x00,
                 ;0x00, 0x00, 0x00, 0x00, 0x00, 0x00, 0x00, 0x00,
                 ;0x00, 0x00, 0x00, 0x00, 0x00, 0x00, 0x00, 0x00,
                 ;0x00, 0x00, 0x00, 0x00, 0x00, 0x00, 0x00, 0x00,
                 ;0x00, 0x00, 0x00, 0x00, 0x00, 0x00, 0x00, 0x00,
                 ;0x00, 0x00, 0x00, 0x00, 0x00, 0x00, 0x00, 0x00,
                 ;0x00, 0x00, 0x00, 0x00, 0x00, 0x00, 0x00, 0x00,
                 ;0x00, 0x00, 0x00, 0x00, 0x00, 0x00, 0x00, 0x00,
                 ;0x00, 0x00, 0x00, 0x00, 0x00, 0x00, 0x00, 0x00,
                 ;0x00, 0x00, 0x00, 0x00, 0x00, 0x00, 0x00, 0x00,
                 ;0x00, 0x00, 0x00, 0x00, 0x00, 0x00, 0x00, 0x00,
                 ;0x00, 0x00, 0x00, 0x00, 0x00, 0x00, 0x00, 0x00,
                 ;0x00, 0x00, 0x00, 0x00, 0x00, 0x00, 0x00, 0x00,
                 ;0x00, 0x00, 0x00, 0x00, 0x00, 0x00, 0x00, 0x00,
                 ;#else
                 ;/* Image data for monochrome displays organized
                 ;   as rows of vertical bytes */
                 ;0x00, 0x00, 0x00, 0x00, 0x00, 0x00, 0x00, 0x00,
                 ;0x00, 0x00, 0x00, 0x00, 0x00, 0x00, 0x00, 0x00,
                 ;0x00, 0x00, 0x00, 0x00, 0x00, 0x00, 0x00, 0x00,
                 ;0x00, 0x00, 0x00, 0x00, 0x00, 0x00, 0x00, 0x00,
                 ;0x00, 0x00, 0x00, 0x00, 0x00, 0x00, 0x00, 0x00,
                 ;0x00, 0x00, 0x00, 0x00, 0x00, 0x00, 0x00, 0x00,
                 ;0x00, 0x00, 0x00, 0x00, 0x00, 0x00, 0x00, 0x00,
                 ;0x00, 0x00, 0x00, 0x00, 0x00, 0x00, 0x00, 0x00,
                 ;0x00, 0x00, 0x00, 0x00, 0x00, 0x00, 0x00, 0x00,
                 ;0x00, 0x00, 0x00, 0x00, 0x00, 0x00, 0x00, 0x00,
                 ;0x00, 0x00, 0x00, 0x00, 0x00, 0x00, 0x00, 0x00,
                 ;0x00, 0x00, 0x00, 0x00, 0x00, 0x00, 0x00, 0x00,
                 ;0x00, 0x00, 0x00, 0x00, 0x00, 0x00, 0x00, 0x00,
                 ;0x00, 0x00, 0x00, 0x00, 0x00, 0x00, 0x00, 0x00,
                 ;0x00, 0x00, 0x00, 0x00, 0x00, 0x00, 0x00, 0x00,
                 ;0x00, 0x00, 0x00, 0x00, 0x00, 0x00, 0x00, 0x00,
                 ;0x00, 0x00, 0x00, 0x00, 0x00, 0x00, 0x00, 0x00,
                 ;0x00, 0x00, 0x00, 0x00, 0x00, 0x00, 0x00, 0x00,
                 ;0x00, 0x00, 0x00, 0x00, 0x00, 0x00, 0x00, 0x00,
                 ;0x00, 0x00, 0x00, 0x00, 0x00, 0x00, 0x00, 0x00,
                 ;0x00, 0x00, 0x00, 0x00, 0x00, 0x00, 0x00, 0x00,
                 ;0x00, 0x00, 0x00, 0x00, 0x00, 0x00, 0x00, 0x00,
                 ;0x00, 0x00, 0x00, 0x00, 0x04, 0x0E, 0x0E, 0x0E,
                 ;0x1E, 0x3E, 0x3F, 0xFD, 0xFD, 0xF9, 0xF9, 0xF9,
                 ;0x7D, 0x1E, 0x0E, 0x0A, 0x02, 0x00, 0x08, 0x00,
                 ;0x10, 0x10, 0x10, 0x30, 0x00, 0x00, 0x00, 0x00,
                 ;0x00, 0x00, 0x00, 0x00, 0x00, 0x00, 0x00, 0x00,
                 ;0x00, 0x00, 0x00, 0x00, 0x00, 0x00, 0x00, 0x00,
                 ;0x00, 0x00, 0x00, 0x00, 0x00, 0x00, 0x00, 0x00,
                 ;0x00, 0x00, 0x00, 0x00, 0x00, 0x00, 0x00, 0x00,
                 ;0x00, 0x00, 0x00, 0x00, 0x00, 0x00, 0x00, 0x00,
                 ;0x00, 0x00, 0x00, 0x00, 0x00, 0x00, 0x00, 0x00,
                 ;0x00, 0x00, 0x00, 0x00, 0x00, 0x00, 0x00, 0x00,
                 ;0x00, 0x00, 0x00, 0x00, 0x00, 0x00, 0x00, 0x00,
                 ;0x00, 0x00, 0x00, 0x00, 0x00, 0x00, 0x00, 0x00,
                 ;0x00, 0x00, 0x00, 0x00, 0x00, 0x00, 0x00, 0x00,
                 ;0x00, 0x00, 0x00, 0x00, 0x00, 0x00, 0x00, 0x00,
                 ;0x00, 0x00, 0x00, 0x00, 0x00, 0x00, 0x00, 0x00,
                 ;0x40, 0x60, 0x70, 0x78, 0x7C, 0x7C, 0x7E, 0xFE,
                 ;0xFE, 0xFE, 0xFF, 0xFF, 0xFF, 0xFF, 0xFF, 0xF2,
                 ;0x80, 0x00, 0x00, 0x00, 0x00, 0x00, 0x00, 0x00,
                 ;0x00, 0x00, 0x00, 0xF0, 0xE0, 0x43, 0xFC, 0x00,
                 ;0x00, 0x00, 0x00, 0x00, 0x00, 0x00, 0x00, 0x00,
                 ;0x00, 0x00, 0x00, 0x00, 0x00, 0x00, 0x00, 0x00,
                 ;0x00, 0x00, 0x00, 0x00, 0x00, 0x00, 0x00, 0x00,
                 ;0x00, 0x00, 0x00, 0x00, 0x00, 0x00, 0x00, 0x00,
                 ;0x00, 0x00, 0x00, 0x00, 0x00, 0x00, 0x00, 0x00,
                 ;0x00, 0x00, 0x00, 0x00, 0x00, 0x00, 0x00, 0x00,
                 ;0x00, 0x00, 0x00, 0x00, 0x00, 0x00, 0x00, 0x00,
                 ;0x00, 0x00, 0x00, 0x00, 0x00, 0x00, 0x00, 0x00,
                 ;0x00, 0x00, 0x00, 0x00, 0x00, 0x00, 0x00, 0x00,
                 ;0x00, 0x00, 0x00, 0x00, 0x00, 0x00, 0x00, 0x00,
                 ;0x00, 0x00, 0x00, 0x00, 0x00, 0x00, 0x00, 0x00,
                 ;0x00, 0x00, 0x00, 0x00, 0x00, 0x00, 0x00, 0x00,
                 ;0x00, 0x00, 0x80, 0xC0, 0xF0, 0xF8, 0xF8, 0x3C,
                 ;0x3C, 0x3C, 0x3C, 0x3F, 0xFF, 0xFF, 0xFF, 0xFF,
                 ;0xFF, 0xFF, 0xFB, 0xC5, 0x80, 0x80, 0x80, 0x80,
                 ;0x80, 0x80, 0x00, 0x21, 0x00, 0x08, 0x0F, 0x0C,
                 ;0x00, 0x00, 0x00, 0x00, 0x00, 0x00, 0x00, 0x00,
                 ;0x00, 0x00, 0x00, 0x00, 0x00, 0x00, 0x00, 0x00,
                 ;0x00, 0x00, 0x00, 0x00, 0x00, 0x00, 0x00, 0x00,
                 ;0x00, 0x00, 0x00, 0x00, 0x00, 0x00, 0x00, 0x00,
                 ;0x00, 0x00, 0x00, 0x00, 0x00, 0x00, 0x00, 0x00,
                 ;0x00, 0x00, 0x00, 0x00, 0x00, 0x00, 0x00, 0x00,
                 ;0x00, 0x00, 0x00, 0x00, 0x00, 0x00, 0x00, 0x00,
                 ;0x00, 0x00, 0x00, 0x00, 0x00, 0x00, 0x00, 0x00,
                 ;0x00, 0x00, 0x00, 0x00, 0x00, 0x00, 0x00, 0x00,
                 ;0x00, 0x00, 0x00, 0x00, 0x00, 0x00, 0x00, 0x00,
                 ;0x00, 0x00, 0x00, 0x00, 0x00, 0x00, 0x00, 0x00,
                 ;0x00, 0x00, 0x00, 0x00, 0x00, 0x00, 0x00, 0x00,
                 ;0x00, 0x00, 0x01, 0x00, 0x00, 0x00, 0xE0, 0x40,
                 ;0x40, 0x40, 0x40, 0x00, 0xC0, 0xE0, 0xFA, 0xFA,
                 ;0xFF, 0xC7, 0xC3, 0xC1, 0xFF, 0x80, 0x00, 0x00,
                 ;0x00, 0x00, 0x00, 0x00, 0x00, 0x00, 0x00, 0x00,
                 ;0x00, 0x00, 0x00, 0x00, 0x00, 0x00, 0x00, 0x00,
                 ;0x00, 0x00, 0x00, 0x00, 0x00, 0x00, 0x00, 0x00,
                 ;0x00, 0x00, 0x00, 0x00, 0x00, 0x00, 0x00, 0x00,
                 ;0x00, 0x00, 0x00, 0x00, 0x00, 0x00, 0x00, 0x00,
                 ;0x00, 0x00, 0x00, 0x00, 0x00, 0x00, 0x00, 0x00,
                 ;0x00, 0x00, 0x00, 0x00, 0x00, 0x00, 0x00, 0x00,
                 ;0x00, 0x00, 0x00, 0x00, 0x00, 0x00, 0x00, 0x00,
                 ;0x00, 0x00, 0x00, 0x00, 0x00, 0x00, 0x00, 0x00,
                 ;0x00, 0x00, 0x00, 0x00, 0x00, 0x00, 0x00, 0x00,
                 ;0x00, 0x00, 0x00, 0x00, 0x00, 0x00, 0x00, 0x00,
                 ;0x00, 0x00, 0x00, 0x00, 0x00, 0x00, 0x00, 0x00,
                 ;0x00, 0x00, 0x00, 0x00, 0x00, 0x00, 0x00, 0x00,
                 ;0x00, 0x00, 0x00, 0x00, 0x00, 0x00, 0x01, 0x00,
                 ;0x00, 0x00, 0x00, 0x09, 0x3D, 0xB4, 0xE0, 0xE0,
                 ;0x01, 0x07, 0x07, 0x07, 0x03, 0x01, 0x00, 0x00,
                 ;0x00, 0x00, 0x00, 0x00, 0x00, 0x00, 0x00, 0x00,
                 ;0x00, 0x00, 0x00, 0x00, 0x00, 0x00, 0x00, 0x00,
                 ;0x00, 0x00, 0x00, 0x00, 0x00, 0x00, 0x00, 0x00,
                 ;0x00, 0x00, 0x00, 0x00, 0x00, 0x00, 0x00, 0x00,
                 ;0x00, 0x00, 0x00, 0x00, 0x00, 0x00, 0x00, 0x00,
                 ;0x00, 0x00, 0x00, 0x00, 0x00, 0x00, 0x00, 0x00,
                 ;0x00, 0x00, 0x00, 0x00, 0x00, 0x00, 0x00, 0x00,
                 ;0x00, 0x00, 0x00, 0x00, 0x00, 0x00, 0x00, 0x00,
                 ;0x00, 0x00, 0x00, 0x00, 0x00, 0x00, 0x00, 0x00,
                 ;0x00, 0x00, 0x00, 0x00, 0x00, 0x00, 0x00, 0x00,
                 ;0x00, 0x00, 0x00, 0x00, 0x00, 0x00, 0x00, 0x00,
                 ;0x00, 0x00, 0x00, 0x00, 0x00, 0x00, 0x00, 0x00,
                 ;0x00, 0x00, 0x00, 0x00, 0x00, 0x00, 0x00, 0x00,
                 ;0x00, 0x00, 0x00, 0x10, 0x3C, 0x7E, 0x47, 0x7B,
                 ;0x7B, 0x79, 0x71, 0x7C, 0x7C, 0x7C, 0x7D, 0x7F,
                 ;0x7C, 0x3C, 0x1C, 0x1C, 0x00, 0x00, 0x00, 0x00,
                 ;0x00, 0x00, 0x00, 0x00, 0x00, 0x00, 0x00, 0x00,
                 ;0x00, 0x00, 0x00, 0x00, 0x00, 0x00, 0x00, 0x00,
                 ;0x00, 0x00, 0x00, 0x00, 0x00, 0x00, 0x00, 0x00,
                 ;0x00, 0x00, 0x00, 0x00, 0x00, 0x00, 0x00, 0x00,
                 ;0x00, 0x00, 0x00, 0x00, 0x00, 0x00, 0x00, 0x00,
                 ;0x00, 0x00, 0x00, 0x00, 0x00, 0x00, 0x00, 0x00,
                 ;0x00, 0x00, 0x00, 0x00, 0x00, 0x00, 0x00, 0x00,
                 ;0x00, 0x00, 0x00, 0x00, 0x00, 0x00, 0x00, 0x00,
                 ;0x00, 0x00, 0x00, 0x00, 0x00, 0x00, 0x00, 0x00,
                 ;0x00, 0x00, 0x00, 0x00, 0x00, 0x00, 0x00, 0x00,
                 ;0x00, 0x00, 0x00, 0x00, 0x00, 0x00, 0x00, 0x00,
                 ;0x00, 0x00, 0x00, 0x00, 0x00, 0x00, 0x00, 0x00,
                 ;0x00, 0x00, 0x00, 0x00, 0x00, 0x00, 0x00, 0x00,
                 ;0x00, 0x00, 0x00, 0x00, 0x00, 0x00, 0x00, 0x00,
                 ;0x00, 0x00, 0x00, 0x00, 0x00, 0x00, 0x00, 0x00,
                 ;0x00, 0x00, 0x00, 0x00, 0x00, 0x00, 0x00, 0x00,
                 ;0x00, 0x00, 0x00, 0x00, 0x00, 0x00, 0x00, 0x00,
                 ;0x00, 0x00, 0x00, 0x00, 0x00, 0x00, 0x00, 0x00,
                 ;0x00, 0x00, 0x00, 0x00, 0x00, 0x00, 0x00, 0x00,
                 ;0x00, 0x00, 0x00, 0x00, 0x00, 0x00, 0x00, 0x00,
                 ;0x00, 0x00, 0x00, 0x00, 0x00, 0x00, 0x00, 0x00,
                 ;0x00, 0x00, 0x00, 0x00, 0x00, 0x00, 0x00, 0x00,
                 ;0x00, 0x00, 0x00, 0x00, 0x00, 0x00, 0x00, 0x00,
                 ;#endif
                 ;};
                 ;
                 ;#include "frames/f2/f2.c"
                 ;/****************************************************************************
                 ;Image data created by the LCD Vision V1.05 font & image editor/converter
                 ;(C) Copyright 2011-2013 Pavel Haiduc, HP InfoTech s.r.l.
                 ;http://www.hpinfotech.com
                 ;
                 ;Graphic LCD controller: KS0108 128x64 CS1,CS2
                 ;Image width: 128 pixels
                 ;Image height: 64 pixels
                 ;Color depth: 1 bits/pixel
                 ;Imported image file name: f2.bmp
                 ;
                 ;Exported monochrome image data size:
                 ;1028 bytes for displays organized as horizontal rows of bytes
                 ;1028 bytes for displays organized as rows of vertical bytes.
                 ;****************************************************************************/
                 ;
                 ;flash unsigned char f2[]=
                 ;{
                 ;/* Image width: 128 pixels */
                 ;0x80, 0x00,
                 ;/* Image height: 64 pixels */
                 ;0x40, 0x00,
                 ;#ifndef _GLCD_DATA_BYTEY_
                 ;/* Image data for monochrome displays organized
                 ;   as horizontal rows of bytes */
                 ;0x00, 0x00, 0x00, 0x00, 0x00, 0x00, 0x00, 0x00,
                 ;0x00, 0x00, 0x00, 0x00, 0x00, 0x00, 0x00, 0x00,
                 ;0x00, 0x00, 0x00, 0x00, 0x00, 0x00, 0x00, 0x00,
                 ;0x00, 0x00, 0x00, 0x00, 0x00, 0x00, 0x00, 0x00,
                 ;0x00, 0x00, 0x00, 0x00, 0x00, 0x00, 0x00, 0x00,
                 ;0x00, 0x00, 0x00, 0x00, 0x00, 0x00, 0x00, 0x00,
                 ;0x00, 0x00, 0x00, 0x00, 0x00, 0x00, 0x00, 0x00,
                 ;0x00, 0x00, 0x00, 0x00, 0x00, 0x00, 0x00, 0x00,
                 ;0x00, 0x00, 0x00, 0x00, 0x00, 0x00, 0x00, 0x00,
                 ;0x00, 0x00, 0x00, 0x00, 0x00, 0x00, 0x00, 0x00,
                 ;0x00, 0x00, 0x00, 0x00, 0x00, 0x00, 0x00, 0x00,
                 ;0x00, 0x00, 0x00, 0x00, 0x00, 0x00, 0x00, 0x00,
                 ;0x00, 0x00, 0x00, 0x00, 0x00, 0x00, 0x00, 0x00,
                 ;0x00, 0x00, 0x00, 0x00, 0x00, 0x00, 0x00, 0x00,
                 ;0x00, 0x00, 0x00, 0x00, 0x00, 0x00, 0x00, 0x00,
                 ;0x00, 0x00, 0x00, 0x00, 0x00, 0x00, 0x00, 0x00,
                 ;0x00, 0x00, 0x00, 0x00, 0x00, 0x00, 0x00, 0x00,
                 ;0x00, 0x00, 0x00, 0x00, 0x00, 0x00, 0x00, 0x00,
                 ;0x00, 0x00, 0x00, 0x00, 0x00, 0x00, 0x20, 0x00,
                 ;0x00, 0x00, 0x00, 0x00, 0x00, 0x00, 0x00, 0x00,
                 ;0x00, 0x00, 0x00, 0x00, 0x00, 0x00, 0xF0, 0x1F,
                 ;0x00, 0x00, 0x00, 0x00, 0x00, 0x00, 0x00, 0x00,
                 ;0x00, 0x00, 0x00, 0x00, 0x00, 0x00, 0xC0, 0x3F,
                 ;0x00, 0x02, 0x00, 0x00, 0x00, 0x00, 0x00, 0x00,
                 ;0x00, 0x00, 0x00, 0x00, 0x00, 0x00, 0x00, 0xFE,
                 ;0x13, 0x00, 0x00, 0x00, 0x00, 0x00, 0x00, 0x00,
                 ;0x00, 0x00, 0x00, 0x00, 0x00, 0x00, 0x00, 0xFC,
                 ;0x0F, 0x00, 0x00, 0x00, 0x00, 0x00, 0x00, 0x00,
                 ;0x00, 0x00, 0x00, 0x00, 0x00, 0x00, 0x00, 0xF8,
                 ;0x0F, 0x00, 0x00, 0x00, 0x00, 0x00, 0x00, 0x00,
                 ;0x00, 0x00, 0x00, 0x00, 0x00, 0x00, 0x00, 0xF8,
                 ;0x03, 0x00, 0x00, 0x00, 0x00, 0x00, 0x00, 0x00,
                 ;0x00, 0x00, 0x00, 0x00, 0x00, 0x00, 0x00, 0xFE,
                 ;0x13, 0x00, 0x00, 0x00, 0x00, 0x00, 0x00, 0x00,
                 ;0x00, 0x00, 0x00, 0x00, 0x00, 0x00, 0xC0, 0xFF,
                 ;0x13, 0x00, 0x00, 0x00, 0x00, 0x00, 0x00, 0x00,
                 ;0x00, 0x00, 0x00, 0x00, 0x00, 0x00, 0xF0, 0x7F,
                 ;0x00, 0x00, 0x00, 0x00, 0x00, 0x00, 0x00, 0x00,
                 ;0x00, 0x00, 0x00, 0x00, 0x00, 0x00, 0xF8, 0x7F,
                 ;0x00, 0x00, 0x00, 0x00, 0x00, 0x00, 0x00, 0x00,
                 ;0x00, 0x00, 0x00, 0x00, 0x00, 0x00, 0xFC, 0x7F,
                 ;0x00, 0x10, 0x00, 0x00, 0x00, 0x00, 0x00, 0x00,
                 ;0x00, 0x00, 0x00, 0x00, 0x00, 0x00, 0xFE, 0x7F,
                 ;0x00, 0x10, 0x00, 0x00, 0x00, 0x00, 0x00, 0x00,
                 ;0x00, 0x00, 0x00, 0x00, 0x00, 0x00, 0xFF, 0xFF,
                 ;0x00, 0x10, 0x00, 0x00, 0x00, 0x00, 0x00, 0x00,
                 ;0x00, 0x00, 0x00, 0x00, 0x00, 0x00, 0xC0, 0xFF,
                 ;0x01, 0x30, 0x00, 0x00, 0x00, 0x00, 0x00, 0x00,
                 ;0x00, 0x00, 0x00, 0x00, 0x00, 0x00, 0x00, 0xFE,
                 ;0x01, 0x30, 0x00, 0x00, 0x00, 0x00, 0x00, 0x00,
                 ;0x00, 0x00, 0x00, 0x00, 0x00, 0x00, 0x00, 0xFE,
                 ;0x03, 0x00, 0x00, 0x00, 0x00, 0x00, 0x00, 0x00,
                 ;0x00, 0x00, 0x00, 0x00, 0x00, 0x00, 0x80, 0xFF,
                 ;0x07, 0xC0, 0x01, 0x00, 0x00, 0x00, 0x00, 0x00,
                 ;0x00, 0x00, 0x00, 0x00, 0x00, 0x00, 0xE0, 0xFF,
                 ;0x07, 0xE0, 0x00, 0x00, 0x00, 0x00, 0x00, 0x00,
                 ;0x00, 0x00, 0x00, 0x00, 0x00, 0x00, 0xF0, 0xFF,
                 ;0x07, 0x00, 0x00, 0x00, 0x00, 0x00, 0x00, 0x00,
                 ;0x00, 0x00, 0x00, 0x00, 0x00, 0x00, 0xF0, 0x1F,
                 ;0x04, 0x08, 0x00, 0x00, 0x00, 0x00, 0x00, 0x00,
                 ;0x00, 0x00, 0x00, 0x00, 0x00, 0x00, 0xF0, 0x0F,
                 ;0x08, 0x00, 0x00, 0x00, 0x00, 0x00, 0x00, 0x00,
                 ;0x00, 0x00, 0x00, 0x00, 0x00, 0x00, 0xFC, 0x0F,
                 ;0xF0, 0x03, 0x00, 0x00, 0x00, 0x00, 0x00, 0x00,
                 ;0x00, 0x00, 0x00, 0x00, 0x00, 0x00, 0xFC, 0x0F,
                 ;0x10, 0x00, 0x00, 0x00, 0x00, 0x00, 0x00, 0x00,
                 ;0x00, 0x00, 0x00, 0x00, 0x00, 0x00, 0x0C, 0x02,
                 ;0x10, 0x00, 0x00, 0x00, 0x00, 0x00, 0x00, 0x00,
                 ;0x00, 0x00, 0x00, 0x00, 0x00, 0x00, 0x00, 0x00,
                 ;0x10, 0x00, 0x00, 0x00, 0x00, 0x00, 0x00, 0x00,
                 ;0x00, 0x00, 0x00, 0x00, 0x00, 0x00, 0x00, 0x00,
                 ;0x90, 0x01, 0x00, 0x00, 0x00, 0x00, 0x00, 0x00,
                 ;0x00, 0x00, 0x00, 0x00, 0x00, 0x00, 0x80, 0x11,
                 ;0xF9, 0x03, 0x00, 0x00, 0x00, 0x00, 0x00, 0x00,
                 ;0x00, 0x00, 0x00, 0x00, 0x00, 0x00, 0xC0, 0xF7,
                 ;0xFF, 0x03, 0x00, 0x00, 0x00, 0x00, 0x00, 0x00,
                 ;0x00, 0x00, 0x00, 0x00, 0x00, 0x00, 0xC0, 0xF0,
                 ;0xFF, 0x01, 0x00, 0x00, 0x00, 0x00, 0x00, 0x00,
                 ;0x00, 0x00, 0x00, 0x00, 0x00, 0x00, 0x40, 0xF0,
                 ;0xFF, 0x01, 0x00, 0x00, 0x00, 0x00, 0x00, 0x00,
                 ;0x00, 0x00, 0x00, 0x00, 0x00, 0x00, 0x40, 0xF0,
                 ;0xEF, 0x01, 0x00, 0x00, 0x00, 0x00, 0x00, 0x00,
                 ;0x00, 0x00, 0x00, 0x00, 0x00, 0x00, 0x00, 0xF8,
                 ;0x18, 0x00, 0x00, 0x00, 0x00, 0x00, 0x00, 0x00,
                 ;0x00, 0x00, 0x00, 0x00, 0x00, 0x00, 0x00, 0xF8,
                 ;0x08, 0x00, 0x00, 0x00, 0x00, 0x00, 0x00, 0x00,
                 ;0x00, 0x00, 0x00, 0x00, 0x00, 0x00, 0x18, 0x7C,
                 ;0x0C, 0x00, 0x00, 0x00, 0x00, 0x00, 0x00, 0x00,
                 ;0x00, 0x00, 0x00, 0x00, 0x00, 0x00, 0x1E, 0x3C,
                 ;0x7F, 0x01, 0x00, 0x00, 0x00, 0x00, 0x00, 0x00,
                 ;0x00, 0x00, 0x00, 0x00, 0x00, 0x00, 0x1E, 0x3C,
                 ;0xFF, 0x00, 0x00, 0x00, 0x00, 0x00, 0x00, 0x00,
                 ;0x00, 0x00, 0x00, 0x00, 0x00, 0x00, 0x1E, 0x1C,
                 ;0x3C, 0x06, 0x00, 0x00, 0x00, 0x00, 0x00, 0x00,
                 ;0x00, 0x00, 0x00, 0x00, 0x00, 0x00, 0x1E, 0x00,
                 ;0xF0, 0x0F, 0x00, 0x00, 0x00, 0x00, 0x00, 0x00,
                 ;0x00, 0x00, 0x00, 0x00, 0x00, 0x00, 0x3E, 0x00,
                 ;0x00, 0x3F, 0x00, 0x00, 0x00, 0x00, 0x00, 0x00,
                 ;0x00, 0x00, 0x00, 0x00, 0x00, 0x00, 0x7E, 0x00,
                 ;0x00, 0xFF, 0x00, 0x00, 0x00, 0x00, 0x00, 0x00,
                 ;0x00, 0x00, 0x00, 0x00, 0x00, 0x00, 0x82, 0x07,
                 ;0x00, 0x70, 0x00, 0x00, 0x00, 0x00, 0x00, 0x00,
                 ;0x00, 0x00, 0x00, 0x00, 0x00, 0x00, 0xE2, 0x07,
                 ;0x00, 0x00, 0x00, 0x00, 0x00, 0x00, 0x00, 0x00,
                 ;0x00, 0x00, 0x00, 0x00, 0x00, 0x00, 0xFA, 0x1F,
                 ;0x00, 0x00, 0x00, 0x00, 0x00, 0x00, 0x00, 0x00,
                 ;0x00, 0x00, 0x00, 0x00, 0x00, 0x00, 0xFC, 0xFF,
                 ;0x00, 0x00, 0x00, 0x00, 0x00, 0x00, 0x00, 0x00,
                 ;0x00, 0x00, 0x00, 0x00, 0x00, 0x00, 0xFC, 0xFF,
                 ;0x00, 0x00, 0x00, 0x00, 0x00, 0x00, 0x00, 0x00,
                 ;0x00, 0x00, 0x00, 0x00, 0x00, 0x00, 0x00, 0x00,
                 ;0x00, 0x00, 0x00, 0x00, 0x00, 0x00, 0x00, 0x00,
                 ;0x00, 0x00, 0x00, 0x00, 0x00, 0x00, 0x00, 0x00,
                 ;0x00, 0x00, 0x00, 0x00, 0x00, 0x00, 0x00, 0x00,
                 ;0x00, 0x00, 0x00, 0x00, 0x00, 0x00, 0x00, 0x00,
                 ;0x00, 0x00, 0x00, 0x00, 0x00, 0x00, 0x00, 0x00,
                 ;0x00, 0x00, 0x00, 0x00, 0x00, 0x00, 0x00, 0x00,
                 ;0x00, 0x00, 0x00, 0x00, 0x00, 0x00, 0x00, 0x00,
                 ;0x00, 0x00, 0x00, 0x00, 0x00, 0x00, 0x00, 0x00,
                 ;0x00, 0x00, 0x00, 0x00, 0x00, 0x00, 0x00, 0x00,
                 ;0x00, 0x00, 0x00, 0x00, 0x00, 0x00, 0x00, 0x00,
                 ;0x00, 0x00, 0x00, 0x00, 0x00, 0x00, 0x00, 0x00,
                 ;0x00, 0x00, 0x00, 0x00, 0x00, 0x00, 0x00, 0x00,
                 ;0x00, 0x00, 0x00, 0x00, 0x00, 0x00, 0x00, 0x00,
                 ;0x00, 0x00, 0x00, 0x00, 0x00, 0x00, 0x00, 0x00,
                 ;0x00, 0x00, 0x00, 0x00, 0x00, 0x00, 0x00, 0x00,
                 ;0x00, 0x00, 0x00, 0x00, 0x00, 0x00, 0x00, 0x00,
                 ;0x00, 0x00, 0x00, 0x00, 0x00, 0x00, 0x00, 0x00,
                 ;#else
                 ;/* Image data for monochrome displays organized
                 ;   as rows of vertical bytes */
                 ;0x00, 0x00, 0x00, 0x00, 0x00, 0x00, 0x00, 0x00,
                 ;0x00, 0x00, 0x00, 0x00, 0x00, 0x00, 0x00, 0x00,
                 ;0x00, 0x00, 0x00, 0x00, 0x00, 0x00, 0x00, 0x00,
                 ;0x00, 0x00, 0x00, 0x00, 0x00, 0x00, 0x00, 0x00,
                 ;0x00, 0x00, 0x00, 0x00, 0x00, 0x00, 0x00, 0x00,
                 ;0x00, 0x00, 0x00, 0x00, 0x00, 0x00, 0x00, 0x00,
                 ;0x00, 0x00, 0x00, 0x00, 0x00, 0x00, 0x00, 0x00,
                 ;0x00, 0x00, 0x00, 0x00, 0x00, 0x00, 0x00, 0x00,
                 ;0x00, 0x00, 0x00, 0x00, 0x00, 0x00, 0x00, 0x00,
                 ;0x00, 0x00, 0x00, 0x00, 0x00, 0x00, 0x00, 0x00,
                 ;0x00, 0x00, 0x00, 0x00, 0x00, 0x00, 0x00, 0x00,
                 ;0x00, 0x00, 0x00, 0x00, 0x00, 0x00, 0x00, 0x00,
                 ;0x00, 0x00, 0x00, 0x00, 0x00, 0x00, 0x00, 0x00,
                 ;0x00, 0x00, 0x00, 0x00, 0x00, 0x00, 0x00, 0x00,
                 ;0x00, 0x00, 0x00, 0x00, 0x00, 0x00, 0x00, 0x00,
                 ;0x00, 0x00, 0x00, 0x00, 0x00, 0x00, 0x00, 0x00,
                 ;0x00, 0x00, 0x00, 0x00, 0x00, 0x00, 0x00, 0x00,
                 ;0x00, 0x00, 0x00, 0x00, 0x00, 0x00, 0x00, 0x00,
                 ;0x00, 0x00, 0x00, 0x00, 0x00, 0x00, 0x00, 0x00,
                 ;0x00, 0x00, 0x00, 0x00, 0x00, 0x00, 0x00, 0x00,
                 ;0x00, 0x00, 0x00, 0x00, 0x00, 0x00, 0x00, 0x00,
                 ;0x00, 0x00, 0x00, 0x00, 0x00, 0x00, 0x00, 0x00,
                 ;0x00, 0x00, 0x00, 0x00, 0x04, 0x06, 0x0C, 0x0C,
                 ;0x0C, 0x1C, 0x3C, 0xFC, 0xFC, 0xF8, 0xF0, 0xF0,
                 ;0xF0, 0xF0, 0x60, 0x60, 0x10, 0x00, 0x00, 0x00,
                 ;0x00, 0x08, 0x00, 0x00, 0x00, 0x00, 0x00, 0x00,
                 ;0x00, 0x00, 0x00, 0x00, 0x00, 0x00, 0x00, 0x00,
                 ;0x00, 0x00, 0x00, 0x00, 0x00, 0x00, 0x00, 0x00,
                 ;0x00, 0x00, 0x00, 0x00, 0x00, 0x00, 0x00, 0x00,
                 ;0x00, 0x00, 0x00, 0x00, 0x00, 0x00, 0x00, 0x00,
                 ;0x00, 0x00, 0x00, 0x00, 0x00, 0x00, 0x00, 0x00,
                 ;0x00, 0x00, 0x00, 0x00, 0x00, 0x00, 0x00, 0x00,
                 ;0x00, 0x00, 0x00, 0x00, 0x00, 0x00, 0x00, 0x00,
                 ;0x00, 0x00, 0x00, 0x00, 0x00, 0x00, 0x00, 0x00,
                 ;0x00, 0x00, 0x00, 0x00, 0x00, 0x00, 0x00, 0x00,
                 ;0x00, 0x00, 0x00, 0x00, 0x00, 0x00, 0x00, 0x00,
                 ;0x00, 0x00, 0x00, 0x00, 0x00, 0x00, 0x00, 0x00,
                 ;0x00, 0x00, 0x00, 0x00, 0x00, 0x00, 0x00, 0x00,
                 ;0x40, 0x60, 0x70, 0x78, 0x7C, 0x7C, 0xFE, 0xFE,
                 ;0xFE, 0xFF, 0xFF, 0xFF, 0xFF, 0xFF, 0xFF, 0xC3,
                 ;0x83, 0x03, 0x00, 0x00, 0x03, 0x00, 0x00, 0x00,
                 ;0x00, 0x00, 0x00, 0x00, 0xF0, 0x80, 0x00, 0x00,
                 ;0x00, 0x00, 0x00, 0x00, 0x00, 0x00, 0x00, 0x00,
                 ;0x00, 0x00, 0x00, 0x00, 0x00, 0x00, 0x00, 0x00,
                 ;0x00, 0x00, 0x00, 0x00, 0x00, 0x00, 0x00, 0x00,
                 ;0x00, 0x00, 0x00, 0x00, 0x00, 0x00, 0x00, 0x00,
                 ;0x00, 0x00, 0x00, 0x00, 0x00, 0x00, 0x00, 0x00,
                 ;0x00, 0x00, 0x00, 0x00, 0x00, 0x00, 0x00, 0x00,
                 ;0x00, 0x00, 0x00, 0x00, 0x00, 0x00, 0x00, 0x00,
                 ;0x00, 0x00, 0x00, 0x00, 0x00, 0x00, 0x00, 0x00,
                 ;0x00, 0x00, 0x00, 0x00, 0x00, 0x00, 0x00, 0x00,
                 ;0x00, 0x00, 0x00, 0x00, 0x00, 0x00, 0x00, 0x00,
                 ;0x00, 0x00, 0x00, 0x00, 0x00, 0x00, 0x00, 0x00,
                 ;0x00, 0x00, 0x00, 0x00, 0x00, 0x00, 0x00, 0x00,
                 ;0x00, 0x00, 0x80, 0x80, 0xF0, 0xF8, 0xF8, 0xFC,
                 ;0xFC, 0xFF, 0xFF, 0xFF, 0x3F, 0x1F, 0x1F, 0x1F,
                 ;0x1F, 0x1E, 0x3C, 0x40, 0x80, 0x80, 0x80, 0x80,
                 ;0x80, 0x80, 0x00, 0x20, 0x01, 0x09, 0x0C, 0x0C,
                 ;0x04, 0x00, 0x00, 0x00, 0x00, 0x00, 0x00, 0x00,
                 ;0x00, 0x00, 0x00, 0x00, 0x00, 0x00, 0x00, 0x00,
                 ;0x00, 0x00, 0x00, 0x00, 0x00, 0x00, 0x00, 0x00,
                 ;0x00, 0x00, 0x00, 0x00, 0x00, 0x00, 0x00, 0x00,
                 ;0x00, 0x00, 0x00, 0x00, 0x00, 0x00, 0x00, 0x00,
                 ;0x00, 0x00, 0x00, 0x00, 0x00, 0x00, 0x00, 0x00,
                 ;0x00, 0x00, 0x00, 0x00, 0x00, 0x00, 0x00, 0x00,
                 ;0x00, 0x00, 0x00, 0x00, 0x00, 0x00, 0x00, 0x00,
                 ;0x00, 0x00, 0x00, 0x00, 0x00, 0x00, 0x00, 0x00,
                 ;0x00, 0x00, 0x00, 0x00, 0x00, 0x00, 0x00, 0x00,
                 ;0x00, 0x00, 0x00, 0x00, 0x00, 0x00, 0x00, 0x00,
                 ;0x00, 0x00, 0x00, 0x00, 0x00, 0x00, 0x00, 0x00,
                 ;0x00, 0x00, 0x03, 0x03, 0x01, 0x01, 0xE1, 0x71,
                 ;0x31, 0x23, 0x21, 0x01, 0xF0, 0xE0, 0xE0, 0xE0,
                 ;0xF0, 0xE0, 0xE0, 0xF0, 0xFF, 0xF0, 0xF0, 0xF8,
                 ;0xF8, 0x30, 0x00, 0x00, 0x00, 0x00, 0x00, 0x00,
                 ;0x00, 0x00, 0x00, 0x00, 0x00, 0x00, 0x00, 0x00,
                 ;0x00, 0x00, 0x00, 0x00, 0x00, 0x00, 0x00, 0x00,
                 ;0x00, 0x00, 0x00, 0x00, 0x00, 0x00, 0x00, 0x00,
                 ;0x00, 0x00, 0x00, 0x00, 0x00, 0x00, 0x00, 0x00,
                 ;0x00, 0x00, 0x00, 0x00, 0x00, 0x00, 0x00, 0x00,
                 ;0x00, 0x00, 0x00, 0x00, 0x00, 0x00, 0x00, 0x00,
                 ;0x00, 0x00, 0x00, 0x00, 0x00, 0x00, 0x00, 0x00,
                 ;0x00, 0x00, 0x00, 0x00, 0x00, 0x00, 0x00, 0x00,
                 ;0x00, 0x00, 0x00, 0x00, 0x00, 0x00, 0x00, 0x00,
                 ;0x00, 0x00, 0x00, 0x00, 0x00, 0x00, 0x00, 0x00,
                 ;0x00, 0x00, 0x00, 0x00, 0x00, 0x00, 0x00, 0x00,
                 ;0x00, 0x00, 0x00, 0x00, 0x00, 0x00, 0x00, 0x00,
                 ;0x00, 0xF0, 0xF0, 0xF8, 0xF8, 0x00, 0x01, 0x00,
                 ;0x00, 0x00, 0x78, 0x7E, 0x7F, 0x3F, 0x0F, 0x07,
                 ;0x31, 0x31, 0x79, 0x7F, 0xF2, 0xF1, 0xB1, 0xA1,
                 ;0x91, 0xC0, 0xC0, 0x80, 0x00, 0x00, 0x00, 0x00,
                 ;0x00, 0x00, 0x00, 0x00, 0x00, 0x00, 0x00, 0x00,
                 ;0x00, 0x00, 0x00, 0x00, 0x00, 0x00, 0x00, 0x00,
                 ;0x00, 0x00, 0x00, 0x00, 0x00, 0x00, 0x00, 0x00,
                 ;0x00, 0x00, 0x00, 0x00, 0x00, 0x00, 0x00, 0x00,
                 ;0x00, 0x00, 0x00, 0x00, 0x00, 0x00, 0x00, 0x00,
                 ;0x00, 0x00, 0x00, 0x00, 0x00, 0x00, 0x00, 0x00,
                 ;0x00, 0x00, 0x00, 0x00, 0x00, 0x00, 0x00, 0x00,
                 ;0x00, 0x00, 0x00, 0x00, 0x00, 0x00, 0x00, 0x00,
                 ;0x00, 0x00, 0x00, 0x00, 0x00, 0x00, 0x00, 0x00,
                 ;0x00, 0x00, 0x00, 0x00, 0x00, 0x00, 0x00, 0x00,
                 ;0x00, 0x00, 0x00, 0x00, 0x00, 0x00, 0x00, 0x00,
                 ;0x00, 0x00, 0x00, 0x00, 0x00, 0x00, 0x00, 0x00,
                 ;0x00, 0x1F, 0x63, 0x73, 0x73, 0x7B, 0x7A, 0x7C,
                 ;0x7C, 0x7C, 0x7C, 0x70, 0x70, 0x60, 0x60, 0x60,
                 ;0x00, 0x00, 0x00, 0x00, 0x00, 0x00, 0x00, 0x00,
                 ;0x03, 0x03, 0x03, 0x03, 0x07, 0x07, 0x06, 0x02,
                 ;0x00, 0x00, 0x00, 0x00, 0x00, 0x00, 0x00, 0x00,
                 ;0x00, 0x00, 0x00, 0x00, 0x00, 0x00, 0x00, 0x00,
                 ;0x00, 0x00, 0x00, 0x00, 0x00, 0x00, 0x00, 0x00,
                 ;0x00, 0x00, 0x00, 0x00, 0x00, 0x00, 0x00, 0x00,
                 ;0x00, 0x00, 0x00, 0x00, 0x00, 0x00, 0x00, 0x00,
                 ;0x00, 0x00, 0x00, 0x00, 0x00, 0x00, 0x00, 0x00,
                 ;0x00, 0x00, 0x00, 0x00, 0x00, 0x00, 0x00, 0x00,
                 ;0x00, 0x00, 0x00, 0x00, 0x00, 0x00, 0x00, 0x00,
                 ;0x00, 0x00, 0x00, 0x00, 0x00, 0x00, 0x00, 0x00,
                 ;0x00, 0x00, 0x00, 0x00, 0x00, 0x00, 0x00, 0x00,
                 ;0x00, 0x00, 0x00, 0x00, 0x00, 0x00, 0x00, 0x00,
                 ;0x00, 0x00, 0x00, 0x00, 0x00, 0x00, 0x00, 0x00,
                 ;0x00, 0x00, 0x00, 0x00, 0x00, 0x00, 0x00, 0x00,
                 ;0x00, 0x00, 0x00, 0x00, 0x00, 0x00, 0x00, 0x00,
                 ;0x00, 0x00, 0x00, 0x00, 0x00, 0x00, 0x00, 0x00,
                 ;0x00, 0x00, 0x00, 0x00, 0x00, 0x00, 0x00, 0x00,
                 ;0x00, 0x00, 0x00, 0x00, 0x00, 0x00, 0x00, 0x00,
                 ;0x00, 0x00, 0x00, 0x00, 0x00, 0x00, 0x00, 0x00,
                 ;0x00, 0x00, 0x00, 0x00, 0x00, 0x00, 0x00, 0x00,
                 ;0x00, 0x00, 0x00, 0x00, 0x00, 0x00, 0x00, 0x00,
                 ;0x00, 0x00, 0x00, 0x00, 0x00, 0x00, 0x00, 0x00,
                 ;0x00, 0x00, 0x00, 0x00, 0x00, 0x00, 0x00, 0x00,
                 ;#endif
                 ;};
                 ;
                 ;#include "frames/f3/f3.c"
                 ;/****************************************************************************
                 ;Image data created by the LCD Vision V1.05 font & image editor/converter
                 ;(C) Copyright 2011-2013 Pavel Haiduc, HP InfoTech s.r.l.
                 ;http://www.hpinfotech.com
                 ;
                 ;Graphic LCD controller: KS0108 128x64 CS1,CS2
                 ;Image width: 128 pixels
                 ;Image height: 64 pixels
                 ;Color depth: 1 bits/pixel
                 ;Imported image file name: f3.bmp
                 ;
                 ;Exported monochrome image data size:
                 ;1028 bytes for displays organized as horizontal rows of bytes
                 ;1028 bytes for displays organized as rows of vertical bytes.
                 ;****************************************************************************/
                 ;
                 ;flash unsigned char f3[]=
                 ;{
                 ;/* Image width: 128 pixels */
                 ;0x80, 0x00,
                 ;/* Image height: 64 pixels */
                 ;0x40, 0x00,
                 ;#ifndef _GLCD_DATA_BYTEY_
                 ;/* Image data for monochrome displays organized
                 ;   as horizontal rows of bytes */
                 ;0x00, 0x00, 0x00, 0x00, 0x00, 0x00, 0x00, 0x00,
                 ;0x00, 0x00, 0x00, 0x00, 0x00, 0x00, 0x00, 0x00,
                 ;0x00, 0x00, 0x00, 0x00, 0x00, 0x00, 0x00, 0x00,
                 ;0x00, 0x00, 0x00, 0x00, 0x00, 0x00, 0x00, 0x00,
                 ;0x00, 0x00, 0x00, 0x00, 0x00, 0x00, 0x00, 0x00,
                 ;0x00, 0x00, 0x00, 0x00, 0x00, 0x00, 0x00, 0x00,
                 ;0x00, 0x00, 0x00, 0x00, 0x00, 0x00, 0x00, 0x00,
                 ;0x00, 0x00, 0x00, 0x00, 0x00, 0x00, 0x00, 0x00,
                 ;0x00, 0x00, 0x00, 0x00, 0x00, 0x00, 0x00, 0x00,
                 ;0x00, 0x00, 0x00, 0x00, 0x00, 0x00, 0x00, 0x00,
                 ;0x00, 0x00, 0x00, 0x00, 0x00, 0x00, 0x00, 0x00,
                 ;0x00, 0x00, 0x00, 0x00, 0x00, 0x00, 0x00, 0x00,
                 ;0x00, 0x00, 0x00, 0x00, 0x00, 0x00, 0x00, 0x00,
                 ;0x00, 0x00, 0x00, 0x00, 0x00, 0x00, 0x00, 0x00,
                 ;0x00, 0x00, 0x00, 0x00, 0x00, 0x00, 0x00, 0x00,
                 ;0x00, 0x00, 0x00, 0x00, 0x00, 0x00, 0x00, 0x00,
                 ;0x00, 0x00, 0x00, 0x00, 0x00, 0x00, 0x00, 0x00,
                 ;0x00, 0x00, 0x00, 0x00, 0x00, 0x00, 0x00, 0x00,
                 ;0x00, 0x00, 0x00, 0x00, 0x00, 0x00, 0x20, 0x00,
                 ;0x00, 0x00, 0x00, 0x00, 0x00, 0x00, 0x00, 0x00,
                 ;0x00, 0x00, 0x00, 0x00, 0x00, 0x00, 0xE0, 0x1F,
                 ;0x00, 0x00, 0x00, 0x00, 0x00, 0x00, 0x00, 0x00,
                 ;0x00, 0x00, 0x00, 0x00, 0x00, 0x00, 0xC0, 0x3F,
                 ;0x00, 0x02, 0x00, 0x00, 0x00, 0x00, 0x00, 0x00,
                 ;0x00, 0x00, 0x00, 0x00, 0x00, 0x00, 0x00, 0xFE,
                 ;0x11, 0x00, 0x00, 0x00, 0x00, 0x00, 0x00, 0x00,
                 ;0x00, 0x00, 0x00, 0x00, 0x00, 0x00, 0x00, 0xFC,
                 ;0x0F, 0x00, 0x00, 0x00, 0x00, 0x00, 0x00, 0x00,
                 ;0x00, 0x00, 0x00, 0x00, 0x00, 0x00, 0x00, 0xF8,
                 ;0x0F, 0x00, 0x00, 0x00, 0x00, 0x00, 0x00, 0x00,
                 ;0x00, 0x00, 0x00, 0x00, 0x00, 0x00, 0x00, 0xF8,
                 ;0x03, 0x00, 0x00, 0x00, 0x00, 0x00, 0x00, 0x00,
                 ;0x00, 0x00, 0x00, 0x00, 0x00, 0x00, 0x00, 0xFE,
                 ;0x13, 0x00, 0x00, 0x00, 0x00, 0x00, 0x00, 0x00,
                 ;0x00, 0x00, 0x00, 0x00, 0x00, 0x00, 0xC0, 0xFF,
                 ;0x12, 0x00, 0x00, 0x00, 0x00, 0x00, 0x00, 0x00,
                 ;0x00, 0x00, 0x00, 0x00, 0x00, 0x00, 0xF0, 0x7F,
                 ;0x00, 0x00, 0x00, 0x00, 0x00, 0x00, 0x00, 0x00,
                 ;0x00, 0x00, 0x00, 0x00, 0x00, 0x00, 0xF8, 0x7F,
                 ;0x00, 0x00, 0x00, 0x00, 0x00, 0x00, 0x00, 0x00,
                 ;0x00, 0x00, 0x00, 0x00, 0x00, 0x00, 0xFC, 0x7F,
                 ;0x00, 0x10, 0x00, 0x00, 0x00, 0x00, 0x00, 0x00,
                 ;0x00, 0x00, 0x00, 0x00, 0x00, 0x00, 0xFE, 0x7F,
                 ;0x00, 0x10, 0x00, 0x00, 0x00, 0x00, 0x00, 0x00,
                 ;0x00, 0x00, 0x00, 0x00, 0x00, 0x00, 0xFF, 0xFF,
                 ;0x00, 0x10, 0x00, 0x00, 0x00, 0x00, 0x00, 0x00,
                 ;0x00, 0x00, 0x00, 0x00, 0x00, 0x00, 0xC0, 0xFF,
                 ;0x00, 0x30, 0x00, 0x00, 0x00, 0x00, 0x00, 0x00,
                 ;0x00, 0x00, 0x00, 0x00, 0x00, 0x00, 0x00, 0xFE,
                 ;0x01, 0x30, 0x00, 0x00, 0x00, 0x00, 0x00, 0x00,
                 ;0x00, 0x00, 0x00, 0x00, 0x00, 0x00, 0x00, 0xFE,
                 ;0x03, 0x00, 0x00, 0x00, 0x00, 0x00, 0x00, 0x00,
                 ;0x00, 0x00, 0x00, 0x00, 0x00, 0x00, 0x80, 0xFF,
                 ;0x03, 0xC0, 0x01, 0x00, 0x00, 0x00, 0x00, 0x00,
                 ;0x00, 0x00, 0x00, 0x00, 0x00, 0x00, 0xE0, 0xFF,
                 ;0x07, 0xE0, 0x00, 0x00, 0x00, 0x00, 0x00, 0x00,
                 ;0x00, 0x00, 0x00, 0x00, 0x00, 0x00, 0xF0, 0xFF,
                 ;0x07, 0x00, 0x00, 0x00, 0x00, 0x00, 0x00, 0x00,
                 ;0x00, 0x00, 0x00, 0x00, 0x00, 0x00, 0xF0, 0xFF,
                 ;0x07, 0x08, 0x00, 0x00, 0x00, 0x00, 0x00, 0x00,
                 ;0x00, 0x00, 0x00, 0x00, 0x00, 0x00, 0xF0, 0xFF,
                 ;0x0F, 0x00, 0x00, 0x00, 0x00, 0x00, 0x00, 0x00,
                 ;0x00, 0x00, 0x00, 0x00, 0x00, 0x00, 0xFC, 0xFF,
                 ;0xC7, 0x03, 0x00, 0x00, 0x00, 0x00, 0x00, 0x00,
                 ;0x00, 0x00, 0x00, 0x00, 0x00, 0x00, 0x0C, 0x3C,
                 ;0x01, 0x00, 0x00, 0x00, 0x00, 0x00, 0x00, 0x00,
                 ;0x00, 0x00, 0x00, 0x00, 0x00, 0x00, 0x00, 0x5C,
                 ;0x01, 0x00, 0x00, 0x00, 0x00, 0x00, 0x00, 0x00,
                 ;0x00, 0x00, 0x00, 0x00, 0x00, 0x00, 0xE0, 0x7F,
                 ;0x01, 0x00, 0x00, 0x00, 0x00, 0x00, 0x00, 0x00,
                 ;0x00, 0x00, 0x00, 0x00, 0x00, 0x00, 0xFC, 0xFF,
                 ;0x00, 0x00, 0x00, 0x00, 0x00, 0x00, 0x00, 0x00,
                 ;0x00, 0x00, 0x00, 0x00, 0x00, 0x00, 0xF2, 0xFF,
                 ;0x01, 0x00, 0x00, 0x00, 0x00, 0x00, 0x00, 0x00,
                 ;0x00, 0x00, 0x00, 0x00, 0x00, 0x00, 0xE5, 0xFF,
                 ;0x03, 0x00, 0x00, 0x00, 0x00, 0x00, 0x00, 0x00,
                 ;0x00, 0x00, 0x00, 0x00, 0x00, 0x00, 0x0E, 0xF8,
                 ;0x67, 0x00, 0x00, 0x00, 0x00, 0x00, 0x00, 0x00,
                 ;0x00, 0x00, 0x00, 0x00, 0x00, 0x00, 0x06, 0xF8,
                 ;0x0F, 0x00, 0x00, 0x00, 0x00, 0x00, 0x00, 0x00,
                 ;0x00, 0x00, 0x00, 0x00, 0x00, 0x00, 0x46, 0xF0,
                 ;0x07, 0x00, 0x00, 0x00, 0x00, 0x00, 0x00, 0x00,
                 ;0x00, 0x00, 0x00, 0x00, 0x00, 0x00, 0x1A, 0x1C,
                 ;0x00, 0x01, 0x00, 0x00, 0x00, 0x00, 0x00, 0x00,
                 ;0x00, 0x00, 0x00, 0x00, 0x00, 0x00, 0xF8, 0x07,
                 ;0x80, 0x02, 0x00, 0x00, 0x00, 0x00, 0x00, 0x00,
                 ;0x00, 0x00, 0x00, 0x00, 0x00, 0x00, 0x81, 0x00,
                 ;0xF0, 0x06, 0x00, 0x00, 0x00, 0x00, 0x00, 0x00,
                 ;0x00, 0x00, 0x00, 0x00, 0x00, 0x00, 0x01, 0x00,
                 ;0xF0, 0x0F, 0x00, 0x00, 0x00, 0x00, 0x00, 0x00,
                 ;0x00, 0x00, 0x00, 0x00, 0x00, 0x00, 0x03, 0x00,
                 ;0xF0, 0xCF, 0x1F, 0x00, 0x00, 0x00, 0x00, 0x00,
                 ;0x00, 0x00, 0x00, 0x00, 0x00, 0x00, 0x0E, 0x00,
                 ;0xF0, 0xCF, 0x0F, 0x00, 0x00, 0x00, 0x00, 0x00,
                 ;0x00, 0x00, 0x00, 0x00, 0x00, 0x00, 0x00, 0x00,
                 ;0xF0, 0xCF, 0x07, 0x00, 0x00, 0x00, 0x00, 0x00,
                 ;0x00, 0x00, 0x00, 0x00, 0x00, 0x00, 0x40, 0x00,
                 ;0xE0, 0x4F, 0x00, 0x00, 0x00, 0x00, 0x00, 0x00,
                 ;0x00, 0x00, 0x00, 0x00, 0x00, 0xC0, 0x40, 0x00,
                 ;0xC0, 0x7F, 0x00, 0x00, 0x00, 0x00, 0x00, 0x00,
                 ;0x00, 0x00, 0x00, 0x00, 0x00, 0xC0, 0x03, 0x00,
                 ;0x00, 0x00, 0x00, 0x00, 0x00, 0x00, 0x00, 0x00,
                 ;0x00, 0x00, 0x00, 0x00, 0x00, 0xC0, 0x1F, 0x00,
                 ;0x00, 0x00, 0x00, 0x00, 0x00, 0x00, 0x00, 0x00,
                 ;0x00, 0x00, 0x00, 0x00, 0x00, 0xC0, 0x0F, 0x00,
                 ;0x00, 0x00, 0x00, 0x00, 0x00, 0x00, 0x00, 0x00,
                 ;0x00, 0x00, 0x00, 0x00, 0x00, 0xC0, 0x07, 0x00,
                 ;0x00, 0x00, 0x00, 0x00, 0x00, 0x00, 0x00, 0x00,
                 ;0x00, 0x00, 0x00, 0x00, 0x00, 0xC0, 0x07, 0x00,
                 ;0x00, 0x00, 0x00, 0x00, 0x00, 0x00, 0x00, 0x00,
                 ;0x00, 0x00, 0x00, 0x00, 0x00, 0xC0, 0x03, 0x00,
                 ;0x00, 0x00, 0x00, 0x00, 0x00, 0x00, 0x00, 0x00,
                 ;0x00, 0x00, 0x00, 0x00, 0x00, 0x00, 0x00, 0x00,
                 ;0x00, 0x00, 0x00, 0x00, 0x00, 0x00, 0x00, 0x00,
                 ;0x00, 0x00, 0x00, 0x00, 0x00, 0x00, 0x00, 0x00,
                 ;0x00, 0x00, 0x00, 0x00, 0x00, 0x00, 0x00, 0x00,
                 ;0x00, 0x00, 0x00, 0x00, 0x00, 0x00, 0x00, 0x00,
                 ;0x00, 0x00, 0x00, 0x00, 0x00, 0x00, 0x00, 0x00,
                 ;0x00, 0x00, 0x00, 0x00, 0x00, 0x00, 0x00, 0x00,
                 ;0x00, 0x00, 0x00, 0x00, 0x00, 0x00, 0x00, 0x00,
                 ;0x00, 0x00, 0x00, 0x00, 0x00, 0x00, 0x00, 0x00,
                 ;0x00, 0x00, 0x00, 0x00, 0x00, 0x00, 0x00, 0x00,
                 ;0x00, 0x00, 0x00, 0x00, 0x00, 0x00, 0x00, 0x00,
                 ;0x00, 0x00, 0x00, 0x00, 0x00, 0x00, 0x00, 0x00,
                 ;0x00, 0x00, 0x00, 0x00, 0x00, 0x00, 0x00, 0x00,
                 ;0x00, 0x00, 0x00, 0x00, 0x00, 0x00, 0x00, 0x00,
                 ;0x00, 0x00, 0x00, 0x00, 0x00, 0x00, 0x00, 0x00,
                 ;0x00, 0x00, 0x00, 0x00, 0x00, 0x00, 0x00, 0x00,
                 ;#else
                 ;/* Image data for monochrome displays organized
                 ;   as rows of vertical bytes */
                 ;0x00, 0x00, 0x00, 0x00, 0x00, 0x00, 0x00, 0x00,
                 ;0x00, 0x00, 0x00, 0x00, 0x00, 0x00, 0x00, 0x00,
                 ;0x00, 0x00, 0x00, 0x00, 0x00, 0x00, 0x00, 0x00,
                 ;0x00, 0x00, 0x00, 0x00, 0x00, 0x00, 0x00, 0x00,
                 ;0x00, 0x00, 0x00, 0x00, 0x00, 0x00, 0x00, 0x00,
                 ;0x00, 0x00, 0x00, 0x00, 0x00, 0x00, 0x00, 0x00,
                 ;0x00, 0x00, 0x00, 0x00, 0x00, 0x00, 0x00, 0x00,
                 ;0x00, 0x00, 0x00, 0x00, 0x00, 0x00, 0x00, 0x00,
                 ;0x00, 0x00, 0x00, 0x00, 0x00, 0x00, 0x00, 0x00,
                 ;0x00, 0x00, 0x00, 0x00, 0x00, 0x00, 0x00, 0x00,
                 ;0x00, 0x00, 0x00, 0x00, 0x00, 0x00, 0x00, 0x00,
                 ;0x00, 0x00, 0x00, 0x00, 0x00, 0x00, 0x00, 0x00,
                 ;0x00, 0x00, 0x00, 0x00, 0x00, 0x00, 0x00, 0x00,
                 ;0x00, 0x00, 0x00, 0x00, 0x00, 0x00, 0x00, 0x00,
                 ;0x00, 0x00, 0x00, 0x00, 0x00, 0x00, 0x00, 0x00,
                 ;0x00, 0x00, 0x00, 0x00, 0x00, 0x00, 0x00, 0x00,
                 ;0x00, 0x00, 0x00, 0x00, 0x00, 0x00, 0x00, 0x00,
                 ;0x00, 0x00, 0x00, 0x00, 0x00, 0x00, 0x00, 0x00,
                 ;0x00, 0x00, 0x00, 0x00, 0x00, 0x00, 0x00, 0x00,
                 ;0x00, 0x00, 0x00, 0x00, 0x00, 0x00, 0x00, 0x00,
                 ;0x00, 0x00, 0x00, 0x00, 0x00, 0x00, 0x00, 0x00,
                 ;0x00, 0x00, 0x00, 0x00, 0x00, 0x00, 0x00, 0x00,
                 ;0x00, 0x00, 0x00, 0x00, 0x00, 0x06, 0x0C, 0x0C,
                 ;0x0C, 0x1C, 0x3C, 0xFC, 0xFC, 0xF8, 0xF0, 0xF0,
                 ;0xF0, 0xE0, 0x60, 0x60, 0x10, 0x00, 0x00, 0x00,
                 ;0x00, 0x08, 0x00, 0x00, 0x00, 0x00, 0x00, 0x00,
                 ;0x00, 0x00, 0x00, 0x00, 0x00, 0x00, 0x00, 0x00,
                 ;0x00, 0x00, 0x00, 0x00, 0x00, 0x00, 0x00, 0x00,
                 ;0x00, 0x00, 0x00, 0x00, 0x00, 0x00, 0x00, 0x00,
                 ;0x00, 0x00, 0x00, 0x00, 0x00, 0x00, 0x00, 0x00,
                 ;0x00, 0x00, 0x00, 0x00, 0x00, 0x00, 0x00, 0x00,
                 ;0x00, 0x00, 0x00, 0x00, 0x00, 0x00, 0x00, 0x00,
                 ;0x00, 0x00, 0x00, 0x00, 0x00, 0x00, 0x00, 0x00,
                 ;0x00, 0x00, 0x00, 0x00, 0x00, 0x00, 0x00, 0x00,
                 ;0x00, 0x00, 0x00, 0x00, 0x00, 0x00, 0x00, 0x00,
                 ;0x00, 0x00, 0x00, 0x00, 0x00, 0x00, 0x00, 0x00,
                 ;0x00, 0x00, 0x00, 0x00, 0x00, 0x00, 0x00, 0x00,
                 ;0x00, 0x00, 0x00, 0x00, 0x00, 0x00, 0x00, 0x00,
                 ;0x40, 0x60, 0x70, 0x78, 0x7C, 0x7C, 0xFE, 0xFE,
                 ;0xFE, 0xFF, 0xFF, 0xFF, 0xFF, 0xFF, 0xFF, 0xC3,
                 ;0x01, 0x03, 0x00, 0x00, 0x03, 0x00, 0x00, 0x00,
                 ;0x00, 0x00, 0x00, 0x00, 0xF0, 0x80, 0x00, 0x00,
                 ;0x00, 0x00, 0x00, 0x00, 0x00, 0x00, 0x00, 0x00,
                 ;0x00, 0x00, 0x00, 0x00, 0x00, 0x00, 0x00, 0x00,
                 ;0x00, 0x00, 0x00, 0x00, 0x00, 0x00, 0x00, 0x00,
                 ;0x00, 0x00, 0x00, 0x00, 0x00, 0x00, 0x00, 0x00,
                 ;0x00, 0x00, 0x00, 0x00, 0x00, 0x00, 0x00, 0x00,
                 ;0x00, 0x00, 0x00, 0x00, 0x00, 0x00, 0x00, 0x00,
                 ;0x00, 0x00, 0x00, 0x00, 0x00, 0x00, 0x00, 0x00,
                 ;0x00, 0x00, 0x00, 0x00, 0x00, 0x00, 0x00, 0x00,
                 ;0x00, 0x00, 0x00, 0x00, 0x00, 0x00, 0x00, 0x00,
                 ;0x00, 0x00, 0x00, 0x00, 0x00, 0x00, 0x00, 0x00,
                 ;0x00, 0x00, 0x00, 0x00, 0x00, 0x00, 0x00, 0x00,
                 ;0x00, 0x00, 0x00, 0x00, 0x00, 0x00, 0x00, 0x00,
                 ;0x00, 0x00, 0x80, 0x80, 0xF0, 0xF8, 0xF8, 0xFC,
                 ;0xFC, 0xFF, 0xFF, 0xFF, 0xFF, 0xFF, 0xFF, 0xFF,
                 ;0xFF, 0xFE, 0xF8, 0x40, 0x00, 0x00, 0x80, 0x80,
                 ;0x80, 0x80, 0x00, 0x20, 0x01, 0x09, 0x0C, 0x0C,
                 ;0x04, 0x00, 0x00, 0x00, 0x00, 0x00, 0x00, 0x00,
                 ;0x00, 0x00, 0x00, 0x00, 0x00, 0x00, 0x00, 0x00,
                 ;0x00, 0x00, 0x00, 0x00, 0x00, 0x00, 0x00, 0x00,
                 ;0x00, 0x00, 0x00, 0x00, 0x00, 0x00, 0x00, 0x00,
                 ;0x00, 0x00, 0x00, 0x00, 0x00, 0x00, 0x00, 0x00,
                 ;0x00, 0x00, 0x00, 0x00, 0x00, 0x00, 0x00, 0x00,
                 ;0x00, 0x00, 0x00, 0x00, 0x00, 0x00, 0x00, 0x00,
                 ;0x00, 0x00, 0x00, 0x00, 0x00, 0x00, 0x00, 0x00,
                 ;0x00, 0x00, 0x00, 0x00, 0x00, 0x00, 0x00, 0x00,
                 ;0x00, 0x00, 0x00, 0x00, 0x00, 0x00, 0x00, 0x00,
                 ;0x00, 0x00, 0x00, 0x00, 0x00, 0x00, 0x00, 0x00,
                 ;0x00, 0x00, 0x00, 0x00, 0x00, 0x00, 0x00, 0x00,
                 ;0x20, 0xD0, 0xE9, 0x49, 0x18, 0x3C, 0x3C, 0x3C,
                 ;0x3C, 0x3C, 0x3F, 0xFF, 0xFF, 0xFD, 0xFE, 0xF8,
                 ;0xF7, 0xE0, 0xC0, 0x80, 0x00, 0x40, 0x40, 0x00,
                 ;0x00, 0x00, 0x00, 0x00, 0x00, 0x00, 0x00, 0x00,
                 ;0x00, 0x00, 0x00, 0x00, 0x00, 0x00, 0x00, 0x00,
                 ;0x00, 0x00, 0x00, 0x00, 0x00, 0x00, 0x00, 0x00,
                 ;0x00, 0x00, 0x00, 0x00, 0x00, 0x00, 0x00, 0x00,
                 ;0x00, 0x00, 0x00, 0x00, 0x00, 0x00, 0x00, 0x00,
                 ;0x00, 0x00, 0x00, 0x00, 0x00, 0x00, 0x00, 0x00,
                 ;0x00, 0x00, 0x00, 0x00, 0x00, 0x00, 0x00, 0x00,
                 ;0x00, 0x00, 0x00, 0x00, 0x00, 0x00, 0x00, 0x00,
                 ;0x00, 0x00, 0x00, 0x00, 0x00, 0x00, 0x00, 0x00,
                 ;0x00, 0x00, 0x00, 0x00, 0x00, 0x00, 0x00, 0x00,
                 ;0x00, 0x00, 0x00, 0x00, 0x00, 0x00, 0x00, 0x00,
                 ;0x00, 0x00, 0x00, 0x00, 0x00, 0x00, 0x00, 0x00,
                 ;0x00, 0x00, 0x00, 0x00, 0x00, 0x00, 0x00, 0x00,
                 ;0x38, 0x63, 0x41, 0x46, 0x06, 0x04, 0x05, 0x0C,
                 ;0x04, 0x04, 0x06, 0x02, 0x03, 0x01, 0x01, 0x01,
                 ;0x01, 0x01, 0x01, 0x00, 0xF8, 0xF8, 0xF8, 0xFC,
                 ;0xF2, 0xFC, 0xF8, 0xF0, 0x00, 0x00, 0xE0, 0xE0,
                 ;0xE0, 0xE0, 0xE0, 0x60, 0x20, 0x00, 0x00, 0x00,
                 ;0x00, 0x00, 0x00, 0x00, 0x00, 0x00, 0x00, 0x00,
                 ;0x00, 0x00, 0x00, 0x00, 0x00, 0x00, 0x00, 0x00,
                 ;0x00, 0x00, 0x00, 0x00, 0x00, 0x00, 0x00, 0x00,
                 ;0x00, 0x00, 0x00, 0x00, 0x00, 0x00, 0x00, 0x00,
                 ;0x00, 0x00, 0x00, 0x00, 0x00, 0x00, 0x00, 0x00,
                 ;0x00, 0x00, 0x00, 0x00, 0x00, 0x00, 0x00, 0x00,
                 ;0x00, 0x00, 0x00, 0x00, 0x00, 0x00, 0x00, 0x00,
                 ;0x00, 0x00, 0x00, 0x00, 0x00, 0x00, 0x00, 0x00,
                 ;0x00, 0x00, 0x00, 0x00, 0x00, 0x00, 0x00, 0x00,
                 ;0x00, 0x00, 0x00, 0x00, 0x00, 0x00, 0x00, 0x00,
                 ;0x00, 0x00, 0x00, 0x00, 0x00, 0x00, 0xFE, 0xFE,
                 ;0xFC, 0xFC, 0x78, 0x18, 0x08, 0x00, 0x03, 0x00,
                 ;0x00, 0x00, 0x00, 0x00, 0x00, 0x00, 0x00, 0x00,
                 ;0x00, 0x00, 0x00, 0x00, 0x00, 0x01, 0x03, 0x03,
                 ;0x03, 0x03, 0x03, 0x03, 0x02, 0x02, 0x03, 0x00,
                 ;0x00, 0x00, 0x00, 0x00, 0x00, 0x00, 0x00, 0x00,
                 ;0x00, 0x00, 0x00, 0x00, 0x00, 0x00, 0x00, 0x00,
                 ;0x00, 0x00, 0x00, 0x00, 0x00, 0x00, 0x00, 0x00,
                 ;0x00, 0x00, 0x00, 0x00, 0x00, 0x00, 0x00, 0x00,
                 ;0x00, 0x00, 0x00, 0x00, 0x00, 0x00, 0x00, 0x00,
                 ;0x00, 0x00, 0x00, 0x00, 0x00, 0x00, 0x00, 0x00,
                 ;0x00, 0x00, 0x00, 0x00, 0x00, 0x00, 0x00, 0x00,
                 ;0x00, 0x00, 0x00, 0x00, 0x00, 0x00, 0x00, 0x00,
                 ;0x00, 0x00, 0x00, 0x00, 0x00, 0x00, 0x00, 0x00,
                 ;0x00, 0x00, 0x00, 0x00, 0x00, 0x00, 0x00, 0x00,
                 ;0x00, 0x00, 0x00, 0x00, 0x00, 0x00, 0x00, 0x00,
                 ;0x00, 0x00, 0x00, 0x00, 0x00, 0x00, 0x00, 0x00,
                 ;0x00, 0x00, 0x00, 0x00, 0x00, 0x00, 0x00, 0x00,
                 ;0x00, 0x00, 0x00, 0x00, 0x00, 0x00, 0x00, 0x00,
                 ;0x00, 0x00, 0x00, 0x00, 0x00, 0x00, 0x00, 0x00,
                 ;0x00, 0x00, 0x00, 0x00, 0x00, 0x00, 0x00, 0x00,
                 ;0x00, 0x00, 0x00, 0x00, 0x00, 0x00, 0x00, 0x00,
                 ;0x00, 0x00, 0x00, 0x00, 0x00, 0x00, 0x00, 0x00,
                 ;0x00, 0x00, 0x00, 0x00, 0x00, 0x00, 0x00, 0x00,
                 ;0x00, 0x00, 0x00, 0x00, 0x00, 0x00, 0x00, 0x00,
                 ;0x00, 0x00, 0x00, 0x00, 0x00, 0x00, 0x00, 0x00,
                 ;0x00, 0x00, 0x00, 0x00, 0x00, 0x00, 0x00, 0x00,
                 ;#endif
                 ;};
                 ;
                 ;#include "frames/f4/f4.c"
                 ;/****************************************************************************
                 ;Image data created by the LCD Vision V1.05 font & image editor/converter
                 ;(C) Copyright 2011-2013 Pavel Haiduc, HP InfoTech s.r.l.
                 ;http://www.hpinfotech.com
                 ;
                 ;Graphic LCD controller: KS0108 128x64 CS1,CS2
                 ;Image width: 128 pixels
                 ;Image height: 64 pixels
                 ;Color depth: 1 bits/pixel
                 ;Imported image file name: f4.bmp
                 ;
                 ;Exported monochrome image data size:
                 ;1028 bytes for displays organized as horizontal rows of bytes
                 ;1028 bytes for displays organized as rows of vertical bytes.
                 ;****************************************************************************/
                 ;
                 ;flash unsigned char f4[]=
                 ;{
                 ;/* Image width: 128 pixels */
                 ;0x80, 0x00,
                 ;/* Image height: 64 pixels */
                 ;0x40, 0x00,
                 ;#ifndef _GLCD_DATA_BYTEY_
                 ;/* Image data for monochrome displays organized
                 ;   as horizontal rows of bytes */
                 ;0x00, 0x00, 0x00, 0x00, 0x00, 0x00, 0x00, 0x00,
                 ;0x00, 0x00, 0x00, 0x00, 0x00, 0x00, 0x00, 0x00,
                 ;0x00, 0x00, 0x00, 0x00, 0x00, 0x00, 0x00, 0x00,
                 ;0x00, 0x00, 0x00, 0x00, 0x00, 0x00, 0x00, 0x00,
                 ;0x00, 0x00, 0x00, 0x00, 0x00, 0x00, 0x00, 0x00,
                 ;0x00, 0x00, 0x00, 0x00, 0x00, 0x00, 0x00, 0x00,
                 ;0x00, 0x00, 0x00, 0x00, 0x00, 0x00, 0x00, 0x00,
                 ;0x00, 0x00, 0x00, 0x00, 0x00, 0x00, 0x00, 0x00,
                 ;0x00, 0x00, 0x00, 0x00, 0x00, 0x00, 0x00, 0x00,
                 ;0x00, 0x00, 0x00, 0x00, 0x00, 0x00, 0x00, 0x00,
                 ;0x00, 0x00, 0x00, 0x00, 0x00, 0x00, 0x00, 0x00,
                 ;0x00, 0x00, 0x00, 0x00, 0x00, 0x00, 0x00, 0x00,
                 ;0x00, 0x00, 0x00, 0x00, 0x00, 0x00, 0x00, 0x00,
                 ;0x00, 0x00, 0x00, 0x00, 0x00, 0x00, 0x00, 0x00,
                 ;0x00, 0x00, 0x00, 0x00, 0x00, 0x00, 0x00, 0x00,
                 ;0x00, 0x00, 0x00, 0x00, 0x00, 0x00, 0x00, 0x00,
                 ;0x00, 0x00, 0x00, 0x00, 0x00, 0x00, 0x00, 0x00,
                 ;0x00, 0x00, 0x00, 0x00, 0x00, 0x00, 0x00, 0x00,
                 ;0x00, 0x00, 0x00, 0x00, 0x00, 0x00, 0x20, 0x00,
                 ;0x00, 0x00, 0x00, 0x00, 0x00, 0x00, 0x00, 0x00,
                 ;0x00, 0x00, 0x00, 0x00, 0x00, 0x00, 0xE0, 0x1F,
                 ;0x00, 0x00, 0x00, 0x00, 0x00, 0x00, 0x00, 0x00,
                 ;0x00, 0x00, 0x00, 0x00, 0x00, 0x00, 0xC0, 0x3F,
                 ;0x00, 0x02, 0x00, 0x00, 0x00, 0x00, 0x00, 0x00,
                 ;0x00, 0x00, 0x00, 0x00, 0x00, 0x00, 0x00, 0xFE,
                 ;0x11, 0x00, 0x00, 0x00, 0x00, 0x00, 0x00, 0x00,
                 ;0x00, 0x00, 0x00, 0x00, 0x00, 0x00, 0x00, 0xFC,
                 ;0x0F, 0x00, 0x00, 0x00, 0x00, 0x00, 0x00, 0x00,
                 ;0x00, 0x00, 0x00, 0x00, 0x00, 0x00, 0x00, 0xF8,
                 ;0x0F, 0x00, 0x00, 0x00, 0x00, 0x00, 0x00, 0x00,
                 ;0x00, 0x00, 0x00, 0x00, 0x00, 0x00, 0x00, 0xF8,
                 ;0x03, 0x00, 0x00, 0x00, 0x00, 0x00, 0x00, 0x00,
                 ;0x00, 0x00, 0x00, 0x00, 0x00, 0x00, 0x00, 0xFE,
                 ;0x13, 0x00, 0x00, 0x00, 0x00, 0x00, 0x00, 0x00,
                 ;0x00, 0x00, 0x00, 0x00, 0x00, 0x00, 0xC0, 0xFF,
                 ;0x13, 0x00, 0x00, 0x00, 0x00, 0x00, 0x00, 0x00,
                 ;0x00, 0x00, 0x00, 0x00, 0x00, 0x00, 0xF0, 0x7F,
                 ;0x00, 0x00, 0x00, 0x00, 0x00, 0x00, 0x00, 0x00,
                 ;0x00, 0x00, 0x00, 0x00, 0x00, 0x00, 0xF8, 0x7F,
                 ;0x00, 0x00, 0x00, 0x00, 0x00, 0x00, 0x00, 0x00,
                 ;0x00, 0x00, 0x00, 0x00, 0x00, 0x00, 0xFC, 0x7F,
                 ;0x00, 0x10, 0x00, 0x00, 0x00, 0x00, 0x00, 0x00,
                 ;0x00, 0x00, 0x00, 0x00, 0x00, 0x00, 0xFE, 0x7F,
                 ;0x00, 0x10, 0x00, 0x00, 0x00, 0x00, 0x00, 0x00,
                 ;0x00, 0x00, 0x00, 0x00, 0x00, 0x00, 0xFF, 0xFF,
                 ;0x00, 0x10, 0x00, 0x00, 0x00, 0x00, 0x00, 0x00,
                 ;0x00, 0x00, 0x00, 0x00, 0x00, 0x00, 0xC0, 0xFF,
                 ;0x01, 0x30, 0x00, 0x00, 0x00, 0x00, 0x00, 0x00,
                 ;0x00, 0x00, 0x00, 0x00, 0x00, 0x00, 0x00, 0xFE,
                 ;0x01, 0x30, 0x00, 0x00, 0x00, 0x00, 0x00, 0x00,
                 ;0x00, 0x00, 0x00, 0x00, 0x00, 0x00, 0x00, 0xFE,
                 ;0x03, 0x00, 0x00, 0x00, 0x00, 0x00, 0x00, 0x00,
                 ;0x00, 0x00, 0x00, 0x00, 0x00, 0x00, 0x80, 0xFF,
                 ;0x07, 0xC0, 0x01, 0x00, 0x00, 0x00, 0x00, 0x00,
                 ;0x00, 0x00, 0x00, 0x00, 0x00, 0x00, 0xE0, 0xFF,
                 ;0x07, 0xE0, 0x00, 0x00, 0x00, 0x00, 0x00, 0x00,
                 ;0x00, 0x00, 0x00, 0x00, 0x00, 0x00, 0xF0, 0xFF,
                 ;0x07, 0x00, 0x00, 0x00, 0x00, 0x00, 0x00, 0x00,
                 ;0x00, 0x00, 0x00, 0x00, 0x00, 0x00, 0xF0, 0xFF,
                 ;0x07, 0x18, 0x00, 0x00, 0x00, 0x00, 0x00, 0x00,
                 ;0x00, 0x00, 0x00, 0x00, 0x00, 0x00, 0xF0, 0xFF,
                 ;0x0F, 0x00, 0x00, 0x00, 0x00, 0x00, 0x00, 0x00,
                 ;0x00, 0x00, 0x00, 0x00, 0x00, 0x00, 0xFC, 0xFF,
                 ;0xFF, 0x03, 0x00, 0x00, 0x00, 0x00, 0x00, 0x00,
                 ;0x00, 0x00, 0x00, 0x00, 0x00, 0x00, 0xFC, 0x3F,
                 ;0x0F, 0x00, 0x00, 0x00, 0x00, 0x00, 0x00, 0x00,
                 ;0x00, 0x00, 0x00, 0x00, 0x00, 0x00, 0xFE, 0xDF,
                 ;0x0F, 0x00, 0x00, 0x00, 0x00, 0x00, 0x00, 0x00,
                 ;0x00, 0x00, 0x00, 0x00, 0x00, 0x00, 0xFF, 0xDF,
                 ;0x1B, 0x00, 0x00, 0x00, 0x00, 0x00, 0x00, 0x00,
                 ;0x00, 0x00, 0x00, 0x00, 0x00, 0x80, 0xFF, 0x5F,
                 ;0x07, 0x01, 0x80, 0x01, 0x00, 0x00, 0x00, 0x00,
                 ;0x00, 0x00, 0x00, 0x00, 0x00, 0x40, 0xFC, 0x5F,
                 ;0xF8, 0x03, 0xE0, 0x01, 0x00, 0x00, 0x00, 0x00,
                 ;0x00, 0x00, 0x00, 0x00, 0x00, 0xA0, 0xF9, 0xBF,
                 ;0xFF, 0x1F, 0xFC, 0x01, 0x00, 0x00, 0x00, 0x00,
                 ;0x00, 0x00, 0x00, 0x00, 0x00, 0x80, 0xFF, 0x78,
                 ;0x3E, 0x0E, 0xFC, 0x00, 0x00, 0x00, 0x00, 0x00,
                 ;0x00, 0x00, 0x00, 0x00, 0x00, 0x00, 0x0E, 0xE8,
                 ;0x05, 0x06, 0x7C, 0x00, 0x00, 0x00, 0x00, 0x00,
                 ;0x00, 0x00, 0x00, 0x00, 0x00, 0x00, 0x06, 0xF0,
                 ;0x07, 0x4F, 0x7C, 0x00, 0x00, 0x00, 0x00, 0x00,
                 ;0x00, 0x00, 0x00, 0x00, 0x00, 0x00, 0x23, 0x18,
                 ;0x00, 0x6E, 0x7C, 0x00, 0x00, 0x00, 0x00, 0x00,
                 ;0x00, 0x00, 0x00, 0x00, 0x00, 0x80, 0xE3, 0x03,
                 ;0x00, 0x78, 0x3E, 0x00, 0x00, 0x00, 0x00, 0x00,
                 ;0x00, 0x00, 0x00, 0x00, 0x00, 0xC0, 0x03, 0x00,
                 ;0x00, 0xF8, 0x0F, 0x00, 0x00, 0x00, 0x00, 0x00,
                 ;0x00, 0x00, 0x00, 0x00, 0x00, 0xE0, 0x03, 0x00,
                 ;0x00, 0xF8, 0x0F, 0x00, 0x00, 0x00, 0x00, 0x00,
                 ;0x00, 0x00, 0x00, 0x00, 0x00, 0xE0, 0x03, 0x00,
                 ;0x00, 0xF8, 0x0F, 0x00, 0x00, 0x00, 0x00, 0x00,
                 ;0x00, 0x00, 0x00, 0x00, 0x00, 0xC0, 0x7F, 0x00,
                 ;0x00, 0xE0, 0x07, 0x00, 0x00, 0x00, 0x00, 0x00,
                 ;0x00, 0x00, 0x00, 0x00, 0x00, 0x00, 0x3F, 0x00,
                 ;0x00, 0xE0, 0x03, 0x00, 0x00, 0x00, 0x00, 0x00,
                 ;0x00, 0x00, 0x00, 0x00, 0x00, 0x00, 0x0E, 0x00,
                 ;0x00, 0x00, 0x00, 0x00, 0x00, 0x00, 0x00, 0x00,
                 ;0x00, 0x00, 0x00, 0x00, 0x00, 0x18, 0x08, 0x00,
                 ;0x00, 0x00, 0x00, 0x00, 0x00, 0x00, 0x00, 0x00,
                 ;0x00, 0x00, 0x00, 0x00, 0x00, 0xF8, 0x04, 0x00,
                 ;0x00, 0x00, 0x00, 0x00, 0x00, 0x00, 0x00, 0x00,
                 ;0x00, 0x00, 0x00, 0x00, 0x00, 0xF8, 0x03, 0x00,
                 ;0x00, 0x00, 0x00, 0x00, 0x00, 0x00, 0x00, 0x00,
                 ;0x00, 0x00, 0x00, 0x00, 0x00, 0x78, 0x00, 0x00,
                 ;0x00, 0x00, 0x00, 0x00, 0x00, 0x00, 0x00, 0x00,
                 ;0x00, 0x00, 0x00, 0x00, 0x00, 0x18, 0x00, 0x00,
                 ;0x00, 0x00, 0x00, 0x00, 0x00, 0x00, 0x00, 0x00,
                 ;0x00, 0x00, 0x00, 0x00, 0x00, 0x08, 0x00, 0x00,
                 ;0x00, 0x00, 0x00, 0x00, 0x00, 0x00, 0x00, 0x00,
                 ;0x00, 0x00, 0x00, 0x00, 0x00, 0x00, 0x00, 0x00,
                 ;0x00, 0x00, 0x00, 0x00, 0x00, 0x00, 0x00, 0x00,
                 ;0x00, 0x00, 0x00, 0x00, 0x00, 0x00, 0x00, 0x00,
                 ;0x00, 0x00, 0x00, 0x00, 0x00, 0x00, 0x00, 0x00,
                 ;0x00, 0x00, 0x00, 0x00, 0x00, 0x00, 0x00, 0x00,
                 ;0x00, 0x00, 0x00, 0x00, 0x00, 0x00, 0x00, 0x00,
                 ;0x00, 0x00, 0x00, 0x00, 0x00, 0x00, 0x00, 0x00,
                 ;0x00, 0x00, 0x00, 0x00, 0x00, 0x00, 0x00, 0x00,
                 ;0x00, 0x00, 0x00, 0x00, 0x00, 0x00, 0x00, 0x00,
                 ;0x00, 0x00, 0x00, 0x00, 0x00, 0x00, 0x00, 0x00,
                 ;0x00, 0x00, 0x00, 0x00, 0x00, 0x00, 0x00, 0x00,
                 ;0x00, 0x00, 0x00, 0x00, 0x00, 0x00, 0x00, 0x00,
                 ;0x00, 0x00, 0x00, 0x00, 0x00, 0x00, 0x00, 0x00,
                 ;0x00, 0x00, 0x00, 0x00, 0x00, 0x00, 0x00, 0x00,
                 ;0x00, 0x00, 0x00, 0x00, 0x00, 0x00, 0x00, 0x00,
                 ;0x00, 0x00, 0x00, 0x00, 0x00, 0x00, 0x00, 0x00,
                 ;0x00, 0x00, 0x00, 0x00, 0x00, 0x00, 0x00, 0x00,
                 ;0x00, 0x00, 0x00, 0x00, 0x00, 0x00, 0x00, 0x00,
                 ;#else
                 ;/* Image data for monochrome displays organized
                 ;   as rows of vertical bytes */
                 ;0x00, 0x00, 0x00, 0x00, 0x00, 0x00, 0x00, 0x00,
                 ;0x00, 0x00, 0x00, 0x00, 0x00, 0x00, 0x00, 0x00,
                 ;0x00, 0x00, 0x00, 0x00, 0x00, 0x00, 0x00, 0x00,
                 ;0x00, 0x00, 0x00, 0x00, 0x00, 0x00, 0x00, 0x00,
                 ;0x00, 0x00, 0x00, 0x00, 0x00, 0x00, 0x00, 0x00,
                 ;0x00, 0x00, 0x00, 0x00, 0x00, 0x00, 0x00, 0x00,
                 ;0x00, 0x00, 0x00, 0x00, 0x00, 0x00, 0x00, 0x00,
                 ;0x00, 0x00, 0x00, 0x00, 0x00, 0x00, 0x00, 0x00,
                 ;0x00, 0x00, 0x00, 0x00, 0x00, 0x00, 0x00, 0x00,
                 ;0x00, 0x00, 0x00, 0x00, 0x00, 0x00, 0x00, 0x00,
                 ;0x00, 0x00, 0x00, 0x00, 0x00, 0x00, 0x00, 0x00,
                 ;0x00, 0x00, 0x00, 0x00, 0x00, 0x00, 0x00, 0x00,
                 ;0x00, 0x00, 0x00, 0x00, 0x00, 0x00, 0x00, 0x00,
                 ;0x00, 0x00, 0x00, 0x00, 0x00, 0x00, 0x00, 0x00,
                 ;0x00, 0x00, 0x00, 0x00, 0x00, 0x00, 0x00, 0x00,
                 ;0x00, 0x00, 0x00, 0x00, 0x00, 0x00, 0x00, 0x00,
                 ;0x00, 0x00, 0x00, 0x00, 0x00, 0x00, 0x00, 0x00,
                 ;0x00, 0x00, 0x00, 0x00, 0x00, 0x00, 0x00, 0x00,
                 ;0x00, 0x00, 0x00, 0x00, 0x00, 0x00, 0x00, 0x00,
                 ;0x00, 0x00, 0x00, 0x00, 0x00, 0x00, 0x00, 0x00,
                 ;0x00, 0x00, 0x00, 0x00, 0x00, 0x00, 0x00, 0x00,
                 ;0x00, 0x00, 0x00, 0x00, 0x00, 0x00, 0x00, 0x00,
                 ;0x00, 0x00, 0x00, 0x00, 0x00, 0x06, 0x0C, 0x0C,
                 ;0x0C, 0x1C, 0x3C, 0xFC, 0xFC, 0xF8, 0xF0, 0xF0,
                 ;0xF0, 0xE0, 0x60, 0x60, 0x10, 0x00, 0x00, 0x00,
                 ;0x00, 0x08, 0x00, 0x00, 0x00, 0x00, 0x00, 0x00,
                 ;0x00, 0x00, 0x00, 0x00, 0x00, 0x00, 0x00, 0x00,
                 ;0x00, 0x00, 0x00, 0x00, 0x00, 0x00, 0x00, 0x00,
                 ;0x00, 0x00, 0x00, 0x00, 0x00, 0x00, 0x00, 0x00,
                 ;0x00, 0x00, 0x00, 0x00, 0x00, 0x00, 0x00, 0x00,
                 ;0x00, 0x00, 0x00, 0x00, 0x00, 0x00, 0x00, 0x00,
                 ;0x00, 0x00, 0x00, 0x00, 0x00, 0x00, 0x00, 0x00,
                 ;0x00, 0x00, 0x00, 0x00, 0x00, 0x00, 0x00, 0x00,
                 ;0x00, 0x00, 0x00, 0x00, 0x00, 0x00, 0x00, 0x00,
                 ;0x00, 0x00, 0x00, 0x00, 0x00, 0x00, 0x00, 0x00,
                 ;0x00, 0x00, 0x00, 0x00, 0x00, 0x00, 0x00, 0x00,
                 ;0x00, 0x00, 0x00, 0x00, 0x00, 0x00, 0x00, 0x00,
                 ;0x00, 0x00, 0x00, 0x00, 0x00, 0x00, 0x00, 0x00,
                 ;0x40, 0x60, 0x70, 0x78, 0x7C, 0x7C, 0xFE, 0xFE,
                 ;0xFE, 0xFF, 0xFF, 0xFF, 0xFF, 0xFF, 0xFF, 0xC3,
                 ;0x83, 0x03, 0x00, 0x00, 0x03, 0x00, 0x00, 0x00,
                 ;0x00, 0x00, 0x00, 0x00, 0xF0, 0x80, 0x00, 0x00,
                 ;0x00, 0x00, 0x00, 0x00, 0x00, 0x00, 0x00, 0x00,
                 ;0x00, 0x00, 0x00, 0x00, 0x00, 0x00, 0x00, 0x00,
                 ;0x00, 0x00, 0x00, 0x00, 0x00, 0x00, 0x00, 0x00,
                 ;0x00, 0x00, 0x00, 0x00, 0x00, 0x00, 0x00, 0x00,
                 ;0x00, 0x00, 0x00, 0x00, 0x00, 0x00, 0x00, 0x00,
                 ;0x00, 0x00, 0x00, 0x00, 0x00, 0x00, 0x00, 0x00,
                 ;0x00, 0x00, 0x00, 0x00, 0x00, 0x00, 0x00, 0x00,
                 ;0x00, 0x00, 0x00, 0x00, 0x00, 0x00, 0x00, 0x00,
                 ;0x00, 0x00, 0x00, 0x00, 0x00, 0x00, 0x00, 0x00,
                 ;0x00, 0x00, 0x00, 0x00, 0x00, 0x00, 0x00, 0x00,
                 ;0x00, 0x00, 0x00, 0x00, 0x00, 0x00, 0x00, 0x00,
                 ;0x00, 0x00, 0x00, 0x00, 0x00, 0x00, 0x00, 0x00,
                 ;0x00, 0x00, 0x80, 0x80, 0xF0, 0xF8, 0xF8, 0xFC,
                 ;0xFC, 0xFF, 0xFF, 0xFF, 0xFF, 0xFF, 0xFF, 0xFF,
                 ;0xFF, 0xFE, 0xFC, 0xC0, 0x80, 0x80, 0x80, 0x80,
                 ;0x80, 0x80, 0x00, 0x20, 0x21, 0x09, 0x0C, 0x0C,
                 ;0x04, 0x00, 0x00, 0x00, 0x00, 0x00, 0x00, 0x00,
                 ;0x00, 0x00, 0x00, 0x00, 0x00, 0x00, 0x00, 0x00,
                 ;0x00, 0x00, 0x00, 0x00, 0x00, 0x00, 0x00, 0x00,
                 ;0x00, 0x00, 0x00, 0x00, 0x00, 0x00, 0x00, 0x00,
                 ;0x00, 0x00, 0x00, 0x00, 0x00, 0x00, 0x00, 0x00,
                 ;0x00, 0x00, 0x00, 0x00, 0x00, 0x00, 0x00, 0x00,
                 ;0x00, 0x00, 0x00, 0x00, 0x00, 0x00, 0x00, 0x00,
                 ;0x00, 0x00, 0x00, 0x00, 0x00, 0x00, 0x00, 0x00,
                 ;0x00, 0x00, 0x00, 0x00, 0x00, 0x00, 0x00, 0x00,
                 ;0x00, 0x00, 0x00, 0x00, 0x00, 0x00, 0x00, 0x00,
                 ;0x00, 0x00, 0x00, 0x00, 0x00, 0x00, 0x00, 0x00,
                 ;0x00, 0x00, 0x00, 0x00, 0x00, 0x20, 0x10, 0x68,
                 ;0x6C, 0xCE, 0xDF, 0xFF, 0x7F, 0x7F, 0x7F, 0x7F,
                 ;0x3F, 0x3F, 0x3F, 0xFF, 0x7F, 0xE1, 0xDE, 0xA6,
                 ;0xAF, 0x6F, 0xEB, 0x77, 0x74, 0x70, 0x30, 0x30,
                 ;0x38, 0xF0, 0xE0, 0x60, 0x20, 0x00, 0x00, 0x00,
                 ;0x00, 0x00, 0xE0, 0xE0, 0xE0, 0xF0, 0xF0, 0x78,
                 ;0x38, 0x00, 0x00, 0x00, 0x00, 0x00, 0x00, 0x00,
                 ;0x00, 0x00, 0x00, 0x00, 0x00, 0x00, 0x00, 0x00,
                 ;0x00, 0x00, 0x00, 0x00, 0x00, 0x00, 0x00, 0x00,
                 ;0x00, 0x00, 0x00, 0x00, 0x00, 0x00, 0x00, 0x00,
                 ;0x00, 0x00, 0x00, 0x00, 0x00, 0x00, 0x00, 0x00,
                 ;0x00, 0x00, 0x00, 0x00, 0x00, 0x00, 0x00, 0x00,
                 ;0x00, 0x00, 0x00, 0x00, 0x00, 0x00, 0x00, 0x00,
                 ;0x00, 0x00, 0x00, 0x00, 0x00, 0x00, 0x00, 0x00,
                 ;0x00, 0x00, 0x00, 0x00, 0x00, 0x00, 0x00, 0x00,
                 ;0x00, 0x00, 0x00, 0x00, 0x00, 0x00, 0x00, 0x00,
                 ;0x00, 0x00, 0x00, 0x00, 0x00, 0x30, 0x78, 0x7C,
                 ;0xFE, 0xFF, 0xC1, 0xC0, 0xC0, 0xC6, 0x44, 0x04,
                 ;0x04, 0x04, 0x00, 0x02, 0x03, 0x01, 0x01, 0x01,
                 ;0x01, 0x01, 0x01, 0x00, 0x00, 0x00, 0x00, 0x00,
                 ;0x01, 0x03, 0x03, 0x3F, 0x3C, 0xFE, 0xFF, 0xF8,
                 ;0xF8, 0xFC, 0x7F, 0x3F, 0x07, 0x07, 0x03, 0x00,
                 ;0x00, 0x00, 0x00, 0x00, 0x00, 0x00, 0x00, 0x00,
                 ;0x00, 0x00, 0x00, 0x00, 0x00, 0x00, 0x00, 0x00,
                 ;0x00, 0x00, 0x00, 0x00, 0x00, 0x00, 0x00, 0x00,
                 ;0x00, 0x00, 0x00, 0x00, 0x00, 0x00, 0x00, 0x00,
                 ;0x00, 0x00, 0x00, 0x00, 0x00, 0x00, 0x00, 0x00,
                 ;0x00, 0x00, 0x00, 0x00, 0x00, 0x00, 0x00, 0x00,
                 ;0x00, 0x00, 0x00, 0x00, 0x00, 0x00, 0x00, 0x00,
                 ;0x00, 0x00, 0x00, 0x00, 0x00, 0x00, 0x00, 0x00,
                 ;0x00, 0x00, 0x00, 0x00, 0x00, 0x00, 0x00, 0x00,
                 ;0x00, 0x00, 0x00, 0x00, 0x00, 0x00, 0x00, 0x00,
                 ;0x00, 0x00, 0x00, 0x7E, 0x3E, 0x1C, 0x1C, 0x0C,
                 ;0x08, 0x09, 0x05, 0x03, 0x00, 0x00, 0x00, 0x00,
                 ;0x00, 0x00, 0x00, 0x00, 0x00, 0x00, 0x00, 0x00,
                 ;0x00, 0x00, 0x00, 0x00, 0x00, 0x00, 0x00, 0x00,
                 ;0x00, 0x00, 0x00, 0x00, 0x00, 0x00, 0x00, 0x00,
                 ;0x00, 0x00, 0x00, 0x00, 0x00, 0x00, 0x00, 0x00,
                 ;0x00, 0x00, 0x00, 0x00, 0x00, 0x00, 0x00, 0x00,
                 ;0x00, 0x00, 0x00, 0x00, 0x00, 0x00, 0x00, 0x00,
                 ;0x00, 0x00, 0x00, 0x00, 0x00, 0x00, 0x00, 0x00,
                 ;0x00, 0x00, 0x00, 0x00, 0x00, 0x00, 0x00, 0x00,
                 ;0x00, 0x00, 0x00, 0x00, 0x00, 0x00, 0x00, 0x00,
                 ;0x00, 0x00, 0x00, 0x00, 0x00, 0x00, 0x00, 0x00,
                 ;0x00, 0x00, 0x00, 0x00, 0x00, 0x00, 0x00, 0x00,
                 ;0x00, 0x00, 0x00, 0x00, 0x00, 0x00, 0x00, 0x00,
                 ;0x00, 0x00, 0x00, 0x00, 0x00, 0x00, 0x00, 0x00,
                 ;0x00, 0x00, 0x00, 0x00, 0x00, 0x00, 0x00, 0x00,
                 ;0x00, 0x00, 0x00, 0x00, 0x00, 0x00, 0x00, 0x00,
                 ;0x00, 0x00, 0x00, 0x00, 0x00, 0x00, 0x00, 0x00,
                 ;0x00, 0x00, 0x00, 0x00, 0x00, 0x00, 0x00, 0x00,
                 ;0x00, 0x00, 0x00, 0x00, 0x00, 0x00, 0x00, 0x00,
                 ;0x00, 0x00, 0x00, 0x00, 0x00, 0x00, 0x00, 0x00,
                 ;0x00, 0x00, 0x00, 0x00, 0x00, 0x00, 0x00, 0x00,
                 ;0x00, 0x00, 0x00, 0x00, 0x00, 0x00, 0x00, 0x00,
                 ;0x00, 0x00, 0x00, 0x00, 0x00, 0x00, 0x00, 0x00,
                 ;0x00, 0x00, 0x00, 0x00, 0x00, 0x00, 0x00, 0x00,
                 ;0x00, 0x00, 0x00, 0x00, 0x00, 0x00, 0x00, 0x00,
                 ;0x00, 0x00, 0x00, 0x00, 0x00, 0x00, 0x00, 0x00,
                 ;#endif
                 ;};
                 ;
                 ;#include "frames/f5/f5.c"
                 ;/****************************************************************************
                 ;Image data created by the LCD Vision V1.05 font & image editor/converter
                 ;(C) Copyright 2011-2013 Pavel Haiduc, HP InfoTech s.r.l.
                 ;http://www.hpinfotech.com
                 ;
                 ;Graphic LCD controller: KS0108 128x64 CS1,CS2
                 ;Image width: 128 pixels
                 ;Image height: 64 pixels
                 ;Color depth: 1 bits/pixel
                 ;Imported image file name: f5.bmp
                 ;
                 ;Exported monochrome image data size:
                 ;1028 bytes for displays organized as horizontal rows of bytes
                 ;1028 bytes for displays organized as rows of vertical bytes.
                 ;****************************************************************************/
                 ;
                 ;flash unsigned char f5[]=
                 ;{
                 ;/* Image width: 128 pixels */
                 ;0x80, 0x00,
                 ;/* Image height: 64 pixels */
                 ;0x40, 0x00,
                 ;#ifndef _GLCD_DATA_BYTEY_
                 ;/* Image data for monochrome displays organized
                 ;   as horizontal rows of bytes */
                 ;0x00, 0x00, 0x00, 0x00, 0x00, 0x00, 0x00, 0x00,
                 ;0x00, 0x00, 0x00, 0x00, 0x00, 0x00, 0x00, 0x00,
                 ;0x00, 0x00, 0x00, 0x00, 0x00, 0x00, 0x00, 0x00,
                 ;0x00, 0x00, 0x00, 0x00, 0x00, 0x00, 0x00, 0x00,
                 ;0x00, 0x00, 0x00, 0x00, 0x00, 0x00, 0x00, 0x00,
                 ;0x00, 0x00, 0x00, 0x00, 0x00, 0x00, 0x00, 0x00,
                 ;0x00, 0x00, 0x00, 0x00, 0x00, 0x00, 0x00, 0x00,
                 ;0x00, 0x00, 0x00, 0x00, 0x00, 0x00, 0x00, 0x00,
                 ;0x00, 0x00, 0x00, 0x00, 0x00, 0x00, 0x00, 0x00,
                 ;0x00, 0x00, 0x00, 0x00, 0x00, 0x00, 0x00, 0x00,
                 ;0x00, 0x00, 0x00, 0x00, 0x00, 0x00, 0x00, 0x00,
                 ;0x00, 0x00, 0x00, 0x00, 0x00, 0x00, 0x00, 0x00,
                 ;0x00, 0x00, 0x00, 0x00, 0x00, 0x00, 0x00, 0x00,
                 ;0x00, 0x00, 0x00, 0x00, 0x00, 0x00, 0x00, 0x00,
                 ;0x00, 0x00, 0x00, 0x00, 0x00, 0x00, 0x00, 0x00,
                 ;0x00, 0x00, 0x00, 0x00, 0x00, 0x00, 0x00, 0x00,
                 ;0x00, 0x00, 0x00, 0x00, 0x00, 0x00, 0x00, 0x00,
                 ;0x00, 0x00, 0x00, 0x00, 0x00, 0x00, 0x00, 0x00,
                 ;0x00, 0x00, 0x00, 0x00, 0x00, 0x00, 0x20, 0x00,
                 ;0x00, 0x00, 0x00, 0x00, 0x00, 0x00, 0x00, 0x00,
                 ;0x00, 0x00, 0x00, 0x00, 0x00, 0x00, 0xE0, 0x1F,
                 ;0x00, 0x00, 0x00, 0x00, 0x00, 0x00, 0x00, 0x00,
                 ;0x00, 0x00, 0x00, 0x00, 0x00, 0x00, 0xC0, 0x3F,
                 ;0x00, 0x02, 0x00, 0x00, 0x00, 0x00, 0x00, 0x00,
                 ;0x00, 0x00, 0x00, 0x00, 0x00, 0x00, 0x00, 0xFE,
                 ;0x11, 0x00, 0x00, 0x00, 0x00, 0x00, 0x00, 0x00,
                 ;0x00, 0x00, 0x00, 0x00, 0x00, 0x00, 0x00, 0xFC,
                 ;0x0F, 0x00, 0x00, 0x00, 0x00, 0x00, 0x00, 0x00,
                 ;0x00, 0x00, 0x00, 0x00, 0x00, 0x00, 0x00, 0xF8,
                 ;0x0F, 0x00, 0x00, 0x00, 0x00, 0x00, 0x00, 0x00,
                 ;0x00, 0x00, 0x00, 0x00, 0x00, 0x00, 0x00, 0xF8,
                 ;0x03, 0x00, 0x00, 0x00, 0x00, 0x00, 0x00, 0x00,
                 ;0x00, 0x00, 0x00, 0x00, 0x00, 0x00, 0x00, 0xFE,
                 ;0x13, 0x00, 0x00, 0x00, 0x00, 0x00, 0x00, 0x00,
                 ;0x00, 0x00, 0x00, 0x00, 0x00, 0x00, 0xC0, 0xFF,
                 ;0x12, 0x00, 0x00, 0x00, 0x00, 0x00, 0x00, 0x00,
                 ;0x00, 0x00, 0x00, 0x00, 0x00, 0x00, 0xF0, 0x7F,
                 ;0x00, 0x00, 0x00, 0x00, 0x00, 0x00, 0x00, 0x00,
                 ;0x00, 0x00, 0x00, 0x00, 0x00, 0x00, 0xF8, 0x7F,
                 ;0x00, 0x00, 0x00, 0x00, 0x00, 0x00, 0x00, 0x00,
                 ;0x00, 0x00, 0x00, 0x00, 0x00, 0x00, 0xFC, 0x7F,
                 ;0x00, 0x10, 0x00, 0x00, 0x00, 0x00, 0x00, 0x00,
                 ;0x00, 0x00, 0x00, 0x00, 0x00, 0x00, 0xFE, 0x7F,
                 ;0x00, 0x10, 0x00, 0x00, 0x00, 0x00, 0x00, 0x00,
                 ;0x00, 0x00, 0x00, 0x00, 0x00, 0x00, 0xFF, 0xFF,
                 ;0x00, 0x10, 0x00, 0x00, 0x00, 0x00, 0x00, 0x00,
                 ;0x00, 0x00, 0x00, 0x00, 0x00, 0x00, 0xE0, 0xFF,
                 ;0x00, 0x30, 0x00, 0x00, 0x00, 0x00, 0x00, 0x00,
                 ;0x00, 0x00, 0x00, 0x00, 0x00, 0x00, 0x00, 0xFE,
                 ;0x01, 0x30, 0x00, 0x00, 0x00, 0x00, 0x00, 0x00,
                 ;0x00, 0x00, 0x00, 0x00, 0x00, 0x00, 0x00, 0xFE,
                 ;0x03, 0x00, 0x00, 0x00, 0x00, 0x00, 0x00, 0x00,
                 ;0x00, 0x00, 0x00, 0x00, 0x00, 0x00, 0x80, 0xFF,
                 ;0x03, 0xC0, 0x01, 0x00, 0x00, 0x00, 0x00, 0x00,
                 ;0x00, 0x00, 0x00, 0x00, 0x00, 0x00, 0xC0, 0xFF,
                 ;0x07, 0xE0, 0x00, 0x00, 0x00, 0x00, 0x00, 0x00,
                 ;0x00, 0x00, 0x00, 0x00, 0x00, 0x00, 0xC0, 0xFF,
                 ;0x07, 0x00, 0x00, 0x00, 0x00, 0x00, 0x00, 0x00,
                 ;0x00, 0x00, 0x00, 0x00, 0x00, 0x00, 0xE0, 0xFF,
                 ;0x07, 0x08, 0x00, 0x00, 0x00, 0x00, 0x00, 0x00,
                 ;0x00, 0x00, 0x00, 0x00, 0x00, 0x00, 0xF0, 0xFF,
                 ;0x0F, 0x00, 0x00, 0x00, 0x00, 0x00, 0x00, 0x00,
                 ;0x00, 0x00, 0x00, 0x00, 0x00, 0x00, 0xF0, 0xFF,
                 ;0xFF, 0x03, 0x00, 0x00, 0x00, 0x00, 0x00, 0x00,
                 ;0x00, 0x00, 0x00, 0x00, 0x00, 0x00, 0xFF, 0xFF,
                 ;0x3B, 0x00, 0x00, 0x00, 0x00, 0x00, 0x00, 0x00,
                 ;0x00, 0x00, 0x00, 0x00, 0x00, 0x80, 0xBF, 0xFF,
                 ;0x0E, 0x00, 0x00, 0x00, 0x00, 0x00, 0x00, 0x00,
                 ;0x00, 0x00, 0x00, 0x00, 0x00, 0xC0, 0xFF, 0xFF,
                 ;0x0E, 0x00, 0x00, 0x00, 0x00, 0x00, 0x00, 0x00,
                 ;0x00, 0x00, 0x00, 0x00, 0x00, 0xC0, 0xFB, 0xFF,
                 ;0x01, 0x00, 0x00, 0x00, 0x00, 0x00, 0x00, 0x00,
                 ;0x00, 0x00, 0x00, 0x00, 0x00, 0xE0, 0x81, 0xFF,
                 ;0x1F, 0x00, 0x00, 0x00, 0x00, 0x00, 0x00, 0x00,
                 ;0x00, 0x00, 0x00, 0x00, 0x00, 0xE0, 0xA3, 0xC7,
                 ;0x0F, 0x04, 0x10, 0x00, 0x00, 0x00, 0x00, 0x00,
                 ;0x00, 0x00, 0x00, 0x00, 0x00, 0xA0, 0xF3, 0x03,
                 ;0x03, 0x02, 0x18, 0x00, 0x00, 0x00, 0x00, 0x00,
                 ;0x00, 0x00, 0x00, 0x00, 0x00, 0xA0, 0x63, 0x00,
                 ;0x03, 0x00, 0x1C, 0x00, 0x00, 0x00, 0x00, 0x00,
                 ;0x00, 0x00, 0x00, 0x00, 0x00, 0xA0, 0xCF, 0xFF,
                 ;0x1F, 0x00, 0x1F, 0x00, 0x00, 0x00, 0x00, 0x00,
                 ;0x00, 0x00, 0x00, 0x00, 0x00, 0x20, 0x0F, 0x00,
                 ;0x78, 0x80, 0x0F, 0x00, 0x00, 0x00, 0x00, 0x00,
                 ;0x00, 0x00, 0x00, 0x00, 0x00, 0x20, 0x00, 0x00,
                 ;0xE0, 0x00, 0x0F, 0x00, 0x00, 0x00, 0x00, 0x00,
                 ;0x00, 0x00, 0x00, 0x00, 0x00, 0x60, 0x00, 0x00,
                 ;0x80, 0x00, 0x06, 0x00, 0x00, 0x00, 0x00, 0x00,
                 ;0x00, 0x00, 0x00, 0x00, 0x00, 0x60, 0x00, 0x00,
                 ;0x80, 0x10, 0x04, 0x00, 0x00, 0x00, 0x00, 0x00,
                 ;0x00, 0x00, 0x00, 0x00, 0x00, 0xE0, 0x03, 0x00,
                 ;0x00, 0xF0, 0x05, 0x00, 0x00, 0x00, 0x00, 0x00,
                 ;0x00, 0x00, 0x00, 0x00, 0x00, 0xE0, 0x07, 0x00,
                 ;0x80, 0xF3, 0x03, 0x00, 0x00, 0x00, 0x00, 0x00,
                 ;0x00, 0x00, 0x00, 0x00, 0x00, 0xE0, 0x03, 0x00,
                 ;0x00, 0xFD, 0x03, 0x00, 0x00, 0x00, 0x00, 0x00,
                 ;0x00, 0x00, 0x00, 0x00, 0x00, 0xE0, 0x01, 0x00,
                 ;0x00, 0xFC, 0x01, 0x00, 0x00, 0x00, 0x00, 0x00,
                 ;0x00, 0x00, 0x00, 0x00, 0x00, 0xE0, 0x00, 0x00,
                 ;0x00, 0xFE, 0x00, 0x00, 0x00, 0x00, 0x00, 0x00,
                 ;0x00, 0x00, 0x00, 0x00, 0x00, 0x40, 0x00, 0x00,
                 ;0x00, 0x7E, 0x00, 0x00, 0x00, 0x00, 0x00, 0x00,
                 ;0x00, 0x00, 0x00, 0x00, 0x00, 0x00, 0x00, 0x00,
                 ;0x00, 0x38, 0x00, 0x00, 0x00, 0x00, 0x00, 0x00,
                 ;0x00, 0x00, 0x00, 0x00, 0x00, 0x00, 0x00, 0x00,
                 ;0x00, 0x00, 0x00, 0x00, 0x00, 0x00, 0x00, 0x00,
                 ;0x00, 0x00, 0x00, 0x00, 0x00, 0x00, 0x00, 0x00,
                 ;0x00, 0x00, 0x00, 0x00, 0x00, 0x00, 0x00, 0x00,
                 ;0x00, 0x00, 0x00, 0x00, 0x00, 0x00, 0x00, 0x00,
                 ;0x00, 0x00, 0x00, 0x00, 0x00, 0x00, 0x00, 0x00,
                 ;0x00, 0x00, 0x00, 0x00, 0x00, 0x00, 0x00, 0x00,
                 ;0x00, 0x00, 0x00, 0x00, 0x00, 0x00, 0x00, 0x00,
                 ;0x00, 0x00, 0x00, 0x00, 0x00, 0x00, 0x00, 0x00,
                 ;0x00, 0x00, 0x00, 0x00, 0x00, 0x00, 0x00, 0x00,
                 ;0x00, 0x00, 0x00, 0x00, 0x00, 0x00, 0x00, 0x00,
                 ;0x00, 0x00, 0x00, 0x00, 0x00, 0x00, 0x00, 0x00,
                 ;0x00, 0x00, 0x00, 0x00, 0x00, 0x00, 0x00, 0x00,
                 ;0x00, 0x00, 0x00, 0x00, 0x00, 0x00, 0x00, 0x00,
                 ;0x00, 0x00, 0x00, 0x00, 0x00, 0x00, 0x00, 0x00,
                 ;0x00, 0x00, 0x00, 0x00, 0x00, 0x00, 0x00, 0x00,
                 ;0x00, 0x00, 0x00, 0x00, 0x00, 0x00, 0x00, 0x00,
                 ;0x00, 0x00, 0x00, 0x00, 0x00, 0x00, 0x00, 0x00,
                 ;0x00, 0x00, 0x00, 0x00, 0x00, 0x00, 0x00, 0x00,
                 ;0x00, 0x00, 0x00, 0x00, 0x00, 0x00, 0x00, 0x00,
                 ;0x00, 0x00, 0x00, 0x00, 0x00, 0x00, 0x00, 0x00,
                 ;0x00, 0x00, 0x00, 0x00, 0x00, 0x00, 0x00, 0x00,
                 ;0x00, 0x00, 0x00, 0x00, 0x00, 0x00, 0x00, 0x00,
                 ;0x00, 0x00, 0x00, 0x00, 0x00, 0x00, 0x00, 0x00,
                 ;#else
                 ;/* Image data for monochrome displays organized
                 ;   as rows of vertical bytes */
                 ;0x00, 0x00, 0x00, 0x00, 0x00, 0x00, 0x00, 0x00,
                 ;0x00, 0x00, 0x00, 0x00, 0x00, 0x00, 0x00, 0x00,
                 ;0x00, 0x00, 0x00, 0x00, 0x00, 0x00, 0x00, 0x00,
                 ;0x00, 0x00, 0x00, 0x00, 0x00, 0x00, 0x00, 0x00,
                 ;0x00, 0x00, 0x00, 0x00, 0x00, 0x00, 0x00, 0x00,
                 ;0x00, 0x00, 0x00, 0x00, 0x00, 0x00, 0x00, 0x00,
                 ;0x00, 0x00, 0x00, 0x00, 0x00, 0x00, 0x00, 0x00,
                 ;0x00, 0x00, 0x00, 0x00, 0x00, 0x00, 0x00, 0x00,
                 ;0x00, 0x00, 0x00, 0x00, 0x00, 0x00, 0x00, 0x00,
                 ;0x00, 0x00, 0x00, 0x00, 0x00, 0x00, 0x00, 0x00,
                 ;0x00, 0x00, 0x00, 0x00, 0x00, 0x00, 0x00, 0x00,
                 ;0x00, 0x00, 0x00, 0x00, 0x00, 0x00, 0x00, 0x00,
                 ;0x00, 0x00, 0x00, 0x00, 0x00, 0x00, 0x00, 0x00,
                 ;0x00, 0x00, 0x00, 0x00, 0x00, 0x00, 0x00, 0x00,
                 ;0x00, 0x00, 0x00, 0x00, 0x00, 0x00, 0x00, 0x00,
                 ;0x00, 0x00, 0x00, 0x00, 0x00, 0x00, 0x00, 0x00,
                 ;0x00, 0x00, 0x00, 0x00, 0x00, 0x00, 0x00, 0x00,
                 ;0x00, 0x00, 0x00, 0x00, 0x00, 0x00, 0x00, 0x00,
                 ;0x00, 0x00, 0x00, 0x00, 0x00, 0x00, 0x00, 0x00,
                 ;0x00, 0x00, 0x00, 0x00, 0x00, 0x00, 0x00, 0x00,
                 ;0x00, 0x00, 0x00, 0x00, 0x00, 0x00, 0x00, 0x00,
                 ;0x00, 0x00, 0x00, 0x00, 0x00, 0x00, 0x00, 0x00,
                 ;0x00, 0x00, 0x00, 0x00, 0x00, 0x06, 0x0C, 0x0C,
                 ;0x0C, 0x1C, 0x3C, 0xFC, 0xFC, 0xF8, 0xF0, 0xF0,
                 ;0xF0, 0xE0, 0x60, 0x60, 0x10, 0x00, 0x00, 0x00,
                 ;0x00, 0x08, 0x00, 0x00, 0x00, 0x00, 0x00, 0x00,
                 ;0x00, 0x00, 0x00, 0x00, 0x00, 0x00, 0x00, 0x00,
                 ;0x00, 0x00, 0x00, 0x00, 0x00, 0x00, 0x00, 0x00,
                 ;0x00, 0x00, 0x00, 0x00, 0x00, 0x00, 0x00, 0x00,
                 ;0x00, 0x00, 0x00, 0x00, 0x00, 0x00, 0x00, 0x00,
                 ;0x00, 0x00, 0x00, 0x00, 0x00, 0x00, 0x00, 0x00,
                 ;0x00, 0x00, 0x00, 0x00, 0x00, 0x00, 0x00, 0x00,
                 ;0x00, 0x00, 0x00, 0x00, 0x00, 0x00, 0x00, 0x00,
                 ;0x00, 0x00, 0x00, 0x00, 0x00, 0x00, 0x00, 0x00,
                 ;0x00, 0x00, 0x00, 0x00, 0x00, 0x00, 0x00, 0x00,
                 ;0x00, 0x00, 0x00, 0x00, 0x00, 0x00, 0x00, 0x00,
                 ;0x00, 0x00, 0x00, 0x00, 0x00, 0x00, 0x00, 0x00,
                 ;0x00, 0x00, 0x00, 0x00, 0x00, 0x00, 0x00, 0x00,
                 ;0x40, 0x60, 0x70, 0x78, 0x7C, 0xFC, 0xFE, 0xFE,
                 ;0xFE, 0xFF, 0xFF, 0xFF, 0xFF, 0xFF, 0xFF, 0xC3,
                 ;0x01, 0x03, 0x00, 0x00, 0x03, 0x00, 0x00, 0x00,
                 ;0x00, 0x00, 0x00, 0x00, 0xF0, 0x80, 0x00, 0x00,
                 ;0x00, 0x00, 0x00, 0x00, 0x00, 0x00, 0x00, 0x00,
                 ;0x00, 0x00, 0x00, 0x00, 0x00, 0x00, 0x00, 0x00,
                 ;0x00, 0x00, 0x00, 0x00, 0x00, 0x00, 0x00, 0x00,
                 ;0x00, 0x00, 0x00, 0x00, 0x00, 0x00, 0x00, 0x00,
                 ;0x00, 0x00, 0x00, 0x00, 0x00, 0x00, 0x00, 0x00,
                 ;0x00, 0x00, 0x00, 0x00, 0x00, 0x00, 0x00, 0x00,
                 ;0x00, 0x00, 0x00, 0x00, 0x00, 0x00, 0x00, 0x00,
                 ;0x00, 0x00, 0x00, 0x00, 0x00, 0x00, 0x00, 0x00,
                 ;0x00, 0x00, 0x00, 0x00, 0x00, 0x00, 0x00, 0x00,
                 ;0x00, 0x00, 0x00, 0x00, 0x00, 0x00, 0x00, 0x00,
                 ;0x00, 0x00, 0x00, 0x00, 0x00, 0x00, 0x00, 0x00,
                 ;0x00, 0x00, 0x00, 0x00, 0x00, 0x00, 0x00, 0x00,
                 ;0x00, 0x00, 0x00, 0x00, 0xC0, 0xE0, 0xF8, 0xFC,
                 ;0xFC, 0xFF, 0xFF, 0xFF, 0xFF, 0xFF, 0xFF, 0xFF,
                 ;0xFF, 0xFE, 0xF8, 0xC0, 0x80, 0x80, 0x80, 0x80,
                 ;0x80, 0x80, 0x00, 0x20, 0x01, 0x09, 0x0C, 0x0C,
                 ;0x04, 0x00, 0x00, 0x00, 0x00, 0x00, 0x00, 0x00,
                 ;0x00, 0x00, 0x00, 0x00, 0x00, 0x00, 0x00, 0x00,
                 ;0x00, 0x00, 0x00, 0x00, 0x00, 0x00, 0x00, 0x00,
                 ;0x00, 0x00, 0x00, 0x00, 0x00, 0x00, 0x00, 0x00,
                 ;0x00, 0x00, 0x00, 0x00, 0x00, 0x00, 0x00, 0x00,
                 ;0x00, 0x00, 0x00, 0x00, 0x00, 0x00, 0x00, 0x00,
                 ;0x00, 0x00, 0x00, 0x00, 0x00, 0x00, 0x00, 0x00,
                 ;0x00, 0x00, 0x00, 0x00, 0x00, 0x00, 0x00, 0x00,
                 ;0x00, 0x00, 0x00, 0x00, 0x00, 0x00, 0x00, 0x00,
                 ;0x00, 0x00, 0x00, 0x00, 0x00, 0x00, 0x00, 0x00,
                 ;0x00, 0x00, 0x00, 0x00, 0x00, 0x00, 0x00, 0x00,
                 ;0x00, 0x00, 0x00, 0x00, 0x00, 0xF0, 0x3C, 0xFE,
                 ;0xFF, 0xEF, 0x07, 0x0F, 0x4F, 0xEF, 0xCD, 0x7F,
                 ;0x7F, 0x7F, 0x3F, 0x1F, 0x1F, 0x1F, 0x3F, 0x3F,
                 ;0xF9, 0xF7, 0x36, 0x37, 0x11, 0x01, 0x00, 0x00,
                 ;0x00, 0x40, 0x20, 0x00, 0x00, 0x00, 0x00, 0x00,
                 ;0x00, 0x00, 0x80, 0xC0, 0xE0, 0x00, 0x00, 0x00,
                 ;0x00, 0x00, 0x00, 0x00, 0x00, 0x00, 0x00, 0x00,
                 ;0x00, 0x00, 0x00, 0x00, 0x00, 0x00, 0x00, 0x00,
                 ;0x00, 0x00, 0x00, 0x00, 0x00, 0x00, 0x00, 0x00,
                 ;0x00, 0x00, 0x00, 0x00, 0x00, 0x00, 0x00, 0x00,
                 ;0x00, 0x00, 0x00, 0x00, 0x00, 0x00, 0x00, 0x00,
                 ;0x00, 0x00, 0x00, 0x00, 0x00, 0x00, 0x00, 0x00,
                 ;0x00, 0x00, 0x00, 0x00, 0x00, 0x00, 0x00, 0x00,
                 ;0x00, 0x00, 0x00, 0x00, 0x00, 0x00, 0x00, 0x00,
                 ;0x00, 0x00, 0x00, 0x00, 0x00, 0x00, 0x00, 0x00,
                 ;0x00, 0x00, 0x00, 0x00, 0x00, 0x00, 0x00, 0x00,
                 ;0x00, 0x00, 0x00, 0x00, 0x00, 0xFF, 0xF8, 0xE1,
                 ;0xE3, 0xE3, 0x43, 0x03, 0x00, 0x00, 0x01, 0x01,
                 ;0x01, 0x01, 0x01, 0x01, 0x01, 0x01, 0x01, 0x01,
                 ;0x01, 0x01, 0x01, 0x03, 0x03, 0x06, 0x06, 0x5C,
                 ;0xC0, 0x40, 0x80, 0x80, 0xF0, 0xE0, 0xE0, 0xE2,
                 ;0xE7, 0xCF, 0x3F, 0x07, 0x01, 0x00, 0x00, 0x00,
                 ;0x00, 0x00, 0x00, 0x00, 0x00, 0x00, 0x00, 0x00,
                 ;0x00, 0x00, 0x00, 0x00, 0x00, 0x00, 0x00, 0x00,
                 ;0x00, 0x00, 0x00, 0x00, 0x00, 0x00, 0x00, 0x00,
                 ;0x00, 0x00, 0x00, 0x00, 0x00, 0x00, 0x00, 0x00,
                 ;0x00, 0x00, 0x00, 0x00, 0x00, 0x00, 0x00, 0x00,
                 ;0x00, 0x00, 0x00, 0x00, 0x00, 0x00, 0x00, 0x00,
                 ;0x00, 0x00, 0x00, 0x00, 0x00, 0x00, 0x00, 0x00,
                 ;0x00, 0x00, 0x00, 0x00, 0x00, 0x00, 0x00, 0x00,
                 ;0x00, 0x00, 0x00, 0x00, 0x00, 0x00, 0x00, 0x00,
                 ;0x00, 0x00, 0x00, 0x00, 0x00, 0x00, 0x00, 0x00,
                 ;0x00, 0x00, 0x00, 0x00, 0x00, 0x03, 0x07, 0x03,
                 ;0x01, 0x00, 0x00, 0x00, 0x00, 0x00, 0x00, 0x00,
                 ;0x00, 0x00, 0x00, 0x00, 0x00, 0x00, 0x00, 0x00,
                 ;0x00, 0x00, 0x00, 0x00, 0x00, 0x00, 0x00, 0x00,
                 ;0x00, 0x06, 0x07, 0x0F, 0x0F, 0x0F, 0x07, 0x03,
                 ;0x01, 0x00, 0x00, 0x00, 0x00, 0x00, 0x00, 0x00,
                 ;0x00, 0x00, 0x00, 0x00, 0x00, 0x00, 0x00, 0x00,
                 ;0x00, 0x00, 0x00, 0x00, 0x00, 0x00, 0x00, 0x00,
                 ;0x00, 0x00, 0x00, 0x00, 0x00, 0x00, 0x00, 0x00,
                 ;0x00, 0x00, 0x00, 0x00, 0x00, 0x00, 0x00, 0x00,
                 ;0x00, 0x00, 0x00, 0x00, 0x00, 0x00, 0x00, 0x00,
                 ;0x00, 0x00, 0x00, 0x00, 0x00, 0x00, 0x00, 0x00,
                 ;0x00, 0x00, 0x00, 0x00, 0x00, 0x00, 0x00, 0x00,
                 ;0x00, 0x00, 0x00, 0x00, 0x00, 0x00, 0x00, 0x00,
                 ;0x00, 0x00, 0x00, 0x00, 0x00, 0x00, 0x00, 0x00,
                 ;0x00, 0x00, 0x00, 0x00, 0x00, 0x00, 0x00, 0x00,
                 ;0x00, 0x00, 0x00, 0x00, 0x00, 0x00, 0x00, 0x00,
                 ;0x00, 0x00, 0x00, 0x00, 0x00, 0x00, 0x00, 0x00,
                 ;0x00, 0x00, 0x00, 0x00, 0x00, 0x00, 0x00, 0x00,
                 ;0x00, 0x00, 0x00, 0x00, 0x00, 0x00, 0x00, 0x00,
                 ;0x00, 0x00, 0x00, 0x00, 0x00, 0x00, 0x00, 0x00,
                 ;0x00, 0x00, 0x00, 0x00, 0x00, 0x00, 0x00, 0x00,
                 ;0x00, 0x00, 0x00, 0x00, 0x00, 0x00, 0x00, 0x00,
                 ;0x00, 0x00, 0x00, 0x00, 0x00, 0x00, 0x00, 0x00,
                 ;0x00, 0x00, 0x00, 0x00, 0x00, 0x00, 0x00, 0x00,
                 ;0x00, 0x00, 0x00, 0x00, 0x00, 0x00, 0x00, 0x00,
                 ;0x00, 0x00, 0x00, 0x00, 0x00, 0x00, 0x00, 0x00,
                 ;#endif
                 ;};
                 ;
                 ;#include "frames/f6/f6.c"
                 ;/****************************************************************************
                 ;Image data created by the LCD Vision V1.05 font & image editor/converter
                 ;(C) Copyright 2011-2013 Pavel Haiduc, HP InfoTech s.r.l.
                 ;http://www.hpinfotech.com
                 ;
                 ;Graphic LCD controller: KS0108 128x64 CS1,CS2
                 ;Image width: 128 pixels
                 ;Image height: 64 pixels
                 ;Color depth: 1 bits/pixel
                 ;Imported image file name: f6.bmp
                 ;
                 ;Exported monochrome image data size:
                 ;1028 bytes for displays organized as horizontal rows of bytes
                 ;1028 bytes for displays organized as rows of vertical bytes.
                 ;****************************************************************************/
                 ;
                 ;flash unsigned char f6[]=
                 ;{
                 ;/* Image width: 128 pixels */
                 ;0x80, 0x00,
                 ;/* Image height: 64 pixels */
                 ;0x40, 0x00,
                 ;#ifndef _GLCD_DATA_BYTEY_
                 ;/* Image data for monochrome displays organized
                 ;   as horizontal rows of bytes */
                 ;0x00, 0x00, 0x00, 0x00, 0x00, 0x00, 0x00, 0x00,
                 ;0x00, 0x00, 0x00, 0x00, 0x00, 0x00, 0x00, 0x00,
                 ;0x00, 0x00, 0x00, 0x00, 0x00, 0x00, 0x00, 0x00,
                 ;0x00, 0x00, 0x00, 0x00, 0x00, 0x00, 0x00, 0x00,
                 ;0x00, 0x00, 0x00, 0x00, 0x00, 0x00, 0x00, 0x00,
                 ;0x00, 0x00, 0x00, 0x00, 0x00, 0x00, 0x00, 0x00,
                 ;0x00, 0x00, 0x00, 0x00, 0x00, 0x00, 0x00, 0x00,
                 ;0x00, 0x00, 0x00, 0x00, 0x00, 0x00, 0x00, 0x00,
                 ;0x00, 0x00, 0x00, 0x00, 0x00, 0x00, 0x00, 0x00,
                 ;0x00, 0x00, 0x00, 0x00, 0x00, 0x00, 0x00, 0x00,
                 ;0x00, 0x00, 0x00, 0x00, 0x00, 0x00, 0x00, 0x00,
                 ;0x00, 0x00, 0x00, 0x00, 0x00, 0x00, 0x00, 0x00,
                 ;0x00, 0x00, 0x00, 0x00, 0x00, 0x00, 0x00, 0x00,
                 ;0x00, 0x00, 0x00, 0x00, 0x00, 0x00, 0x00, 0x00,
                 ;0x00, 0x00, 0x00, 0x00, 0x00, 0x00, 0x00, 0x00,
                 ;0x00, 0x00, 0x00, 0x00, 0x00, 0x00, 0x00, 0x00,
                 ;0x00, 0x00, 0x00, 0x00, 0x00, 0x00, 0x00, 0x00,
                 ;0x00, 0x00, 0x00, 0x00, 0x00, 0x00, 0x00, 0x00,
                 ;0x00, 0x00, 0x00, 0x00, 0x00, 0x00, 0x20, 0x00,
                 ;0x00, 0x00, 0x00, 0x00, 0x00, 0x00, 0x00, 0x00,
                 ;0x00, 0x00, 0x00, 0x00, 0x00, 0x00, 0xE0, 0x1F,
                 ;0x00, 0x00, 0x00, 0x00, 0x00, 0x00, 0x00, 0x00,
                 ;0x00, 0x00, 0x00, 0x00, 0x00, 0x00, 0xC0, 0x3F,
                 ;0x00, 0x02, 0x00, 0x00, 0x00, 0x00, 0x00, 0x00,
                 ;0x00, 0x00, 0x00, 0x00, 0x00, 0x00, 0x00, 0xFE,
                 ;0x11, 0x00, 0x00, 0x00, 0x00, 0x00, 0x00, 0x00,
                 ;0x00, 0x00, 0x00, 0x00, 0x00, 0x00, 0x00, 0xFC,
                 ;0x0F, 0x00, 0x00, 0x00, 0x00, 0x00, 0x00, 0x00,
                 ;0x00, 0x00, 0x00, 0x00, 0x00, 0x00, 0x00, 0xF8,
                 ;0x0F, 0x00, 0x00, 0x00, 0x00, 0x00, 0x00, 0x00,
                 ;0x00, 0x00, 0x00, 0x00, 0x00, 0x00, 0x00, 0xF8,
                 ;0x03, 0x00, 0x00, 0x00, 0x00, 0x00, 0x00, 0x00,
                 ;0x00, 0x00, 0x00, 0x00, 0x00, 0x00, 0x00, 0xFE,
                 ;0x13, 0x00, 0x00, 0x00, 0x00, 0x00, 0x00, 0x00,
                 ;0x00, 0x00, 0x00, 0x00, 0x00, 0x00, 0xC0, 0xFF,
                 ;0x13, 0x00, 0x00, 0x00, 0x00, 0x00, 0x00, 0x00,
                 ;0x00, 0x00, 0x00, 0x00, 0x00, 0x00, 0xF0, 0x7F,
                 ;0x00, 0x00, 0x00, 0x00, 0x00, 0x00, 0x00, 0x00,
                 ;0x00, 0x00, 0x00, 0x00, 0x00, 0x00, 0xF8, 0x7F,
                 ;0x00, 0x00, 0x00, 0x00, 0x00, 0x00, 0x00, 0x00,
                 ;0x00, 0x00, 0x00, 0x00, 0x00, 0x00, 0xFC, 0x7F,
                 ;0x00, 0x10, 0x00, 0x00, 0x00, 0x00, 0x00, 0x00,
                 ;0x00, 0x00, 0x00, 0x00, 0x00, 0x00, 0xFE, 0x7F,
                 ;0x00, 0x10, 0x00, 0x00, 0x00, 0x00, 0x00, 0x00,
                 ;0x00, 0x00, 0x00, 0x00, 0x00, 0x00, 0xFF, 0xFF,
                 ;0x00, 0x10, 0x00, 0x00, 0x00, 0x00, 0x00, 0x00,
                 ;0x00, 0x00, 0x00, 0x00, 0x00, 0x00, 0xC0, 0xFF,
                 ;0x01, 0x30, 0x00, 0x00, 0x00, 0x00, 0x00, 0x00,
                 ;0x00, 0x00, 0x00, 0x00, 0x00, 0x00, 0x00, 0xFE,
                 ;0x01, 0x30, 0x00, 0x00, 0x00, 0x00, 0x00, 0x00,
                 ;0x00, 0x00, 0x00, 0x00, 0x00, 0x00, 0x00, 0xFE,
                 ;0x03, 0x00, 0x00, 0x00, 0x00, 0x00, 0x00, 0x00,
                 ;0x00, 0x00, 0x00, 0x00, 0x00, 0x00, 0x80, 0xFF,
                 ;0x07, 0xC0, 0x01, 0x00, 0x00, 0x00, 0x00, 0x00,
                 ;0x00, 0x00, 0x00, 0x00, 0x00, 0x00, 0xE0, 0xFF,
                 ;0x07, 0xE0, 0x00, 0x00, 0x00, 0x00, 0x00, 0x00,
                 ;0x00, 0x00, 0x00, 0x00, 0x00, 0x00, 0xF0, 0xFF,
                 ;0x07, 0x00, 0x00, 0x00, 0x00, 0x00, 0x00, 0x00,
                 ;0x00, 0x00, 0x00, 0x00, 0x00, 0x00, 0xF0, 0xFF,
                 ;0x07, 0x08, 0x00, 0x00, 0x00, 0x00, 0x00, 0x00,
                 ;0x00, 0x00, 0x00, 0x00, 0x00, 0x00, 0xF0, 0xFF,
                 ;0x0F, 0x00, 0x00, 0x00, 0x00, 0x00, 0x00, 0x00,
                 ;0x00, 0x00, 0x00, 0x00, 0x00, 0x00, 0xFC, 0xFF,
                 ;0xFF, 0x03, 0x00, 0x00, 0x00, 0x00, 0x00, 0x00,
                 ;0x00, 0x00, 0x00, 0x00, 0x00, 0x00, 0xF4, 0xFF,
                 ;0x3B, 0x00, 0x00, 0x00, 0x00, 0x00, 0x00, 0x00,
                 ;0x00, 0x00, 0x00, 0x00, 0x00, 0x00, 0xB8, 0xFF,
                 ;0x2C, 0x00, 0x00, 0x00, 0x00, 0x00, 0x00, 0x00,
                 ;0x00, 0x00, 0x00, 0x00, 0x00, 0x00, 0xFE, 0xBE,
                 ;0x00, 0x00, 0x00, 0x00, 0x00, 0x00, 0x00, 0x00,
                 ;0x00, 0x00, 0x00, 0x00, 0x00, 0x00, 0xFC, 0x5E,
                 ;0x07, 0x00, 0x00, 0x00, 0x00, 0x00, 0x00, 0x00,
                 ;0x00, 0x00, 0x00, 0x00, 0x00, 0x00, 0x3C, 0x58,
                 ;0x0F, 0x00, 0x00, 0x00, 0x00, 0x00, 0x00, 0x00,
                 ;0x00, 0x00, 0x00, 0x00, 0x00, 0x00, 0x1E, 0xBC,
                 ;0x00, 0x00, 0x00, 0x00, 0x00, 0x00, 0x00, 0x00,
                 ;0x00, 0x00, 0x00, 0x00, 0x00, 0x00, 0x0E, 0x7C,
                 ;0x03, 0x00, 0x00, 0x00, 0x00, 0x00, 0x00, 0x00,
                 ;0x00, 0x00, 0x00, 0x00, 0x00, 0x00, 0x1E, 0xF8,
                 ;0x03, 0x00, 0x00, 0x00, 0x00, 0x00, 0x00, 0x00,
                 ;0x00, 0x00, 0x00, 0x00, 0x00, 0x00, 0x3E, 0xF8,
                 ;0x03, 0x00, 0x00, 0x00, 0x00, 0x00, 0x00, 0x00,
                 ;0x00, 0x00, 0x00, 0x00, 0x00, 0x00, 0x7C, 0x06,
                 ;0x1C, 0x02, 0x00, 0x00, 0x00, 0x00, 0x00, 0x00,
                 ;0x00, 0x00, 0x00, 0x00, 0x00, 0x00, 0xF4, 0x01,
                 ;0x08, 0x01, 0x00, 0x00, 0x00, 0x00, 0x00, 0x00,
                 ;0x00, 0x00, 0x00, 0x00, 0x00, 0x00, 0x70, 0x00,
                 ;0x20, 0x00, 0x00, 0x00, 0x00, 0x00, 0x00, 0x00,
                 ;0x00, 0x00, 0x00, 0x00, 0x00, 0x00, 0x10, 0x00,
                 ;0x20, 0x00, 0x00, 0x00, 0x00, 0x00, 0x00, 0x00,
                 ;0x00, 0x00, 0x00, 0x00, 0x00, 0x00, 0x10, 0x0C,
                 ;0x60, 0x00, 0xC0, 0x00, 0x00, 0x00, 0x00, 0x00,
                 ;0x00, 0x00, 0x00, 0x00, 0x00, 0x00, 0xE0, 0x0F,
                 ;0x80, 0x00, 0xFC, 0x00, 0x00, 0x00, 0x00, 0x00,
                 ;0x00, 0x00, 0x00, 0x00, 0x00, 0x00, 0xC0, 0x0F,
                 ;0x80, 0x00, 0x7C, 0x00, 0x00, 0x00, 0x00, 0x00,
                 ;0x00, 0x00, 0x00, 0x00, 0x00, 0x00, 0x80, 0x0F,
                 ;0x80, 0x70, 0x3F, 0x00, 0x00, 0x00, 0x00, 0x00,
                 ;0x00, 0x00, 0x00, 0x00, 0x00, 0x00, 0x80, 0x0F,
                 ;0x80, 0xFB, 0x1C, 0x00, 0x00, 0x00, 0x00, 0x00,
                 ;0x00, 0x00, 0x00, 0x00, 0x00, 0x00, 0x00, 0x0E,
                 ;0x00, 0xFD, 0x0D, 0x00, 0x00, 0x00, 0x00, 0x00,
                 ;0x00, 0x00, 0x00, 0x00, 0x00, 0x00, 0x00, 0x0C,
                 ;0x00, 0xFF, 0x07, 0x00, 0x00, 0x00, 0x00, 0x00,
                 ;0x00, 0x00, 0x00, 0x00, 0x00, 0x00, 0x00, 0x00,
                 ;0x00, 0xFF, 0x00, 0x00, 0x00, 0x00, 0x00, 0x00,
                 ;0x00, 0x00, 0x00, 0x00, 0x00, 0x00, 0x00, 0x00,
                 ;0x00, 0x3F, 0x00, 0x00, 0x00, 0x00, 0x00, 0x00,
                 ;0x00, 0x00, 0x00, 0x00, 0x00, 0x00, 0x00, 0x00,
                 ;0x00, 0x3F, 0x00, 0x00, 0x00, 0x00, 0x00, 0x00,
                 ;0x00, 0x00, 0x00, 0x00, 0x00, 0x00, 0x00, 0x00,
                 ;0x00, 0x06, 0x00, 0x00, 0x00, 0x00, 0x00, 0x00,
                 ;0x00, 0x00, 0x00, 0x00, 0x00, 0x00, 0x00, 0x00,
                 ;0x00, 0x00, 0x00, 0x00, 0x00, 0x00, 0x00, 0x00,
                 ;0x00, 0x00, 0x00, 0x00, 0x00, 0x00, 0x00, 0x00,
                 ;0x00, 0x00, 0x00, 0x00, 0x00, 0x00, 0x00, 0x00,
                 ;0x00, 0x00, 0x00, 0x00, 0x00, 0x00, 0x00, 0x00,
                 ;0x00, 0x00, 0x00, 0x00, 0x00, 0x00, 0x00, 0x00,
                 ;0x00, 0x00, 0x00, 0x00, 0x00, 0x00, 0x00, 0x00,
                 ;0x00, 0x00, 0x00, 0x00, 0x00, 0x00, 0x00, 0x00,
                 ;0x00, 0x00, 0x00, 0x00, 0x00, 0x00, 0x00, 0x00,
                 ;0x00, 0x00, 0x00, 0x00, 0x00, 0x00, 0x00, 0x00,
                 ;0x00, 0x00, 0x00, 0x00, 0x00, 0x00, 0x00, 0x00,
                 ;0x00, 0x00, 0x00, 0x00, 0x00, 0x00, 0x00, 0x00,
                 ;0x00, 0x00, 0x00, 0x00, 0x00, 0x00, 0x00, 0x00,
                 ;0x00, 0x00, 0x00, 0x00, 0x00, 0x00, 0x00, 0x00,
                 ;0x00, 0x00, 0x00, 0x00, 0x00, 0x00, 0x00, 0x00,
                 ;0x00, 0x00, 0x00, 0x00, 0x00, 0x00, 0x00, 0x00,
                 ;#else
                 ;/* Image data for monochrome displays organized
                 ;   as rows of vertical bytes */
                 ;0x00, 0x00, 0x00, 0x00, 0x00, 0x00, 0x00, 0x00,
                 ;0x00, 0x00, 0x00, 0x00, 0x00, 0x00, 0x00, 0x00,
                 ;0x00, 0x00, 0x00, 0x00, 0x00, 0x00, 0x00, 0x00,
                 ;0x00, 0x00, 0x00, 0x00, 0x00, 0x00, 0x00, 0x00,
                 ;0x00, 0x00, 0x00, 0x00, 0x00, 0x00, 0x00, 0x00,
                 ;0x00, 0x00, 0x00, 0x00, 0x00, 0x00, 0x00, 0x00,
                 ;0x00, 0x00, 0x00, 0x00, 0x00, 0x00, 0x00, 0x00,
                 ;0x00, 0x00, 0x00, 0x00, 0x00, 0x00, 0x00, 0x00,
                 ;0x00, 0x00, 0x00, 0x00, 0x00, 0x00, 0x00, 0x00,
                 ;0x00, 0x00, 0x00, 0x00, 0x00, 0x00, 0x00, 0x00,
                 ;0x00, 0x00, 0x00, 0x00, 0x00, 0x00, 0x00, 0x00,
                 ;0x00, 0x00, 0x00, 0x00, 0x00, 0x00, 0x00, 0x00,
                 ;0x00, 0x00, 0x00, 0x00, 0x00, 0x00, 0x00, 0x00,
                 ;0x00, 0x00, 0x00, 0x00, 0x00, 0x00, 0x00, 0x00,
                 ;0x00, 0x00, 0x00, 0x00, 0x00, 0x00, 0x00, 0x00,
                 ;0x00, 0x00, 0x00, 0x00, 0x00, 0x00, 0x00, 0x00,
                 ;0x00, 0x00, 0x00, 0x00, 0x00, 0x00, 0x00, 0x00,
                 ;0x00, 0x00, 0x00, 0x00, 0x00, 0x00, 0x00, 0x00,
                 ;0x00, 0x00, 0x00, 0x00, 0x00, 0x00, 0x00, 0x00,
                 ;0x00, 0x00, 0x00, 0x00, 0x00, 0x00, 0x00, 0x00,
                 ;0x00, 0x00, 0x00, 0x00, 0x00, 0x00, 0x00, 0x00,
                 ;0x00, 0x00, 0x00, 0x00, 0x00, 0x00, 0x00, 0x00,
                 ;0x00, 0x00, 0x00, 0x00, 0x00, 0x06, 0x0C, 0x0C,
                 ;0x0C, 0x1C, 0x3C, 0xFC, 0xFC, 0xF8, 0xF0, 0xF0,
                 ;0xF0, 0xE0, 0x60, 0x60, 0x10, 0x00, 0x00, 0x00,
                 ;0x00, 0x08, 0x00, 0x00, 0x00, 0x00, 0x00, 0x00,
                 ;0x00, 0x00, 0x00, 0x00, 0x00, 0x00, 0x00, 0x00,
                 ;0x00, 0x00, 0x00, 0x00, 0x00, 0x00, 0x00, 0x00,
                 ;0x00, 0x00, 0x00, 0x00, 0x00, 0x00, 0x00, 0x00,
                 ;0x00, 0x00, 0x00, 0x00, 0x00, 0x00, 0x00, 0x00,
                 ;0x00, 0x00, 0x00, 0x00, 0x00, 0x00, 0x00, 0x00,
                 ;0x00, 0x00, 0x00, 0x00, 0x00, 0x00, 0x00, 0x00,
                 ;0x00, 0x00, 0x00, 0x00, 0x00, 0x00, 0x00, 0x00,
                 ;0x00, 0x00, 0x00, 0x00, 0x00, 0x00, 0x00, 0x00,
                 ;0x00, 0x00, 0x00, 0x00, 0x00, 0x00, 0x00, 0x00,
                 ;0x00, 0x00, 0x00, 0x00, 0x00, 0x00, 0x00, 0x00,
                 ;0x00, 0x00, 0x00, 0x00, 0x00, 0x00, 0x00, 0x00,
                 ;0x00, 0x00, 0x00, 0x00, 0x00, 0x00, 0x00, 0x00,
                 ;0x40, 0x60, 0x70, 0x78, 0x7C, 0x7C, 0xFE, 0xFE,
                 ;0xFE, 0xFF, 0xFF, 0xFF, 0xFF, 0xFF, 0xFF, 0xC3,
                 ;0x83, 0x03, 0x00, 0x00, 0x03, 0x00, 0x00, 0x00,
                 ;0x00, 0x00, 0x00, 0x00, 0xF0, 0x80, 0x00, 0x00,
                 ;0x00, 0x00, 0x00, 0x00, 0x00, 0x00, 0x00, 0x00,
                 ;0x00, 0x00, 0x00, 0x00, 0x00, 0x00, 0x00, 0x00,
                 ;0x00, 0x00, 0x00, 0x00, 0x00, 0x00, 0x00, 0x00,
                 ;0x00, 0x00, 0x00, 0x00, 0x00, 0x00, 0x00, 0x00,
                 ;0x00, 0x00, 0x00, 0x00, 0x00, 0x00, 0x00, 0x00,
                 ;0x00, 0x00, 0x00, 0x00, 0x00, 0x00, 0x00, 0x00,
                 ;0x00, 0x00, 0x00, 0x00, 0x00, 0x00, 0x00, 0x00,
                 ;0x00, 0x00, 0x00, 0x00, 0x00, 0x00, 0x00, 0x00,
                 ;0x00, 0x00, 0x00, 0x00, 0x00, 0x00, 0x00, 0x00,
                 ;0x00, 0x00, 0x00, 0x00, 0x00, 0x00, 0x00, 0x00,
                 ;0x00, 0x00, 0x00, 0x00, 0x00, 0x00, 0x00, 0x00,
                 ;0x00, 0x00, 0x00, 0x00, 0x00, 0x00, 0x00, 0x00,
                 ;0x00, 0x00, 0x80, 0x80, 0xF0, 0xF8, 0xF8, 0xFC,
                 ;0xFC, 0xFF, 0xFF, 0xFF, 0xFF, 0xFF, 0xFF, 0xFF,
                 ;0xFF, 0xFE, 0xFC, 0xC0, 0x80, 0x80, 0x80, 0x80,
                 ;0x80, 0x80, 0x00, 0x20, 0x01, 0x09, 0x0C, 0x0C,
                 ;0x04, 0x00, 0x00, 0x00, 0x00, 0x00, 0x00, 0x00,
                 ;0x00, 0x00, 0x00, 0x00, 0x00, 0x00, 0x00, 0x00,
                 ;0x00, 0x00, 0x00, 0x00, 0x00, 0x00, 0x00, 0x00,
                 ;0x00, 0x00, 0x00, 0x00, 0x00, 0x00, 0x00, 0x00,
                 ;0x00, 0x00, 0x00, 0x00, 0x00, 0x00, 0x00, 0x00,
                 ;0x00, 0x00, 0x00, 0x00, 0x00, 0x00, 0x00, 0x00,
                 ;0x00, 0x00, 0x00, 0x00, 0x00, 0x00, 0x00, 0x00,
                 ;0x00, 0x00, 0x00, 0x00, 0x00, 0x00, 0x00, 0x00,
                 ;0x00, 0x00, 0x00, 0x00, 0x00, 0x00, 0x00, 0x00,
                 ;0x00, 0x00, 0x00, 0x00, 0x00, 0x00, 0x00, 0x00,
                 ;0x00, 0x00, 0x00, 0x00, 0x00, 0x00, 0x00, 0x00,
                 ;0x00, 0x00, 0x00, 0x00, 0x00, 0x00, 0x00, 0x00,
                 ;0x00, 0xE4, 0xFD, 0xFE, 0xBF, 0x1F, 0x0D, 0x0F,
                 ;0x03, 0x0F, 0x6F, 0xFF, 0xFF, 0xE7, 0xDB, 0xA7,
                 ;0xD9, 0xD9, 0x1A, 0x13, 0x01, 0x03, 0x00, 0x00,
                 ;0x00, 0x00, 0x00, 0x00, 0x00, 0x00, 0x00, 0x00,
                 ;0x00, 0x00, 0x00, 0x00, 0x00, 0x00, 0x00, 0x00,
                 ;0x00, 0x00, 0x00, 0x00, 0x00, 0x00, 0x00, 0x00,
                 ;0x00, 0x00, 0x00, 0x00, 0x00, 0x00, 0x00, 0x00,
                 ;0x00, 0x00, 0x00, 0x00, 0x00, 0x00, 0x00, 0x00,
                 ;0x00, 0x00, 0x00, 0x00, 0x00, 0x00, 0x00, 0x00,
                 ;0x00, 0x00, 0x00, 0x00, 0x00, 0x00, 0x00, 0x00,
                 ;0x00, 0x00, 0x00, 0x00, 0x00, 0x00, 0x00, 0x00,
                 ;0x00, 0x00, 0x00, 0x00, 0x00, 0x00, 0x00, 0x00,
                 ;0x00, 0x00, 0x00, 0x00, 0x00, 0x00, 0x00, 0x00,
                 ;0x00, 0x00, 0x00, 0x00, 0x00, 0x00, 0x00, 0x00,
                 ;0x00, 0x00, 0x00, 0x00, 0x00, 0x00, 0x00, 0x00,
                 ;0x00, 0x00, 0x00, 0x00, 0x00, 0x00, 0x00, 0x00,
                 ;0x00, 0x01, 0x07, 0x03, 0x3F, 0x4F, 0xCE, 0xC4,
                 ;0xC4, 0xC2, 0xE2, 0xE1, 0x01, 0x01, 0x01, 0x01,
                 ;0x01, 0x01, 0x02, 0x06, 0x02, 0x38, 0x20, 0xC0,
                 ;0x04, 0x02, 0x00, 0x00, 0x00, 0x00, 0x00, 0x00,
                 ;0x00, 0x00, 0xC0, 0xC0, 0xC0, 0xC0, 0xE0, 0x60,
                 ;0x00, 0x00, 0x00, 0x00, 0x00, 0x00, 0x00, 0x00,
                 ;0x00, 0x00, 0x00, 0x00, 0x00, 0x00, 0x00, 0x00,
                 ;0x00, 0x00, 0x00, 0x00, 0x00, 0x00, 0x00, 0x00,
                 ;0x00, 0x00, 0x00, 0x00, 0x00, 0x00, 0x00, 0x00,
                 ;0x00, 0x00, 0x00, 0x00, 0x00, 0x00, 0x00, 0x00,
                 ;0x00, 0x00, 0x00, 0x00, 0x00, 0x00, 0x00, 0x00,
                 ;0x00, 0x00, 0x00, 0x00, 0x00, 0x00, 0x00, 0x00,
                 ;0x00, 0x00, 0x00, 0x00, 0x00, 0x00, 0x00, 0x00,
                 ;0x00, 0x00, 0x00, 0x00, 0x00, 0x00, 0x00, 0x00,
                 ;0x00, 0x00, 0x00, 0x00, 0x00, 0x00, 0x00, 0x00,
                 ;0x00, 0x00, 0x00, 0x00, 0x00, 0x00, 0x00, 0x00,
                 ;0x00, 0x00, 0x00, 0x00, 0x00, 0x00, 0x00, 0x03,
                 ;0x03, 0x07, 0x0F, 0x0F, 0x00, 0x00, 0x00, 0x00,
                 ;0x00, 0x00, 0x00, 0x00, 0x00, 0x00, 0x00, 0x03,
                 ;0x7E, 0xFA, 0xFC, 0x7E, 0x7F, 0x7F, 0x1F, 0x1E,
                 ;0x0D, 0x09, 0x0F, 0x07, 0x03, 0x01, 0x00, 0x00,
                 ;0x00, 0x00, 0x00, 0x00, 0x00, 0x00, 0x00, 0x00,
                 ;0x00, 0x00, 0x00, 0x00, 0x00, 0x00, 0x00, 0x00,
                 ;0x00, 0x00, 0x00, 0x00, 0x00, 0x00, 0x00, 0x00,
                 ;0x00, 0x00, 0x00, 0x00, 0x00, 0x00, 0x00, 0x00,
                 ;0x00, 0x00, 0x00, 0x00, 0x00, 0x00, 0x00, 0x00,
                 ;0x00, 0x00, 0x00, 0x00, 0x00, 0x00, 0x00, 0x00,
                 ;0x00, 0x00, 0x00, 0x00, 0x00, 0x00, 0x00, 0x00,
                 ;0x00, 0x00, 0x00, 0x00, 0x00, 0x00, 0x00, 0x00,
                 ;0x00, 0x00, 0x00, 0x00, 0x00, 0x00, 0x00, 0x00,
                 ;0x00, 0x00, 0x00, 0x00, 0x00, 0x00, 0x00, 0x00,
                 ;0x00, 0x00, 0x00, 0x00, 0x00, 0x00, 0x00, 0x00,
                 ;0x00, 0x00, 0x00, 0x00, 0x00, 0x00, 0x00, 0x00,
                 ;0x00, 0x00, 0x00, 0x00, 0x00, 0x00, 0x00, 0x00,
                 ;0x00, 0x00, 0x00, 0x00, 0x00, 0x00, 0x00, 0x00,
                 ;0x00, 0x00, 0x00, 0x00, 0x00, 0x00, 0x00, 0x00,
                 ;0x00, 0x00, 0x00, 0x00, 0x00, 0x00, 0x00, 0x00,
                 ;0x00, 0x00, 0x00, 0x00, 0x00, 0x00, 0x00, 0x00,
                 ;0x00, 0x00, 0x00, 0x00, 0x00, 0x00, 0x00, 0x00,
                 ;0x00, 0x00, 0x00, 0x00, 0x00, 0x00, 0x00, 0x00,
                 ;0x00, 0x00, 0x00, 0x00, 0x00, 0x00, 0x00, 0x00,
                 ;0x00, 0x00, 0x00, 0x00, 0x00, 0x00, 0x00, 0x00,
                 ;#endif
                 ;};
                 ;
                 ;#include "frames/f7/f7.c"
                 ;/****************************************************************************
                 ;Image data created by the LCD Vision V1.05 font & image editor/converter
                 ;(C) Copyright 2011-2013 Pavel Haiduc, HP InfoTech s.r.l.
                 ;http://www.hpinfotech.com
                 ;
                 ;Graphic LCD controller: KS0108 128x64 CS1,CS2
                 ;Image width: 128 pixels
                 ;Image height: 64 pixels
                 ;Color depth: 1 bits/pixel
                 ;Imported image file name: f7.bmp
                 ;
                 ;Exported monochrome image data size:
                 ;1028 bytes for displays organized as horizontal rows of bytes
                 ;1028 bytes for displays organized as rows of vertical bytes.
                 ;****************************************************************************/
                 ;
                 ;flash unsigned char f7[]=
                 ;{
                 ;/* Image width: 128 pixels */
                 ;0x80, 0x00,
                 ;/* Image height: 64 pixels */
                 ;0x40, 0x00,
                 ;#ifndef _GLCD_DATA_BYTEY_
                 ;/* Image data for monochrome displays organized
                 ;   as horizontal rows of bytes */
                 ;0x00, 0x00, 0x00, 0x00, 0x00, 0x00, 0x00, 0x00,
                 ;0x00, 0x00, 0x00, 0x00, 0x00, 0x00, 0x00, 0x00,
                 ;0x00, 0x00, 0x00, 0x00, 0x00, 0x00, 0x00, 0x00,
                 ;0x00, 0x00, 0x00, 0x00, 0x00, 0x00, 0x00, 0x00,
                 ;0x00, 0x00, 0x00, 0x00, 0x00, 0x00, 0x00, 0x00,
                 ;0x00, 0x00, 0x00, 0x00, 0x00, 0x00, 0x00, 0x00,
                 ;0x00, 0x00, 0x00, 0x00, 0x00, 0x00, 0x00, 0x00,
                 ;0x00, 0x00, 0x00, 0x00, 0x00, 0x00, 0x00, 0x00,
                 ;0x00, 0x00, 0x00, 0x00, 0x00, 0x00, 0x00, 0x00,
                 ;0x00, 0x00, 0x00, 0x00, 0x00, 0x00, 0x00, 0x00,
                 ;0x00, 0x00, 0x00, 0x00, 0x00, 0x00, 0x00, 0x00,
                 ;0x00, 0x00, 0x00, 0x00, 0x00, 0x00, 0x00, 0x00,
                 ;0x00, 0x00, 0x00, 0x00, 0x00, 0x00, 0x00, 0x00,
                 ;0x00, 0x00, 0x00, 0x00, 0x00, 0x00, 0x00, 0x00,
                 ;0x00, 0x00, 0x00, 0x00, 0x00, 0x00, 0x00, 0x00,
                 ;0x00, 0x00, 0x00, 0x00, 0x00, 0x00, 0x00, 0x00,
                 ;0x00, 0x00, 0x00, 0x00, 0x00, 0x00, 0x00, 0x0C,
                 ;0x01, 0x00, 0x00, 0x00, 0x00, 0x00, 0x00, 0x00,
                 ;0x00, 0x00, 0x00, 0x00, 0x00, 0x00, 0xE0, 0x07,
                 ;0x10, 0x00, 0x00, 0x00, 0x00, 0x00, 0x00, 0x00,
                 ;0x00, 0x00, 0x00, 0x00, 0x00, 0x00, 0xF0, 0x1F,
                 ;0x07, 0x00, 0x00, 0x00, 0x00, 0x00, 0x00, 0x00,
                 ;0x00, 0x00, 0x00, 0x00, 0x00, 0x00, 0xE0, 0xFF,
                 ;0x0F, 0x00, 0x00, 0x00, 0x00, 0x00, 0x00, 0x00,
                 ;0x00, 0x00, 0x00, 0x00, 0x00, 0x00, 0x00, 0xFF,
                 ;0x03, 0x0F, 0x00, 0x00, 0x00, 0x00, 0x00, 0x00,
                 ;0x00, 0x00, 0x00, 0x00, 0x00, 0x00, 0x00, 0xFE,
                 ;0x01, 0x08, 0x00, 0x00, 0x00, 0x00, 0x00, 0x00,
                 ;0x00, 0x00, 0x00, 0x00, 0x00, 0x00, 0x00, 0xF8,
                 ;0x01, 0x00, 0x00, 0x00, 0x00, 0x00, 0x00, 0x00,
                 ;0x00, 0x00, 0x00, 0x00, 0x00, 0x00, 0x00, 0xF8,
                 ;0x00, 0x00, 0x00, 0x00, 0x00, 0x00, 0x00, 0x00,
                 ;0x00, 0x00, 0x00, 0x00, 0x00, 0x00, 0x00, 0x7C,
                 ;0x00, 0x00, 0x00, 0x00, 0x00, 0x00, 0x00, 0x00,
                 ;0x00, 0x00, 0x00, 0x00, 0x00, 0x00, 0xC0, 0xFF,
                 ;0x00, 0x00, 0x00, 0x00, 0x00, 0x00, 0x00, 0x00,
                 ;0x00, 0x00, 0x00, 0x00, 0x00, 0x00, 0xF0, 0x7F,
                 ;0x00, 0x40, 0x00, 0x00, 0x00, 0x00, 0x00, 0x00,
                 ;0x00, 0x00, 0x00, 0x00, 0x00, 0x00, 0xF8, 0x7F,
                 ;0x00, 0x00, 0x00, 0x00, 0x00, 0x00, 0x00, 0x00,
                 ;0x00, 0x00, 0x00, 0x00, 0x00, 0x00, 0xFC, 0xFF,
                 ;0x00, 0x08, 0x00, 0x00, 0x00, 0x00, 0x00, 0x00,
                 ;0x00, 0x00, 0x00, 0x00, 0x00, 0x00, 0xFE, 0xFF,
                 ;0x00, 0x18, 0x00, 0x00, 0x00, 0x00, 0x00, 0x00,
                 ;0x00, 0x00, 0x00, 0x00, 0x00, 0x00, 0xFF, 0xFF,
                 ;0x00, 0x38, 0x00, 0x00, 0x00, 0x00, 0x00, 0x00,
                 ;0x00, 0x00, 0x00, 0x00, 0x00, 0x00, 0x80, 0xFF,
                 ;0x01, 0x58, 0x00, 0x00, 0x00, 0x00, 0x00, 0x00,
                 ;0x00, 0x00, 0x00, 0x00, 0x00, 0x00, 0x00, 0xFC,
                 ;0x0F, 0x58, 0x00, 0x00, 0x00, 0x00, 0x00, 0x00,
                 ;0x00, 0x00, 0x00, 0x00, 0x00, 0x00, 0x00, 0xFC,
                 ;0x07, 0x40, 0x00, 0x00, 0x00, 0x00, 0x00, 0x00,
                 ;0x00, 0x00, 0x00, 0x00, 0x00, 0x00, 0x80, 0xFF,
                 ;0x0B, 0xC0, 0x00, 0x00, 0x00, 0x00, 0x00, 0x00,
                 ;0x00, 0x00, 0x00, 0x00, 0x00, 0x00, 0xE0, 0xFF,
                 ;0x07, 0xE0, 0x00, 0x00, 0x00, 0x00, 0x00, 0x00,
                 ;0x00, 0x00, 0x00, 0x00, 0x00, 0x00, 0xF0, 0xFF,
                 ;0x07, 0x00, 0x00, 0x00, 0x00, 0x00, 0x00, 0x00,
                 ;0x00, 0x00, 0x00, 0x00, 0x00, 0x00, 0xF0, 0xFF,
                 ;0x07, 0x08, 0x00, 0x00, 0x00, 0x00, 0x00, 0x00,
                 ;0x00, 0x00, 0x00, 0x00, 0x00, 0x00, 0xF8, 0xFF,
                 ;0x0F, 0x00, 0x00, 0x00, 0x00, 0x00, 0x00, 0x00,
                 ;0x00, 0x00, 0x00, 0x00, 0x00, 0x00, 0xFC, 0xFF,
                 ;0xFF, 0x03, 0x00, 0x00, 0x00, 0x00, 0x00, 0x00,
                 ;0x00, 0x00, 0x00, 0x00, 0x00, 0x00, 0x04, 0xFC,
                 ;0x3B, 0x00, 0x00, 0x00, 0x00, 0x00, 0x00, 0x00,
                 ;0x00, 0x00, 0x00, 0x00, 0x00, 0x00, 0x00, 0xFE,
                 ;0x2E, 0x00, 0x00, 0x00, 0x00, 0x00, 0x00, 0x00,
                 ;0x00, 0x00, 0x00, 0x00, 0x00, 0x00, 0x00, 0xBE,
                 ;0x06, 0x00, 0x00, 0x00, 0x00, 0x00, 0x00, 0x00,
                 ;0x00, 0x00, 0x00, 0x00, 0x00, 0x00, 0x80, 0x5F,
                 ;0x07, 0x00, 0x00, 0x00, 0x00, 0x00, 0x00, 0x00,
                 ;0x00, 0x00, 0x00, 0x00, 0x00, 0x00, 0x80, 0x8F,
                 ;0x07, 0x00, 0x00, 0x00, 0x00, 0x00, 0x00, 0x00,
                 ;0x00, 0x00, 0x00, 0x00, 0x00, 0x00, 0x80, 0x87,
                 ;0x01, 0x00, 0x00, 0x00, 0x00, 0x00, 0x00, 0x00,
                 ;0x00, 0x00, 0x00, 0x00, 0x00, 0x00, 0xC0, 0x01,
                 ;0x03, 0x00, 0x00, 0x00, 0x00, 0x00, 0x00, 0x00,
                 ;0x00, 0x00, 0x00, 0x00, 0x00, 0x00, 0xC0, 0x81,
                 ;0x05, 0x00, 0x00, 0x00, 0x00, 0x00, 0x00, 0x00,
                 ;0x00, 0x00, 0x00, 0x00, 0x00, 0x00, 0xC0, 0x01,
                 ;0x07, 0x00, 0x00, 0x00, 0x00, 0x00, 0x00, 0x00,
                 ;0x00, 0x00, 0x00, 0x00, 0x00, 0x00, 0xE0, 0x01,
                 ;0x01, 0x00, 0x00, 0x00, 0x00, 0x00, 0x00, 0x00,
                 ;0x00, 0x00, 0x00, 0x00, 0x00, 0x00, 0x00, 0x02,
                 ;0x01, 0x00, 0x00, 0x00, 0x00, 0x00, 0x00, 0x00,
                 ;0x00, 0x00, 0x00, 0x00, 0x00, 0x00, 0x00, 0x00,
                 ;0x01, 0x00, 0x00, 0x00, 0x00, 0x00, 0x00, 0x00,
                 ;0x00, 0x00, 0x00, 0x00, 0x00, 0x00, 0x04, 0x00,
                 ;0x01, 0x00, 0x00, 0x00, 0x00, 0x00, 0x00, 0x00,
                 ;0x00, 0x00, 0x00, 0x00, 0x00, 0x00, 0x1C, 0x80,
                 ;0x01, 0x00, 0x00, 0x00, 0x00, 0x00, 0x00, 0x00,
                 ;0x00, 0x00, 0x00, 0x00, 0x00, 0x00, 0x7E, 0xFE,
                 ;0x00, 0x00, 0x00, 0x00, 0x00, 0x00, 0x00, 0x00,
                 ;0x00, 0x00, 0x00, 0x00, 0x00, 0x00, 0xFE, 0x77,
                 ;0x00, 0x00, 0x00, 0x00, 0x00, 0x00, 0x00, 0x00,
                 ;0x00, 0x00, 0x00, 0x00, 0x00, 0x00, 0xFE, 0x43,
                 ;0x00, 0x00, 0x00, 0x00, 0x00, 0x00, 0x00, 0x00,
                 ;0x00, 0x00, 0x00, 0x00, 0x00, 0x00, 0xFE, 0xC1,
                 ;0x01, 0x00, 0x00, 0x00, 0x00, 0x00, 0x00, 0x00,
                 ;0x00, 0x00, 0x00, 0x00, 0x00, 0x00, 0xFC, 0x79,
                 ;0x18, 0x7F, 0x00, 0x00, 0x00, 0x00, 0x00, 0x00,
                 ;0x00, 0x00, 0x00, 0x00, 0x00, 0x00, 0xC0, 0xF9,
                 ;0x1F, 0x7F, 0x00, 0x00, 0x00, 0x00, 0x00, 0x00,
                 ;0x00, 0x00, 0x00, 0x00, 0x00, 0x00, 0x00, 0xFC,
                 ;0x3F, 0x3F, 0x00, 0x00, 0x00, 0x00, 0x00, 0x00,
                 ;0x00, 0x00, 0x00, 0x00, 0x00, 0x00, 0x00, 0xF0,
                 ;0x3F, 0x0F, 0x00, 0x00, 0x00, 0x00, 0x00, 0x00,
                 ;0x00, 0x00, 0x00, 0x00, 0x00, 0x00, 0x00, 0xF0,
                 ;0x3F, 0x07, 0x00, 0x00, 0x00, 0x00, 0x00, 0x00,
                 ;0x00, 0x00, 0x00, 0x00, 0x00, 0x00, 0x00, 0xC0,
                 ;0x7F, 0x00, 0x00, 0x00, 0x00, 0x00, 0x00, 0x00,
                 ;0x00, 0x00, 0x00, 0x00, 0x00, 0x00, 0x00, 0x00,
                 ;0x00, 0x00, 0x00, 0x00, 0x00, 0x00, 0x00, 0x00,
                 ;0x00, 0x00, 0x00, 0x00, 0x00, 0x00, 0x00, 0x00,
                 ;0x00, 0x00, 0x00, 0x00, 0x00, 0x00, 0x00, 0x00,
                 ;0x00, 0x00, 0x00, 0x00, 0x00, 0x00, 0x00, 0x00,
                 ;0x00, 0x00, 0x00, 0x00, 0x00, 0x00, 0x00, 0x00,
                 ;0x00, 0x00, 0x00, 0x00, 0x00, 0x00, 0x00, 0x00,
                 ;0x00, 0x00, 0x00, 0x00, 0x00, 0x00, 0x00, 0x00,
                 ;0x00, 0x00, 0x00, 0x00, 0x00, 0x00, 0x00, 0x00,
                 ;0x00, 0x00, 0x00, 0x00, 0x00, 0x00, 0x00, 0x00,
                 ;0x00, 0x00, 0x00, 0x00, 0x00, 0x00, 0x00, 0x00,
                 ;0x00, 0x00, 0x00, 0x00, 0x00, 0x00, 0x00, 0x00,
                 ;0x00, 0x00, 0x00, 0x00, 0x00, 0x00, 0x00, 0x00,
                 ;0x00, 0x00, 0x00, 0x00, 0x00, 0x00, 0x00, 0x00,
                 ;0x00, 0x00, 0x00, 0x00, 0x00, 0x00, 0x00, 0x00,
                 ;0x00, 0x00, 0x00, 0x00, 0x00, 0x00, 0x00, 0x00,
                 ;#else
                 ;/* Image data for monochrome displays organized
                 ;   as rows of vertical bytes */
                 ;0x00, 0x00, 0x00, 0x00, 0x00, 0x00, 0x00, 0x00,
                 ;0x00, 0x00, 0x00, 0x00, 0x00, 0x00, 0x00, 0x00,
                 ;0x00, 0x00, 0x00, 0x00, 0x00, 0x00, 0x00, 0x00,
                 ;0x00, 0x00, 0x00, 0x00, 0x00, 0x00, 0x00, 0x00,
                 ;0x00, 0x00, 0x00, 0x00, 0x00, 0x00, 0x00, 0x00,
                 ;0x00, 0x00, 0x00, 0x00, 0x00, 0x00, 0x00, 0x00,
                 ;0x00, 0x00, 0x00, 0x00, 0x00, 0x00, 0x00, 0x00,
                 ;0x00, 0x00, 0x00, 0x00, 0x00, 0x00, 0x00, 0x00,
                 ;0x00, 0x00, 0x00, 0x00, 0x00, 0x00, 0x00, 0x00,
                 ;0x00, 0x00, 0x00, 0x00, 0x00, 0x00, 0x00, 0x00,
                 ;0x00, 0x00, 0x00, 0x00, 0x00, 0x00, 0x00, 0x00,
                 ;0x00, 0x00, 0x00, 0x00, 0x00, 0x00, 0x00, 0x00,
                 ;0x00, 0x00, 0x00, 0x00, 0x00, 0x00, 0x00, 0x00,
                 ;0x00, 0x00, 0x00, 0x00, 0x00, 0x00, 0x00, 0x00,
                 ;0x00, 0x00, 0x00, 0x00, 0x00, 0x00, 0x00, 0x00,
                 ;0x00, 0x00, 0x00, 0x00, 0x00, 0x00, 0x00, 0x00,
                 ;0x00, 0x00, 0x00, 0x00, 0x00, 0x00, 0x00, 0x00,
                 ;0x00, 0x00, 0x00, 0x00, 0x00, 0x00, 0x00, 0x00,
                 ;0x00, 0x00, 0x00, 0x00, 0x00, 0x00, 0x00, 0x00,
                 ;0x00, 0x00, 0x00, 0x00, 0x00, 0x00, 0x00, 0x00,
                 ;0x00, 0x00, 0x00, 0x00, 0x00, 0x00, 0x00, 0x00,
                 ;0x00, 0x00, 0x00, 0x00, 0x00, 0x00, 0x00, 0x00,
                 ;0x00, 0x00, 0x00, 0x00, 0x04, 0x0E, 0x0E, 0x0E,
                 ;0x1E, 0x3E, 0x3F, 0xFD, 0xFC, 0xF8, 0xF8, 0xF8,
                 ;0x7D, 0x1C, 0x0C, 0x08, 0x02, 0x00, 0x00, 0x00,
                 ;0x10, 0x10, 0x10, 0x30, 0x00, 0x00, 0x00, 0x00,
                 ;0x00, 0x00, 0x00, 0x00, 0x00, 0x00, 0x00, 0x00,
                 ;0x00, 0x00, 0x00, 0x00, 0x00, 0x00, 0x00, 0x00,
                 ;0x00, 0x00, 0x00, 0x00, 0x00, 0x00, 0x00, 0x00,
                 ;0x00, 0x00, 0x00, 0x00, 0x00, 0x00, 0x00, 0x00,
                 ;0x00, 0x00, 0x00, 0x00, 0x00, 0x00, 0x00, 0x00,
                 ;0x00, 0x00, 0x00, 0x00, 0x00, 0x00, 0x00, 0x00,
                 ;0x00, 0x00, 0x00, 0x00, 0x00, 0x00, 0x00, 0x00,
                 ;0x00, 0x00, 0x00, 0x00, 0x00, 0x00, 0x00, 0x00,
                 ;0x00, 0x00, 0x00, 0x00, 0x00, 0x00, 0x00, 0x00,
                 ;0x00, 0x00, 0x00, 0x00, 0x00, 0x00, 0x00, 0x00,
                 ;0x00, 0x00, 0x00, 0x00, 0x00, 0x00, 0x00, 0x00,
                 ;0x00, 0x00, 0x00, 0x00, 0x00, 0x00, 0x00, 0x00,
                 ;0x40, 0x60, 0x70, 0x78, 0x7C, 0x7C, 0x7E, 0xFE,
                 ;0xFE, 0xFE, 0xFF, 0xFF, 0xFF, 0xFF, 0xFF, 0xF2,
                 ;0x80, 0x00, 0x00, 0x00, 0x00, 0x00, 0x00, 0x00,
                 ;0x00, 0x00, 0x00, 0xF0, 0xE0, 0x40, 0x84, 0x00,
                 ;0x00, 0x00, 0x00, 0x00, 0x00, 0x00, 0x00, 0x00,
                 ;0x00, 0x00, 0x00, 0x00, 0x00, 0x00, 0x00, 0x00,
                 ;0x00, 0x00, 0x00, 0x00, 0x00, 0x00, 0x00, 0x00,
                 ;0x00, 0x00, 0x00, 0x00, 0x00, 0x00, 0x00, 0x00,
                 ;0x00, 0x00, 0x00, 0x00, 0x00, 0x00, 0x00, 0x00,
                 ;0x00, 0x00, 0x00, 0x00, 0x00, 0x00, 0x00, 0x00,
                 ;0x00, 0x00, 0x00, 0x00, 0x00, 0x00, 0x00, 0x00,
                 ;0x00, 0x00, 0x00, 0x00, 0x00, 0x00, 0x00, 0x00,
                 ;0x00, 0x00, 0x00, 0x00, 0x00, 0x00, 0x00, 0x00,
                 ;0x00, 0x00, 0x00, 0x00, 0x00, 0x00, 0x00, 0x00,
                 ;0x00, 0x00, 0x00, 0x00, 0x00, 0x00, 0x00, 0x00,
                 ;0x00, 0x00, 0x00, 0x00, 0x00, 0x00, 0x00, 0x00,
                 ;0x00, 0x00, 0x80, 0xC0, 0xF0, 0xF8, 0xF8, 0xFC,
                 ;0xFC, 0xFC, 0xFF, 0xFF, 0xFF, 0xFF, 0xFF, 0xFF,
                 ;0xFF, 0xFF, 0xFB, 0xC5, 0x80, 0x80, 0x80, 0x80,
                 ;0x80, 0x80, 0x00, 0x21, 0x01, 0x08, 0x0F, 0x0C,
                 ;0x00, 0x00, 0x00, 0x00, 0x00, 0x00, 0x00, 0x00,
                 ;0x00, 0x00, 0x00, 0x00, 0x00, 0x00, 0x00, 0x00,
                 ;0x00, 0x00, 0x00, 0x00, 0x00, 0x00, 0x00, 0x00,
                 ;0x00, 0x00, 0x00, 0x00, 0x00, 0x00, 0x00, 0x00,
                 ;0x00, 0x00, 0x00, 0x00, 0x00, 0x00, 0x00, 0x00,
                 ;0x00, 0x00, 0x00, 0x00, 0x00, 0x00, 0x00, 0x00,
                 ;0x00, 0x00, 0x00, 0x00, 0x00, 0x00, 0x00, 0x00,
                 ;0x00, 0x00, 0x00, 0x00, 0x00, 0x00, 0x00, 0x00,
                 ;0x00, 0x00, 0x00, 0x00, 0x00, 0x00, 0x00, 0x00,
                 ;0x00, 0x00, 0x00, 0x00, 0x00, 0x00, 0x00, 0x00,
                 ;0x00, 0x00, 0x00, 0x00, 0x00, 0x00, 0x00, 0x00,
                 ;0x00, 0x00, 0x00, 0x00, 0x00, 0x00, 0x00, 0x00,
                 ;0x00, 0x00, 0x01, 0x00, 0x00, 0x00, 0xC0, 0xF8,
                 ;0xF8, 0x3E, 0x3F, 0x1F, 0x0F, 0x07, 0x0B, 0xB7,
                 ;0xF9, 0x5F, 0x9E, 0x03, 0x01, 0x03, 0x00, 0x00,
                 ;0x00, 0x00, 0x00, 0x00, 0x00, 0x00, 0x00, 0x00,
                 ;0x00, 0x00, 0x00, 0x00, 0x00, 0x00, 0x00, 0x00,
                 ;0x00, 0x00, 0x00, 0x00, 0x00, 0x00, 0x00, 0x00,
                 ;0x00, 0x00, 0x00, 0x00, 0x00, 0x00, 0x00, 0x00,
                 ;0x00, 0x00, 0x00, 0x00, 0x00, 0x00, 0x00, 0x00,
                 ;0x00, 0x00, 0x00, 0x00, 0x00, 0x00, 0x00, 0x00,
                 ;0x00, 0x00, 0x00, 0x00, 0x00, 0x00, 0x00, 0x00,
                 ;0x00, 0x00, 0x00, 0x00, 0x00, 0x00, 0x00, 0x00,
                 ;0x00, 0x00, 0x00, 0x00, 0x00, 0x00, 0x00, 0x00,
                 ;0x00, 0x00, 0x00, 0x00, 0x00, 0x00, 0x00, 0x00,
                 ;0x00, 0x00, 0x00, 0x00, 0x00, 0x00, 0x00, 0x00,
                 ;0x00, 0x00, 0x00, 0x00, 0x00, 0x00, 0x00, 0x00,
                 ;0x00, 0x00, 0x00, 0x00, 0x00, 0x00, 0x00, 0x00,
                 ;0x00, 0xC0, 0xF0, 0xE0, 0xE0, 0xC2, 0xC3, 0x83,
                 ;0x83, 0xC4, 0xC0, 0x40, 0xC0, 0xC0, 0xC0, 0x60,
                 ;0x3F, 0x01, 0x01, 0x00, 0x00, 0x00, 0x00, 0x00,
                 ;0x00, 0x00, 0x00, 0x00, 0x00, 0x00, 0x00, 0x00,
                 ;0x00, 0x00, 0x00, 0x00, 0x00, 0x00, 0x00, 0x00,
                 ;0x00, 0x00, 0x00, 0x00, 0x00, 0x00, 0x00, 0x00,
                 ;0x00, 0x00, 0x00, 0x00, 0x00, 0x00, 0x00, 0x00,
                 ;0x00, 0x00, 0x00, 0x00, 0x00, 0x00, 0x00, 0x00,
                 ;0x00, 0x00, 0x00, 0x00, 0x00, 0x00, 0x00, 0x00,
                 ;0x00, 0x00, 0x00, 0x00, 0x00, 0x00, 0x00, 0x00,
                 ;0x00, 0x00, 0x00, 0x00, 0x00, 0x00, 0x00, 0x00,
                 ;0x00, 0x00, 0x00, 0x00, 0x00, 0x00, 0x00, 0x00,
                 ;0x00, 0x00, 0x00, 0x00, 0x00, 0x00, 0x00, 0x00,
                 ;0x00, 0x00, 0x00, 0x00, 0x00, 0x00, 0x00, 0x00,
                 ;0x00, 0x00, 0x00, 0x00, 0x00, 0x00, 0x00, 0x00,
                 ;0x00, 0x00, 0x00, 0x00, 0x00, 0x00, 0x00, 0x00,
                 ;0x00, 0x03, 0x07, 0x07, 0x07, 0x07, 0x0F, 0x0F,
                 ;0x0F, 0x01, 0x10, 0x1C, 0x7C, 0x7C, 0xFF, 0xFA,
                 ;0xFA, 0xF8, 0xF8, 0xFC, 0xFC, 0xF0, 0x80, 0x00,
                 ;0x7C, 0x7C, 0x7C, 0x3C, 0x1C, 0x1C, 0x0C, 0x00,
                 ;0x00, 0x00, 0x00, 0x00, 0x00, 0x00, 0x00, 0x00,
                 ;0x00, 0x00, 0x00, 0x00, 0x00, 0x00, 0x00, 0x00,
                 ;0x00, 0x00, 0x00, 0x00, 0x00, 0x00, 0x00, 0x00,
                 ;0x00, 0x00, 0x00, 0x00, 0x00, 0x00, 0x00, 0x00,
                 ;0x00, 0x00, 0x00, 0x00, 0x00, 0x00, 0x00, 0x00,
                 ;0x00, 0x00, 0x00, 0x00, 0x00, 0x00, 0x00, 0x00,
                 ;0x00, 0x00, 0x00, 0x00, 0x00, 0x00, 0x00, 0x00,
                 ;0x00, 0x00, 0x00, 0x00, 0x00, 0x00, 0x00, 0x00,
                 ;0x00, 0x00, 0x00, 0x00, 0x00, 0x00, 0x00, 0x00,
                 ;0x00, 0x00, 0x00, 0x00, 0x00, 0x00, 0x00, 0x00,
                 ;0x00, 0x00, 0x00, 0x00, 0x00, 0x00, 0x00, 0x00,
                 ;0x00, 0x00, 0x00, 0x00, 0x00, 0x00, 0x00, 0x00,
                 ;0x00, 0x00, 0x00, 0x00, 0x00, 0x00, 0x00, 0x00,
                 ;0x00, 0x00, 0x00, 0x00, 0x00, 0x00, 0x00, 0x00,
                 ;0x00, 0x00, 0x00, 0x00, 0x00, 0x00, 0x00, 0x00,
                 ;0x00, 0x00, 0x00, 0x00, 0x00, 0x00, 0x00, 0x00,
                 ;0x00, 0x00, 0x00, 0x00, 0x00, 0x00, 0x00, 0x00,
                 ;0x00, 0x00, 0x00, 0x00, 0x00, 0x00, 0x00, 0x00,
                 ;0x00, 0x00, 0x00, 0x00, 0x00, 0x00, 0x00, 0x00,
                 ;0x00, 0x00, 0x00, 0x00, 0x00, 0x00, 0x00, 0x00,
                 ;0x00, 0x00, 0x00, 0x00, 0x00, 0x00, 0x00, 0x00,
                 ;0x00, 0x00, 0x00, 0x00, 0x00, 0x00, 0x00, 0x00,
                 ;#endif
                 ;};
                 ;
                 ;#include "frames/f8/f8.c"
                 ;/****************************************************************************
                 ;Image data created by the LCD Vision V1.05 font & image editor/converter
                 ;(C) Copyright 2011-2013 Pavel Haiduc, HP InfoTech s.r.l.
                 ;http://www.hpinfotech.com
                 ;
                 ;Graphic LCD controller: KS0108 128x64 CS1,CS2
                 ;Image width: 128 pixels
                 ;Image height: 64 pixels
                 ;Color depth: 1 bits/pixel
                 ;Imported image file name: f8.bmp
                 ;
                 ;Exported monochrome image data size:
                 ;1028 bytes for displays organized as horizontal rows of bytes
                 ;1028 bytes for displays organized as rows of vertical bytes.
                 ;****************************************************************************/
                 ;
                 ;flash unsigned char f8[]=
                 ;{
                 ;/* Image width: 128 pixels */
                 ;0x80, 0x00,
                 ;/* Image height: 64 pixels */
                 ;0x40, 0x00,
                 ;#ifndef _GLCD_DATA_BYTEY_
                 ;/* Image data for monochrome displays organized
                 ;   as horizontal rows of bytes */
                 ;0x00, 0x00, 0x00, 0x00, 0x00, 0x00, 0x00, 0x00,
                 ;0x00, 0x00, 0x00, 0x00, 0x00, 0x00, 0x00, 0x00,
                 ;0x00, 0x00, 0x00, 0x00, 0x00, 0x00, 0x00, 0x00,
                 ;0x00, 0x00, 0x00, 0x00, 0x00, 0x00, 0x00, 0x00,
                 ;0x00, 0x00, 0x00, 0x00, 0x00, 0x00, 0x00, 0x00,
                 ;0x00, 0x00, 0x00, 0x00, 0x00, 0x00, 0x00, 0x00,
                 ;0x00, 0x00, 0x00, 0x00, 0x00, 0x00, 0x00, 0x00,
                 ;0x00, 0x00, 0x00, 0x00, 0x00, 0x00, 0x00, 0x00,
                 ;0x00, 0x00, 0x00, 0x00, 0x00, 0x00, 0x00, 0x00,
                 ;0x00, 0x00, 0x00, 0x00, 0x00, 0x00, 0x00, 0x00,
                 ;0x00, 0x00, 0x00, 0x00, 0x00, 0x00, 0x00, 0x00,
                 ;0x00, 0x00, 0x00, 0x00, 0x00, 0x00, 0x00, 0x00,
                 ;0x00, 0x00, 0x00, 0x00, 0x00, 0x00, 0x00, 0x00,
                 ;0x00, 0x00, 0x00, 0x00, 0x00, 0x00, 0x00, 0x00,
                 ;0x00, 0x00, 0x00, 0x00, 0x00, 0x00, 0x00, 0x00,
                 ;0x00, 0x00, 0x00, 0x00, 0x00, 0x00, 0x00, 0x00,
                 ;0x00, 0x00, 0x00, 0x00, 0x00, 0x00, 0x00, 0xF8,
                 ;0x01, 0x00, 0x00, 0x00, 0x00, 0x00, 0x00, 0x00,
                 ;0x00, 0x00, 0x00, 0x00, 0x00, 0x00, 0xC0, 0x7F,
                 ;0x1E, 0x00, 0x00, 0x00, 0x00, 0x00, 0x00, 0x00,
                 ;0x00, 0x00, 0x00, 0x00, 0x00, 0x00, 0xC0, 0xFF,
                 ;0x03, 0x00, 0x00, 0x00, 0x00, 0x00, 0x00, 0x00,
                 ;0x00, 0x00, 0x00, 0x00, 0x00, 0x00, 0xC0, 0xFF,
                 ;0x02, 0x20, 0x00, 0x00, 0x00, 0x00, 0x00, 0x00,
                 ;0x00, 0x00, 0x00, 0x00, 0x00, 0x00, 0x00, 0xFE,
                 ;0x04, 0x33, 0x00, 0x00, 0x00, 0x00, 0x00, 0x00,
                 ;0x00, 0x00, 0x00, 0x00, 0x00, 0x00, 0x00, 0xFC,
                 ;0x0C, 0x3C, 0x00, 0x00, 0x00, 0x00, 0x00, 0x00,
                 ;0x00, 0x00, 0x00, 0x00, 0x00, 0x00, 0x00, 0xF8,
                 ;0x00, 0x38, 0x00, 0x00, 0x00, 0x00, 0x00, 0x00,
                 ;0x00, 0x00, 0x00, 0x00, 0x00, 0x00, 0x00, 0xF8,
                 ;0x01, 0x30, 0x00, 0x00, 0x00, 0x00, 0x00, 0x00,
                 ;0x00, 0x00, 0x00, 0x00, 0x00, 0x00, 0x00, 0x7C,
                 ;0x00, 0x20, 0x00, 0x00, 0x00, 0x00, 0x00, 0x00,
                 ;0x00, 0x00, 0x00, 0x00, 0x00, 0x00, 0x80, 0x7F,
                 ;0x00, 0x20, 0x00, 0x00, 0x00, 0x00, 0x00, 0x00,
                 ;0x00, 0x00, 0x00, 0x00, 0x00, 0x00, 0xE0, 0x7F,
                 ;0x00, 0x40, 0x00, 0x00, 0x00, 0x00, 0x00, 0x00,
                 ;0x00, 0x00, 0x00, 0x00, 0x00, 0x00, 0xF0, 0x7F,
                 ;0x00, 0x00, 0x00, 0x00, 0x00, 0x00, 0x00, 0x00,
                 ;0x00, 0x00, 0x00, 0x00, 0x00, 0x00, 0xF8, 0x7F,
                 ;0x00, 0x42, 0x00, 0x00, 0x00, 0x00, 0x00, 0x00,
                 ;0x00, 0x00, 0x00, 0x00, 0x00, 0x00, 0xFC, 0xFF,
                 ;0x00, 0x46, 0x00, 0x00, 0x00, 0x00, 0x00, 0x00,
                 ;0x00, 0x00, 0x00, 0x00, 0x00, 0x00, 0xFE, 0xFF,
                 ;0x00, 0x4E, 0x00, 0x00, 0x00, 0x00, 0x00, 0x00,
                 ;0x00, 0x00, 0x00, 0x00, 0x00, 0x00, 0x80, 0xFF,
                 ;0x07, 0x6E, 0x00, 0x00, 0x00, 0x00, 0x00, 0x00,
                 ;0x00, 0x00, 0x00, 0x00, 0x00, 0x00, 0x00, 0xFC,
                 ;0x1F, 0x26, 0x00, 0x00, 0x00, 0x00, 0x00, 0x00,
                 ;0x00, 0x00, 0x00, 0x00, 0x00, 0x00, 0x00, 0xFC,
                 ;0x03, 0x20, 0x00, 0x00, 0x00, 0x00, 0x00, 0x00,
                 ;0x00, 0x00, 0x00, 0x00, 0x00, 0x00, 0x80, 0xFF,
                 ;0x03, 0x20, 0x00, 0x00, 0x00, 0x00, 0x00, 0x00,
                 ;0x00, 0x00, 0x00, 0x00, 0x00, 0x00, 0xE0, 0xFF,
                 ;0x01, 0x78, 0x00, 0x00, 0x00, 0x00, 0x00, 0x00,
                 ;0x00, 0x00, 0x00, 0x00, 0x00, 0x00, 0xF0, 0xFF,
                 ;0x01, 0x00, 0x00, 0x00, 0x00, 0x00, 0x00, 0x00,
                 ;0x00, 0x00, 0x00, 0x00, 0x00, 0x00, 0xF0, 0xFF,
                 ;0x03, 0x0E, 0x00, 0x00, 0x00, 0x00, 0x00, 0x00,
                 ;0x00, 0x00, 0x00, 0x00, 0x00, 0x00, 0xF8, 0xFF,
                 ;0x07, 0x0E, 0x00, 0x00, 0x00, 0x00, 0x00, 0x00,
                 ;0x00, 0x00, 0x00, 0x00, 0x00, 0x00, 0xFC, 0xFF,
                 ;0xFF, 0x07, 0x00, 0x00, 0x00, 0x00, 0x00, 0x00,
                 ;0x00, 0x00, 0x00, 0x00, 0x00, 0x00, 0x04, 0xC0,
                 ;0xFF, 0x01, 0x00, 0x00, 0x00, 0x00, 0x00, 0x00,
                 ;0x00, 0x00, 0x00, 0x00, 0x00, 0x00, 0x80, 0x6F,
                 ;0x7C, 0x01, 0x00, 0x00, 0x00, 0x00, 0x00, 0x00,
                 ;0x00, 0x00, 0x00, 0x00, 0x00, 0x00, 0x00, 0x7E,
                 ;0x38, 0x00, 0x00, 0x00, 0x00, 0x00, 0x00, 0x00,
                 ;0x00, 0x00, 0x00, 0x00, 0x00, 0x00, 0xF0, 0x3F,
                 ;0x10, 0x00, 0x00, 0x00, 0x00, 0x00, 0x00, 0x00,
                 ;0x00, 0x00, 0x00, 0x00, 0x00, 0x00, 0x80, 0x3F,
                 ;0x3C, 0x00, 0x00, 0x00, 0x00, 0x00, 0x00, 0x00,
                 ;0x00, 0x00, 0x00, 0x00, 0x00, 0x00, 0x00, 0x0E,
                 ;0x00, 0x00, 0x00, 0x00, 0x00, 0x00, 0x00, 0x00,
                 ;0x00, 0x00, 0x00, 0x00, 0x00, 0x00, 0x40, 0x18,
                 ;0x00, 0x00, 0x00, 0x00, 0x00, 0x00, 0x00, 0x00,
                 ;0x00, 0x00, 0x00, 0x00, 0x00, 0x00, 0x04, 0x38,
                 ;0x00, 0x00, 0x00, 0x00, 0x00, 0x00, 0x00, 0x00,
                 ;0x00, 0x00, 0x00, 0x00, 0x00, 0x00, 0x00, 0xF8,
                 ;0x0C, 0x00, 0x00, 0x00, 0x00, 0x00, 0x00, 0x00,
                 ;0x00, 0x00, 0x00, 0x00, 0x00, 0x00, 0x00, 0xF8,
                 ;0x0F, 0x00, 0x00, 0x00, 0x00, 0x00, 0x00, 0x00,
                 ;0x00, 0x00, 0x00, 0x00, 0x00, 0x00, 0x00, 0xFC,
                 ;0x03, 0x00, 0x00, 0x00, 0x00, 0x00, 0x00, 0x00,
                 ;0x00, 0x00, 0x00, 0x00, 0x00, 0x00, 0x00, 0xF8,
                 ;0x23, 0x00, 0x00, 0x00, 0x00, 0x00, 0x00, 0x00,
                 ;0x00, 0x00, 0x00, 0x00, 0x00, 0x00, 0x00, 0xF9,
                 ;0x73, 0x00, 0x00, 0x00, 0x00, 0x00, 0x00, 0x00,
                 ;0x00, 0x00, 0x00, 0x00, 0x00, 0x00, 0xE0, 0x87,
                 ;0xF7, 0x03, 0x00, 0x00, 0x00, 0x00, 0x00, 0x00,
                 ;0x00, 0x00, 0x00, 0x00, 0x00, 0x00, 0xF0, 0x2F,
                 ;0xF8, 0x0F, 0x00, 0x00, 0x00, 0x00, 0x00, 0x00,
                 ;0x00, 0x00, 0x00, 0x00, 0x00, 0x00, 0xF8, 0x1F,
                 ;0x80, 0x1F, 0x00, 0x00, 0x00, 0x00, 0x00, 0x00,
                 ;0x00, 0x00, 0x00, 0x00, 0x00, 0x00, 0xE0, 0x1F,
                 ;0x00, 0x00, 0x00, 0x00, 0x00, 0x00, 0x00, 0x00,
                 ;0x00, 0x00, 0x00, 0x00, 0x00, 0x00, 0xE0, 0x0F,
                 ;0x00, 0x00, 0x00, 0x00, 0x00, 0x00, 0x00, 0x00,
                 ;0x00, 0x00, 0x00, 0x00, 0x00, 0x00, 0xE0, 0x1F,
                 ;0x00, 0x00, 0x00, 0x00, 0x00, 0x00, 0x00, 0x00,
                 ;0x00, 0x00, 0x00, 0x00, 0x00, 0x00, 0xC0, 0x9F,
                 ;0x00, 0x00, 0x00, 0x00, 0x00, 0x00, 0x00, 0x00,
                 ;0x00, 0x00, 0x00, 0x00, 0x00, 0x00, 0xC0, 0x9F,
                 ;0x00, 0x00, 0x00, 0x00, 0x00, 0x00, 0x00, 0x00,
                 ;0x00, 0x00, 0x00, 0x00, 0x00, 0x00, 0x80, 0xBF,
                 ;0x0F, 0x00, 0x00, 0x00, 0x00, 0x00, 0x00, 0x00,
                 ;0x00, 0x00, 0x00, 0x00, 0x00, 0x00, 0x80, 0xFF,
                 ;0x0F, 0x00, 0x00, 0x00, 0x00, 0x00, 0x00, 0x00,
                 ;0x00, 0x00, 0x00, 0x00, 0x00, 0x00, 0x00, 0x00,
                 ;0x00, 0x00, 0x00, 0x00, 0x00, 0x00, 0x00, 0x00,
                 ;0x00, 0x00, 0x00, 0x00, 0x00, 0x00, 0x00, 0x00,
                 ;0x00, 0x00, 0x00, 0x00, 0x00, 0x00, 0x00, 0x00,
                 ;0x00, 0x00, 0x00, 0x00, 0x00, 0x00, 0x00, 0x00,
                 ;0x00, 0x00, 0x00, 0x00, 0x00, 0x00, 0x00, 0x00,
                 ;0x00, 0x00, 0x00, 0x00, 0x00, 0x00, 0x00, 0x00,
                 ;0x00, 0x00, 0x00, 0x00, 0x00, 0x00, 0x00, 0x00,
                 ;0x00, 0x00, 0x00, 0x00, 0x00, 0x00, 0x00, 0x00,
                 ;0x00, 0x00, 0x00, 0x00, 0x00, 0x00, 0x00, 0x00,
                 ;0x00, 0x00, 0x00, 0x00, 0x00, 0x00, 0x00, 0x00,
                 ;0x00, 0x00, 0x00, 0x00, 0x00, 0x00, 0x00, 0x00,
                 ;0x00, 0x00, 0x00, 0x00, 0x00, 0x00, 0x00, 0x00,
                 ;0x00, 0x00, 0x00, 0x00, 0x00, 0x00, 0x00, 0x00,
                 ;0x00, 0x00, 0x00, 0x00, 0x00, 0x00, 0x00, 0x00,
                 ;0x00, 0x00, 0x00, 0x00, 0x00, 0x00, 0x00, 0x00,
                 ;0x00, 0x00, 0x00, 0x00, 0x00, 0x00, 0x00, 0x00,
                 ;0x00, 0x00, 0x00, 0x00, 0x00, 0x00, 0x00, 0x00,
                 ;#else
                 ;/* Image data for monochrome displays organized
                 ;   as rows of vertical bytes */
                 ;0x00, 0x00, 0x00, 0x00, 0x00, 0x00, 0x00, 0x00,
                 ;0x00, 0x00, 0x00, 0x00, 0x00, 0x00, 0x00, 0x00,
                 ;0x00, 0x00, 0x00, 0x00, 0x00, 0x00, 0x00, 0x00,
                 ;0x00, 0x00, 0x00, 0x00, 0x00, 0x00, 0x00, 0x00,
                 ;0x00, 0x00, 0x00, 0x00, 0x00, 0x00, 0x00, 0x00,
                 ;0x00, 0x00, 0x00, 0x00, 0x00, 0x00, 0x00, 0x00,
                 ;0x00, 0x00, 0x00, 0x00, 0x00, 0x00, 0x00, 0x00,
                 ;0x00, 0x00, 0x00, 0x00, 0x00, 0x00, 0x00, 0x00,
                 ;0x00, 0x00, 0x00, 0x00, 0x00, 0x00, 0x00, 0x00,
                 ;0x00, 0x00, 0x00, 0x00, 0x00, 0x00, 0x00, 0x00,
                 ;0x00, 0x00, 0x00, 0x00, 0x00, 0x00, 0x00, 0x00,
                 ;0x00, 0x00, 0x00, 0x00, 0x00, 0x00, 0x00, 0x00,
                 ;0x00, 0x00, 0x00, 0x00, 0x00, 0x00, 0x00, 0x00,
                 ;0x00, 0x00, 0x00, 0x00, 0x00, 0x00, 0x00, 0x00,
                 ;0x00, 0x00, 0x00, 0x00, 0x00, 0x00, 0x00, 0x00,
                 ;0x00, 0x00, 0x00, 0x00, 0x00, 0x00, 0x00, 0x00,
                 ;0x00, 0x00, 0x00, 0x00, 0x00, 0x00, 0x00, 0x00,
                 ;0x00, 0x00, 0x00, 0x00, 0x00, 0x00, 0x00, 0x00,
                 ;0x00, 0x00, 0x00, 0x00, 0x00, 0x00, 0x00, 0x00,
                 ;0x00, 0x00, 0x00, 0x00, 0x00, 0x00, 0x00, 0x00,
                 ;0x00, 0x00, 0x00, 0x00, 0x00, 0x00, 0x00, 0x00,
                 ;0x00, 0x00, 0x00, 0x00, 0x00, 0x00, 0x00, 0x00,
                 ;0x00, 0x00, 0x00, 0x00, 0x00, 0x00, 0x0E, 0x0E,
                 ;0x0E, 0x1E, 0x3E, 0xFF, 0xFF, 0xFF, 0xFF, 0xFD,
                 ;0x85, 0x0E, 0x32, 0x22, 0x02, 0x00, 0x00, 0x00,
                 ;0x10, 0x10, 0x20, 0x60, 0xF0, 0xF8, 0x00, 0x00,
                 ;0x00, 0x00, 0x00, 0x00, 0x00, 0x00, 0x00, 0x00,
                 ;0x00, 0x00, 0x00, 0x00, 0x00, 0x00, 0x00, 0x00,
                 ;0x00, 0x00, 0x00, 0x00, 0x00, 0x00, 0x00, 0x00,
                 ;0x00, 0x00, 0x00, 0x00, 0x00, 0x00, 0x00, 0x00,
                 ;0x00, 0x00, 0x00, 0x00, 0x00, 0x00, 0x00, 0x00,
                 ;0x00, 0x00, 0x00, 0x00, 0x00, 0x00, 0x00, 0x00,
                 ;0x00, 0x00, 0x00, 0x00, 0x00, 0x00, 0x00, 0x00,
                 ;0x00, 0x00, 0x00, 0x00, 0x00, 0x00, 0x00, 0x00,
                 ;0x00, 0x00, 0x00, 0x00, 0x00, 0x00, 0x00, 0x00,
                 ;0x00, 0x00, 0x00, 0x00, 0x00, 0x00, 0x00, 0x00,
                 ;0x00, 0x00, 0x00, 0x00, 0x00, 0x00, 0x00, 0x00,
                 ;0x00, 0x00, 0x00, 0x00, 0x00, 0x00, 0x00, 0x00,
                 ;0x00, 0x40, 0x60, 0x70, 0x78, 0x7C, 0x7C, 0xFE,
                 ;0xFE, 0xFE, 0xFF, 0xFF, 0xFF, 0xFF, 0xFF, 0xE0,
                 ;0x80, 0x80, 0x80, 0x00, 0x00, 0x00, 0x00, 0x00,
                 ;0x00, 0xF0, 0xE0, 0xC0, 0x00, 0x83, 0xF4, 0x00,
                 ;0x00, 0x00, 0x00, 0x00, 0x00, 0x00, 0x00, 0x00,
                 ;0x00, 0x00, 0x00, 0x00, 0x00, 0x00, 0x00, 0x00,
                 ;0x00, 0x00, 0x00, 0x00, 0x00, 0x00, 0x00, 0x00,
                 ;0x00, 0x00, 0x00, 0x00, 0x00, 0x00, 0x00, 0x00,
                 ;0x00, 0x00, 0x00, 0x00, 0x00, 0x00, 0x00, 0x00,
                 ;0x00, 0x00, 0x00, 0x00, 0x00, 0x00, 0x00, 0x00,
                 ;0x00, 0x00, 0x00, 0x00, 0x00, 0x00, 0x00, 0x00,
                 ;0x00, 0x00, 0x00, 0x00, 0x00, 0x00, 0x00, 0x00,
                 ;0x00, 0x00, 0x00, 0x00, 0x00, 0x00, 0x00, 0x00,
                 ;0x00, 0x00, 0x00, 0x00, 0x00, 0x00, 0x00, 0x00,
                 ;0x00, 0x00, 0x00, 0x00, 0x00, 0x00, 0x00, 0x00,
                 ;0x00, 0x00, 0x00, 0x00, 0x00, 0x00, 0x00, 0x00,
                 ;0x00, 0x00, 0x80, 0xC0, 0xF0, 0xF8, 0xF8, 0xFC,
                 ;0xFC, 0xFC, 0xFF, 0xFF, 0xFF, 0xFF, 0xFF, 0xFF,
                 ;0xFF, 0xE7, 0xC1, 0x81, 0x81, 0x80, 0x80, 0x80,
                 ;0x80, 0xE1, 0xE1, 0x68, 0x08, 0x0F, 0x08, 0x00,
                 ;0x00, 0x00, 0x00, 0x00, 0x00, 0x00, 0x00, 0x00,
                 ;0x00, 0x00, 0x00, 0x00, 0x00, 0x00, 0x00, 0x00,
                 ;0x00, 0x00, 0x00, 0x00, 0x00, 0x00, 0x00, 0x00,
                 ;0x00, 0x00, 0x00, 0x00, 0x00, 0x00, 0x00, 0x00,
                 ;0x00, 0x00, 0x00, 0x00, 0x00, 0x00, 0x00, 0x00,
                 ;0x00, 0x00, 0x00, 0x00, 0x00, 0x00, 0x00, 0x00,
                 ;0x00, 0x00, 0x00, 0x00, 0x00, 0x00, 0x00, 0x00,
                 ;0x00, 0x00, 0x00, 0x00, 0x00, 0x00, 0x00, 0x00,
                 ;0x00, 0x00, 0x00, 0x00, 0x00, 0x00, 0x00, 0x00,
                 ;0x00, 0x00, 0x00, 0x00, 0x00, 0x00, 0x00, 0x00,
                 ;0x00, 0x00, 0x00, 0x00, 0x00, 0x00, 0x00, 0x00,
                 ;0x00, 0x00, 0x00, 0x00, 0x00, 0x00, 0x00, 0x00,
                 ;0x00, 0x00, 0x81, 0x00, 0x08, 0x08, 0x48, 0x1A,
                 ;0x1A, 0x3E, 0x3E, 0xFE, 0xDC, 0x9E, 0x07, 0x01,
                 ;0x01, 0x01, 0x13, 0x17, 0x1F, 0x17, 0x03, 0x01,
                 ;0x03, 0x00, 0x00, 0x00, 0x00, 0x00, 0x00, 0x00,
                 ;0x00, 0x00, 0x00, 0x00, 0x00, 0x00, 0x00, 0x00,
                 ;0x00, 0x00, 0x00, 0x00, 0x00, 0x00, 0x00, 0x00,
                 ;0x00, 0x00, 0x00, 0x00, 0x00, 0x00, 0x00, 0x00,
                 ;0x00, 0x00, 0x00, 0x00, 0x00, 0x00, 0x00, 0x00,
                 ;0x00, 0x00, 0x00, 0x00, 0x00, 0x00, 0x00, 0x00,
                 ;0x00, 0x00, 0x00, 0x00, 0x00, 0x00, 0x00, 0x00,
                 ;0x00, 0x00, 0x00, 0x00, 0x00, 0x00, 0x00, 0x00,
                 ;0x00, 0x00, 0x00, 0x00, 0x00, 0x00, 0x00, 0x00,
                 ;0x00, 0x00, 0x00, 0x00, 0x00, 0x00, 0x00, 0x00,
                 ;0x00, 0x00, 0x00, 0x00, 0x00, 0x00, 0x00, 0x00,
                 ;0x00, 0x00, 0x00, 0x00, 0x00, 0x00, 0x00, 0x00,
                 ;0x00, 0x00, 0x00, 0x00, 0x00, 0x00, 0x00, 0x00,
                 ;0x00, 0x00, 0x00, 0x80, 0xC0, 0xE0, 0xE0, 0xE0,
                 ;0xF0, 0xE0, 0xE4, 0xDF, 0x9F, 0x5F, 0x1F, 0x3F,
                 ;0x3E, 0x3E, 0x23, 0x43, 0x70, 0x78, 0x70, 0xE0,
                 ;0xE0, 0xE0, 0xC0, 0xC0, 0x80, 0x00, 0x00, 0x00,
                 ;0x00, 0x00, 0x00, 0x00, 0x00, 0x00, 0x00, 0x00,
                 ;0x00, 0x00, 0x00, 0x00, 0x00, 0x00, 0x00, 0x00,
                 ;0x00, 0x00, 0x00, 0x00, 0x00, 0x00, 0x00, 0x00,
                 ;0x00, 0x00, 0x00, 0x00, 0x00, 0x00, 0x00, 0x00,
                 ;0x00, 0x00, 0x00, 0x00, 0x00, 0x00, 0x00, 0x00,
                 ;0x00, 0x00, 0x00, 0x00, 0x00, 0x00, 0x00, 0x00,
                 ;0x00, 0x00, 0x00, 0x00, 0x00, 0x00, 0x00, 0x00,
                 ;0x00, 0x00, 0x00, 0x00, 0x00, 0x00, 0x00, 0x00,
                 ;0x00, 0x00, 0x00, 0x00, 0x00, 0x00, 0x00, 0x00,
                 ;0x00, 0x00, 0x00, 0x00, 0x00, 0x00, 0x00, 0x00,
                 ;0x00, 0x00, 0x00, 0x00, 0x00, 0x00, 0x00, 0x00,
                 ;0x00, 0x00, 0x00, 0x00, 0x00, 0x00, 0x00, 0x00,
                 ;0x00, 0x00, 0x00, 0x00, 0x00, 0x07, 0x1F, 0x7F,
                 ;0x7F, 0x7F, 0x7F, 0x7F, 0x7D, 0x60, 0x40, 0x78,
                 ;0x60, 0x60, 0x60, 0x60, 0x00, 0x00, 0x00, 0x00,
                 ;0x00, 0x00, 0x00, 0x00, 0x00, 0x00, 0x00, 0x00,
                 ;0x00, 0x00, 0x00, 0x00, 0x00, 0x00, 0x00, 0x00,
                 ;0x00, 0x00, 0x00, 0x00, 0x00, 0x00, 0x00, 0x00,
                 ;0x00, 0x00, 0x00, 0x00, 0x00, 0x00, 0x00, 0x00,
                 ;0x00, 0x00, 0x00, 0x00, 0x00, 0x00, 0x00, 0x00,
                 ;0x00, 0x00, 0x00, 0x00, 0x00, 0x00, 0x00, 0x00,
                 ;0x00, 0x00, 0x00, 0x00, 0x00, 0x00, 0x00, 0x00,
                 ;0x00, 0x00, 0x00, 0x00, 0x00, 0x00, 0x00, 0x00,
                 ;0x00, 0x00, 0x00, 0x00, 0x00, 0x00, 0x00, 0x00,
                 ;0x00, 0x00, 0x00, 0x00, 0x00, 0x00, 0x00, 0x00,
                 ;0x00, 0x00, 0x00, 0x00, 0x00, 0x00, 0x00, 0x00,
                 ;0x00, 0x00, 0x00, 0x00, 0x00, 0x00, 0x00, 0x00,
                 ;0x00, 0x00, 0x00, 0x00, 0x00, 0x00, 0x00, 0x00,
                 ;0x00, 0x00, 0x00, 0x00, 0x00, 0x00, 0x00, 0x00,
                 ;0x00, 0x00, 0x00, 0x00, 0x00, 0x00, 0x00, 0x00,
                 ;0x00, 0x00, 0x00, 0x00, 0x00, 0x00, 0x00, 0x00,
                 ;0x00, 0x00, 0x00, 0x00, 0x00, 0x00, 0x00, 0x00,
                 ;0x00, 0x00, 0x00, 0x00, 0x00, 0x00, 0x00, 0x00,
                 ;0x00, 0x00, 0x00, 0x00, 0x00, 0x00, 0x00, 0x00,
                 ;0x00, 0x00, 0x00, 0x00, 0x00, 0x00, 0x00, 0x00,
                 ;0x00, 0x00, 0x00, 0x00, 0x00, 0x00, 0x00, 0x00,
                 ;0x00, 0x00, 0x00, 0x00, 0x00, 0x00, 0x00, 0x00,
                 ;0x00, 0x00, 0x00, 0x00, 0x00, 0x00, 0x00, 0x00,
                 ;#endif
                 ;};
                 ;
                 ;#include "frames/f9/f9.c"
                 ;/****************************************************************************
                 ;Image data created by the LCD Vision V1.05 font & image editor/converter
                 ;(C) Copyright 2011-2013 Pavel Haiduc, HP InfoTech s.r.l.
                 ;http://www.hpinfotech.com
                 ;
                 ;Graphic LCD controller: KS0108 128x64 CS1,CS2
                 ;Image width: 128 pixels
                 ;Image height: 64 pixels
                 ;Color depth: 1 bits/pixel
                 ;Imported image file name: f9.bmp
                 ;
                 ;Exported monochrome image data size:
                 ;1028 bytes for displays organized as horizontal rows of bytes
                 ;1028 bytes for displays organized as rows of vertical bytes.
                 ;****************************************************************************/
                 ;
                 ;flash unsigned char f9[]=
                 ;{
                 ;/* Image width: 128 pixels */
                 ;0x80, 0x00,
                 ;/* Image height: 64 pixels */
                 ;0x40, 0x00,
                 ;#ifndef _GLCD_DATA_BYTEY_
                 ;/* Image data for monochrome displays organized
                 ;   as horizontal rows of bytes */
                 ;0x00, 0x00, 0x00, 0x00, 0x00, 0x00, 0x00, 0x00,
                 ;0x00, 0x00, 0x00, 0x00, 0x00, 0x00, 0x00, 0x00,
                 ;0x00, 0x00, 0x00, 0x00, 0x00, 0x00, 0x00, 0x00,
                 ;0x00, 0x00, 0x00, 0x00, 0x00, 0x00, 0x00, 0x00,
                 ;0x00, 0x00, 0x00, 0x00, 0x00, 0x00, 0x00, 0x00,
                 ;0x00, 0x00, 0x00, 0x00, 0x00, 0x00, 0x00, 0x00,
                 ;0x00, 0x00, 0x00, 0x00, 0x00, 0x00, 0x00, 0x00,
                 ;0x00, 0x00, 0x00, 0x00, 0x00, 0x00, 0x00, 0x00,
                 ;0x00, 0x00, 0x00, 0x00, 0x00, 0x00, 0x00, 0x00,
                 ;0x00, 0x00, 0x00, 0x00, 0x00, 0x00, 0x00, 0x00,
                 ;0x00, 0x00, 0x00, 0x00, 0x00, 0x00, 0x00, 0x00,
                 ;0x00, 0x00, 0x00, 0x00, 0x00, 0x00, 0x00, 0x00,
                 ;0x00, 0x00, 0x00, 0x00, 0x00, 0x00, 0x00, 0x00,
                 ;0x00, 0x00, 0x00, 0x00, 0x00, 0x00, 0x00, 0x00,
                 ;0x00, 0x00, 0x00, 0x00, 0x00, 0x00, 0x00, 0x00,
                 ;0x00, 0x00, 0x00, 0x00, 0x00, 0x00, 0x00, 0x00,
                 ;0x00, 0x00, 0x00, 0x00, 0x00, 0x00, 0x00, 0xF8,
                 ;0x01, 0x00, 0x00, 0x00, 0x00, 0x00, 0x00, 0x00,
                 ;0x00, 0x00, 0x00, 0x00, 0x00, 0x00, 0xC0, 0x7F,
                 ;0x1E, 0x00, 0x00, 0x00, 0x00, 0x00, 0x00, 0x00,
                 ;0x00, 0x00, 0x00, 0x00, 0x00, 0x00, 0xC0, 0xFF,
                 ;0x03, 0x00, 0x00, 0x00, 0x00, 0x00, 0x00, 0x00,
                 ;0x00, 0x00, 0x00, 0x00, 0x00, 0x00, 0xC0, 0xFF,
                 ;0x42, 0x20, 0x00, 0x00, 0x00, 0x00, 0x00, 0x00,
                 ;0x00, 0x00, 0x00, 0x00, 0x00, 0x00, 0x00, 0xFE,
                 ;0x04, 0x33, 0x00, 0x00, 0x00, 0x00, 0x00, 0x00,
                 ;0x00, 0x00, 0x00, 0x00, 0x00, 0x00, 0x00, 0xFC,
                 ;0x0C, 0x3C, 0x00, 0x00, 0x00, 0x00, 0x00, 0x00,
                 ;0x00, 0x00, 0x00, 0x00, 0x00, 0x00, 0x00, 0xF8,
                 ;0x00, 0x38, 0x00, 0x00, 0x00, 0x00, 0x00, 0x00,
                 ;0x00, 0x00, 0x00, 0x00, 0x00, 0x00, 0x00, 0xF8,
                 ;0x01, 0x30, 0x00, 0x00, 0x00, 0x00, 0x00, 0x00,
                 ;0x00, 0x00, 0x00, 0x00, 0x00, 0x00, 0x00, 0x7C,
                 ;0x00, 0x20, 0x00, 0x00, 0x00, 0x00, 0x00, 0x00,
                 ;0x00, 0x00, 0x00, 0x00, 0x00, 0x00, 0x80, 0xFF,
                 ;0x00, 0x20, 0x00, 0x00, 0x00, 0x00, 0x00, 0x00,
                 ;0x00, 0x00, 0x00, 0x00, 0x00, 0x00, 0xE0, 0x7F,
                 ;0x00, 0x40, 0x00, 0x00, 0x00, 0x00, 0x00, 0x00,
                 ;0x00, 0x00, 0x00, 0x00, 0x00, 0x00, 0xF0, 0x7F,
                 ;0x00, 0x00, 0x00, 0x00, 0x00, 0x00, 0x00, 0x00,
                 ;0x00, 0x00, 0x00, 0x00, 0x00, 0x00, 0xF8, 0xFF,
                 ;0x00, 0x42, 0x00, 0x00, 0x00, 0x00, 0x00, 0x00,
                 ;0x00, 0x00, 0x00, 0x00, 0x00, 0x00, 0xFC, 0xFF,
                 ;0x00, 0x46, 0x00, 0x00, 0x00, 0x00, 0x00, 0x00,
                 ;0x00, 0x00, 0x00, 0x00, 0x00, 0x00, 0xFE, 0xFF,
                 ;0x01, 0x4E, 0x00, 0x00, 0x00, 0x00, 0x00, 0x00,
                 ;0x00, 0x00, 0x00, 0x00, 0x00, 0x00, 0x80, 0xFF,
                 ;0x07, 0x7E, 0x00, 0x00, 0x00, 0x00, 0x00, 0x00,
                 ;0x00, 0x00, 0x00, 0x00, 0x00, 0x00, 0x00, 0xFC,
                 ;0x1F, 0x26, 0x00, 0x00, 0x00, 0x00, 0x00, 0x00,
                 ;0x00, 0x00, 0x00, 0x00, 0x00, 0x00, 0x00, 0xFC,
                 ;0x03, 0x20, 0x00, 0x00, 0x00, 0x00, 0x00, 0x00,
                 ;0x00, 0x00, 0x00, 0x00, 0x00, 0x00, 0x80, 0xFF,
                 ;0x03, 0x20, 0x00, 0x00, 0x00, 0x00, 0x00, 0x00,
                 ;0x00, 0x00, 0x00, 0x00, 0x00, 0x00, 0xE0, 0xFF,
                 ;0x01, 0x78, 0x00, 0x00, 0x00, 0x00, 0x00, 0x00,
                 ;0x00, 0x00, 0x00, 0x00, 0x00, 0x00, 0xF0, 0xFF,
                 ;0x01, 0x00, 0x00, 0x00, 0x00, 0x00, 0x00, 0x00,
                 ;0x00, 0x00, 0x00, 0x00, 0x00, 0x00, 0xF0, 0xFE,
                 ;0x03, 0x0E, 0x00, 0x00, 0x00, 0x00, 0x00, 0x00,
                 ;0x00, 0x00, 0x00, 0x00, 0x00, 0x00, 0x78, 0xE1,
                 ;0x07, 0x0E, 0x00, 0x00, 0x00, 0x00, 0x00, 0x00,
                 ;0x00, 0x00, 0x00, 0x00, 0x00, 0x00, 0x7C, 0xCF,
                 ;0xFF, 0x07, 0x00, 0x00, 0x00, 0x00, 0x00, 0x00,
                 ;0x00, 0x00, 0x00, 0x00, 0x00, 0x00, 0x84, 0xD8,
                 ;0xFF, 0x02, 0x00, 0x00, 0x00, 0x00, 0x00, 0x00,
                 ;0x00, 0x00, 0x00, 0x00, 0x00, 0x00, 0x00, 0xD8,
                 ;0xF0, 0x01, 0x00, 0x00, 0x00, 0x00, 0x00, 0x00,
                 ;0x00, 0x00, 0x00, 0x00, 0x00, 0x00, 0x00, 0xDC,
                 ;0xF0, 0x05, 0x00, 0x00, 0x00, 0x00, 0x00, 0x00,
                 ;0x00, 0x00, 0x00, 0x00, 0x00, 0x00, 0x40, 0x5E,
                 ;0x20, 0x05, 0x00, 0x00, 0x00, 0x00, 0x00, 0x00,
                 ;0x00, 0x00, 0x00, 0x00, 0x00, 0x00, 0x80, 0x5F,
                 ;0x20, 0x04, 0x00, 0x00, 0x00, 0x00, 0x00, 0x00,
                 ;0x00, 0x00, 0x00, 0x00, 0x00, 0x00, 0x80, 0x7F,
                 ;0x93, 0x03, 0x00, 0x00, 0x00, 0x00, 0x00, 0x00,
                 ;0x00, 0x00, 0x00, 0x00, 0x00, 0x00, 0xC0, 0xF7,
                 ;0x00, 0x00, 0x00, 0x00, 0x00, 0x00, 0x00, 0x00,
                 ;0x00, 0x00, 0x00, 0x00, 0x00, 0x00, 0xD0, 0xF3,
                 ;0x04, 0x00, 0x00, 0x00, 0x00, 0x00, 0x00, 0x00,
                 ;0x00, 0x00, 0x00, 0x00, 0x00, 0x00, 0xF4, 0xF3,
                 ;0x03, 0x00, 0x00, 0x00, 0x00, 0x00, 0x00, 0x00,
                 ;0x00, 0x00, 0x00, 0x00, 0x00, 0x00, 0xFC, 0x17,
                 ;0x18, 0x00, 0x00, 0x00, 0x00, 0x00, 0x00, 0x00,
                 ;0x00, 0x00, 0x00, 0x00, 0x00, 0x00, 0xF8, 0x0F,
                 ;0x00, 0x00, 0x00, 0x00, 0x00, 0x00, 0x00, 0x00,
                 ;0x00, 0x00, 0x00, 0x00, 0x00, 0x00, 0xF8, 0x07,
                 ;0x00, 0x00, 0x00, 0x00, 0x00, 0x00, 0x00, 0x00,
                 ;0x00, 0x00, 0x00, 0x00, 0x00, 0x00, 0xF8, 0x07,
                 ;0x00, 0x00, 0x00, 0x00, 0x00, 0x00, 0x00, 0x00,
                 ;0x00, 0x00, 0x00, 0x00, 0x00, 0x00, 0xF8, 0x07,
                 ;0x88, 0xF1, 0x03, 0x00, 0x00, 0x00, 0x00, 0x00,
                 ;0x00, 0x00, 0x00, 0x00, 0x00, 0x00, 0xF8, 0x07,
                 ;0xFC, 0xF1, 0x0F, 0x00, 0x00, 0x00, 0x00, 0x00,
                 ;0x00, 0x00, 0x00, 0x00, 0x00, 0x00, 0xE0, 0x03,
                 ;0xFC, 0xF1, 0x07, 0x00, 0x00, 0x00, 0x00, 0x00,
                 ;0x00, 0x00, 0x00, 0x00, 0x00, 0x00, 0xE0, 0x03,
                 ;0xFC, 0xF1, 0x01, 0x00, 0x00, 0x00, 0x00, 0x00,
                 ;0x00, 0x00, 0x00, 0x00, 0x00, 0x00, 0xE0, 0x00,
                 ;0xFC, 0xF1, 0x00, 0x00, 0x00, 0x00, 0x00, 0x00,
                 ;0x00, 0x00, 0x00, 0x00, 0x00, 0x00, 0xE0, 0x07,
                 ;0xF8, 0x0F, 0x00, 0x00, 0x00, 0x00, 0x00, 0x00,
                 ;0x00, 0x00, 0x00, 0x00, 0x00, 0x00, 0xC0, 0x07,
                 ;0x00, 0x00, 0x00, 0x00, 0x00, 0x00, 0x00, 0x00,
                 ;0x00, 0x00, 0x00, 0x00, 0x00, 0x00, 0xC0, 0x07,
                 ;0x00, 0x00, 0x00, 0x00, 0x00, 0x00, 0x00, 0x00,
                 ;0x00, 0x00, 0x00, 0x00, 0x00, 0x00, 0xC0, 0x07,
                 ;0x00, 0x00, 0x00, 0x00, 0x00, 0x00, 0x00, 0x00,
                 ;0x00, 0x00, 0x00, 0x00, 0x00, 0x00, 0xC0, 0x07,
                 ;0x00, 0x00, 0x00, 0x00, 0x00, 0x00, 0x00, 0x00,
                 ;0x00, 0x00, 0x00, 0x00, 0x00, 0x00, 0x00, 0x00,
                 ;0x00, 0x00, 0x00, 0x00, 0x00, 0x00, 0x00, 0x00,
                 ;0x00, 0x00, 0x00, 0x00, 0x00, 0x00, 0x00, 0x00,
                 ;0x00, 0x00, 0x00, 0x00, 0x00, 0x00, 0x00, 0x00,
                 ;0x00, 0x00, 0x00, 0x00, 0x00, 0x00, 0x00, 0x00,
                 ;0x00, 0x00, 0x00, 0x00, 0x00, 0x00, 0x00, 0x00,
                 ;0x00, 0x00, 0x00, 0x00, 0x00, 0x00, 0x00, 0x00,
                 ;0x00, 0x00, 0x00, 0x00, 0x00, 0x00, 0x00, 0x00,
                 ;0x00, 0x00, 0x00, 0x00, 0x00, 0x00, 0x00, 0x00,
                 ;0x00, 0x00, 0x00, 0x00, 0x00, 0x00, 0x00, 0x00,
                 ;0x00, 0x00, 0x00, 0x00, 0x00, 0x00, 0x00, 0x00,
                 ;0x00, 0x00, 0x00, 0x00, 0x00, 0x00, 0x00, 0x00,
                 ;0x00, 0x00, 0x00, 0x00, 0x00, 0x00, 0x00, 0x00,
                 ;0x00, 0x00, 0x00, 0x00, 0x00, 0x00, 0x00, 0x00,
                 ;0x00, 0x00, 0x00, 0x00, 0x00, 0x00, 0x00, 0x00,
                 ;0x00, 0x00, 0x00, 0x00, 0x00, 0x00, 0x00, 0x00,
                 ;0x00, 0x00, 0x00, 0x00, 0x00, 0x00, 0x00, 0x00,
                 ;0x00, 0x00, 0x00, 0x00, 0x00, 0x00, 0x00, 0x00,
                 ;#else
                 ;/* Image data for monochrome displays organized
                 ;   as rows of vertical bytes */
                 ;0x00, 0x00, 0x00, 0x00, 0x00, 0x00, 0x00, 0x00,
                 ;0x00, 0x00, 0x00, 0x00, 0x00, 0x00, 0x00, 0x00,
                 ;0x00, 0x00, 0x00, 0x00, 0x00, 0x00, 0x00, 0x00,
                 ;0x00, 0x00, 0x00, 0x00, 0x00, 0x00, 0x00, 0x00,
                 ;0x00, 0x00, 0x00, 0x00, 0x00, 0x00, 0x00, 0x00,
                 ;0x00, 0x00, 0x00, 0x00, 0x00, 0x00, 0x00, 0x00,
                 ;0x00, 0x00, 0x00, 0x00, 0x00, 0x00, 0x00, 0x00,
                 ;0x00, 0x00, 0x00, 0x00, 0x00, 0x00, 0x00, 0x00,
                 ;0x00, 0x00, 0x00, 0x00, 0x00, 0x00, 0x00, 0x00,
                 ;0x00, 0x00, 0x00, 0x00, 0x00, 0x00, 0x00, 0x00,
                 ;0x00, 0x00, 0x00, 0x00, 0x00, 0x00, 0x00, 0x00,
                 ;0x00, 0x00, 0x00, 0x00, 0x00, 0x00, 0x00, 0x00,
                 ;0x00, 0x00, 0x00, 0x00, 0x00, 0x00, 0x00, 0x00,
                 ;0x00, 0x00, 0x00, 0x00, 0x00, 0x00, 0x00, 0x00,
                 ;0x00, 0x00, 0x00, 0x00, 0x00, 0x00, 0x00, 0x00,
                 ;0x00, 0x00, 0x00, 0x00, 0x00, 0x00, 0x00, 0x00,
                 ;0x00, 0x00, 0x00, 0x00, 0x00, 0x00, 0x00, 0x00,
                 ;0x00, 0x00, 0x00, 0x00, 0x00, 0x00, 0x00, 0x00,
                 ;0x00, 0x00, 0x00, 0x00, 0x00, 0x00, 0x00, 0x00,
                 ;0x00, 0x00, 0x00, 0x00, 0x00, 0x00, 0x00, 0x00,
                 ;0x00, 0x00, 0x00, 0x00, 0x00, 0x00, 0x00, 0x00,
                 ;0x00, 0x00, 0x00, 0x00, 0x00, 0x00, 0x00, 0x00,
                 ;0x00, 0x00, 0x00, 0x00, 0x00, 0x00, 0x0E, 0x0E,
                 ;0x0E, 0x1E, 0x3E, 0xFF, 0xFF, 0xFF, 0xFF, 0xFD,
                 ;0x85, 0x0E, 0x32, 0x22, 0x02, 0x00, 0x08, 0x00,
                 ;0x10, 0x10, 0x20, 0x60, 0xF0, 0xF8, 0x00, 0x00,
                 ;0x00, 0x00, 0x00, 0x00, 0x00, 0x00, 0x00, 0x00,
                 ;0x00, 0x00, 0x00, 0x00, 0x00, 0x00, 0x00, 0x00,
                 ;0x00, 0x00, 0x00, 0x00, 0x00, 0x00, 0x00, 0x00,
                 ;0x00, 0x00, 0x00, 0x00, 0x00, 0x00, 0x00, 0x00,
                 ;0x00, 0x00, 0x00, 0x00, 0x00, 0x00, 0x00, 0x00,
                 ;0x00, 0x00, 0x00, 0x00, 0x00, 0x00, 0x00, 0x00,
                 ;0x00, 0x00, 0x00, 0x00, 0x00, 0x00, 0x00, 0x00,
                 ;0x00, 0x00, 0x00, 0x00, 0x00, 0x00, 0x00, 0x00,
                 ;0x00, 0x00, 0x00, 0x00, 0x00, 0x00, 0x00, 0x00,
                 ;0x00, 0x00, 0x00, 0x00, 0x00, 0x00, 0x00, 0x00,
                 ;0x00, 0x00, 0x00, 0x00, 0x00, 0x00, 0x00, 0x00,
                 ;0x00, 0x00, 0x00, 0x00, 0x00, 0x00, 0x00, 0x00,
                 ;0x00, 0x40, 0x60, 0x70, 0x78, 0x7C, 0x7C, 0xFE,
                 ;0xFE, 0xFE, 0xFF, 0xFF, 0xFF, 0xFF, 0xFF, 0xF2,
                 ;0xC0, 0x80, 0x80, 0x00, 0x00, 0x00, 0x00, 0x00,
                 ;0x00, 0xF0, 0xE0, 0xC0, 0x80, 0x83, 0xF4, 0x00,
                 ;0x00, 0x00, 0x00, 0x00, 0x00, 0x00, 0x00, 0x00,
                 ;0x00, 0x00, 0x00, 0x00, 0x00, 0x00, 0x00, 0x00,
                 ;0x00, 0x00, 0x00, 0x00, 0x00, 0x00, 0x00, 0x00,
                 ;0x00, 0x00, 0x00, 0x00, 0x00, 0x00, 0x00, 0x00,
                 ;0x00, 0x00, 0x00, 0x00, 0x00, 0x00, 0x00, 0x00,
                 ;0x00, 0x00, 0x00, 0x00, 0x00, 0x00, 0x00, 0x00,
                 ;0x00, 0x00, 0x00, 0x00, 0x00, 0x00, 0x00, 0x00,
                 ;0x00, 0x00, 0x00, 0x00, 0x00, 0x00, 0x00, 0x00,
                 ;0x00, 0x00, 0x00, 0x00, 0x00, 0x00, 0x00, 0x00,
                 ;0x00, 0x00, 0x00, 0x00, 0x00, 0x00, 0x00, 0x00,
                 ;0x00, 0x00, 0x00, 0x00, 0x00, 0x00, 0x00, 0x00,
                 ;0x00, 0x00, 0x00, 0x00, 0x00, 0x00, 0x00, 0x00,
                 ;0x00, 0x00, 0x80, 0xC0, 0xF0, 0xF8, 0xF8, 0x3C,
                 ;0xDC, 0xBC, 0xBF, 0xBF, 0x3F, 0x7F, 0xFF, 0xFF,
                 ;0xFF, 0xE7, 0xC1, 0x81, 0x81, 0x80, 0x80, 0x80,
                 ;0x80, 0xE1, 0xE1, 0x68, 0x08, 0x0F, 0x08, 0x00,
                 ;0x00, 0x00, 0x00, 0x00, 0x00, 0x00, 0x00, 0x00,
                 ;0x00, 0x00, 0x00, 0x00, 0x00, 0x00, 0x00, 0x00,
                 ;0x00, 0x00, 0x00, 0x00, 0x00, 0x00, 0x00, 0x00,
                 ;0x00, 0x00, 0x00, 0x00, 0x00, 0x00, 0x00, 0x00,
                 ;0x00, 0x00, 0x00, 0x00, 0x00, 0x00, 0x00, 0x00,
                 ;0x00, 0x00, 0x00, 0x00, 0x00, 0x00, 0x00, 0x00,
                 ;0x00, 0x00, 0x00, 0x00, 0x00, 0x00, 0x00, 0x00,
                 ;0x00, 0x00, 0x00, 0x00, 0x00, 0x00, 0x00, 0x00,
                 ;0x00, 0x00, 0x00, 0x00, 0x00, 0x00, 0x00, 0x00,
                 ;0x00, 0x00, 0x00, 0x00, 0x00, 0x00, 0x00, 0x00,
                 ;0x00, 0x00, 0x00, 0x00, 0x00, 0x00, 0x00, 0x00,
                 ;0x00, 0x00, 0x00, 0x00, 0x00, 0x00, 0x00, 0x00,
                 ;0x00, 0x00, 0x01, 0x00, 0x80, 0x00, 0xC8, 0xF1,
                 ;0xF0, 0xF8, 0x7C, 0x3F, 0xFF, 0xE0, 0xFF, 0xC7,
                 ;0x21, 0x21, 0x81, 0x01, 0x27, 0x1F, 0x07, 0x27,
                 ;0x2E, 0x21, 0x1C, 0x00, 0x00, 0x00, 0x00, 0x00,
                 ;0x00, 0x00, 0x00, 0x00, 0x00, 0x00, 0x00, 0x00,
                 ;0x00, 0x00, 0x00, 0x00, 0x00, 0x00, 0x00, 0x00,
                 ;0x00, 0x00, 0x00, 0x00, 0x00, 0x00, 0x00, 0x00,
                 ;0x00, 0x00, 0x00, 0x00, 0x00, 0x00, 0x00, 0x00,
                 ;0x00, 0x00, 0x00, 0x00, 0x00, 0x00, 0x00, 0x00,
                 ;0x00, 0x00, 0x00, 0x00, 0x00, 0x00, 0x00, 0x00,
                 ;0x00, 0x00, 0x00, 0x00, 0x00, 0x00, 0x00, 0x00,
                 ;0x00, 0x00, 0x00, 0x00, 0x00, 0x00, 0x00, 0x00,
                 ;0x00, 0x00, 0x00, 0x00, 0x00, 0x00, 0x00, 0x00,
                 ;0x00, 0x00, 0x00, 0x00, 0x00, 0x00, 0x00, 0x00,
                 ;0x00, 0x00, 0x00, 0x00, 0x00, 0x00, 0x00, 0x00,
                 ;0x00, 0x00, 0x00, 0x00, 0x00, 0x00, 0x00, 0x00,
                 ;0x00, 0x00, 0x03, 0x7E, 0x7F, 0xFF, 0xFF, 0xFF,
                 ;0xFF, 0xFF, 0x7E, 0x04, 0x03, 0x01, 0x01, 0x01,
                 ;0x01, 0x01, 0xC0, 0xE2, 0xC2, 0xC0, 0xC0, 0xE0,
                 ;0xE0, 0x00, 0x00, 0x00, 0xE0, 0xE0, 0xE0, 0xE0,
                 ;0xE0, 0xE0, 0xC0, 0x40, 0x00, 0x00, 0x00, 0x00,
                 ;0x00, 0x00, 0x00, 0x00, 0x00, 0x00, 0x00, 0x00,
                 ;0x00, 0x00, 0x00, 0x00, 0x00, 0x00, 0x00, 0x00,
                 ;0x00, 0x00, 0x00, 0x00, 0x00, 0x00, 0x00, 0x00,
                 ;0x00, 0x00, 0x00, 0x00, 0x00, 0x00, 0x00, 0x00,
                 ;0x00, 0x00, 0x00, 0x00, 0x00, 0x00, 0x00, 0x00,
                 ;0x00, 0x00, 0x00, 0x00, 0x00, 0x00, 0x00, 0x00,
                 ;0x00, 0x00, 0x00, 0x00, 0x00, 0x00, 0x00, 0x00,
                 ;0x00, 0x00, 0x00, 0x00, 0x00, 0x00, 0x00, 0x00,
                 ;0x00, 0x00, 0x00, 0x00, 0x00, 0x00, 0x00, 0x00,
                 ;0x00, 0x00, 0x00, 0x00, 0x00, 0x00, 0x00, 0x00,
                 ;0x00, 0x00, 0x00, 0x00, 0x00, 0x00, 0x00, 0x00,
                 ;0x00, 0x00, 0x00, 0x00, 0x00, 0x07, 0x7F, 0x7F,
                 ;0x7D, 0x7D, 0x7C, 0x00, 0x00, 0x00, 0x00, 0x00,
                 ;0x00, 0x00, 0x03, 0x07, 0x07, 0x07, 0x07, 0x07,
                 ;0x07, 0x04, 0x04, 0x04, 0x03, 0x03, 0x03, 0x03,
                 ;0x01, 0x00, 0x00, 0x00, 0x00, 0x00, 0x00, 0x00,
                 ;0x00, 0x00, 0x00, 0x00, 0x00, 0x00, 0x00, 0x00,
                 ;0x00, 0x00, 0x00, 0x00, 0x00, 0x00, 0x00, 0x00,
                 ;0x00, 0x00, 0x00, 0x00, 0x00, 0x00, 0x00, 0x00,
                 ;0x00, 0x00, 0x00, 0x00, 0x00, 0x00, 0x00, 0x00,
                 ;0x00, 0x00, 0x00, 0x00, 0x00, 0x00, 0x00, 0x00,
                 ;0x00, 0x00, 0x00, 0x00, 0x00, 0x00, 0x00, 0x00,
                 ;0x00, 0x00, 0x00, 0x00, 0x00, 0x00, 0x00, 0x00,
                 ;0x00, 0x00, 0x00, 0x00, 0x00, 0x00, 0x00, 0x00,
                 ;0x00, 0x00, 0x00, 0x00, 0x00, 0x00, 0x00, 0x00,
                 ;0x00, 0x00, 0x00, 0x00, 0x00, 0x00, 0x00, 0x00,
                 ;0x00, 0x00, 0x00, 0x00, 0x00, 0x00, 0x00, 0x00,
                 ;0x00, 0x00, 0x00, 0x00, 0x00, 0x00, 0x00, 0x00,
                 ;0x00, 0x00, 0x00, 0x00, 0x00, 0x00, 0x00, 0x00,
                 ;0x00, 0x00, 0x00, 0x00, 0x00, 0x00, 0x00, 0x00,
                 ;0x00, 0x00, 0x00, 0x00, 0x00, 0x00, 0x00, 0x00,
                 ;0x00, 0x00, 0x00, 0x00, 0x00, 0x00, 0x00, 0x00,
                 ;0x00, 0x00, 0x00, 0x00, 0x00, 0x00, 0x00, 0x00,
                 ;0x00, 0x00, 0x00, 0x00, 0x00, 0x00, 0x00, 0x00,
                 ;0x00, 0x00, 0x00, 0x00, 0x00, 0x00, 0x00, 0x00,
                 ;0x00, 0x00, 0x00, 0x00, 0x00, 0x00, 0x00, 0x00,
                 ;0x00, 0x00, 0x00, 0x00, 0x00, 0x00, 0x00, 0x00,
                 ;#endif
                 ;};
                 ;
                 ;#include "frames/f10/f10.c"
                 ;/****************************************************************************
                 ;Image data created by the LCD Vision V1.05 font & image editor/converter
                 ;(C) Copyright 2011-2013 Pavel Haiduc, HP InfoTech s.r.l.
                 ;http://www.hpinfotech.com
                 ;
                 ;Graphic LCD controller: KS0108 128x64 CS1,CS2
                 ;Image width: 128 pixels
                 ;Image height: 64 pixels
                 ;Color depth: 1 bits/pixel
                 ;Imported image file name: f10.bmp
                 ;
                 ;Exported monochrome image data size:
                 ;1028 bytes for displays organized as horizontal rows of bytes
                 ;1028 bytes for displays organized as rows of vertical bytes.
                 ;****************************************************************************/
                 ;
                 ;flash unsigned char f10[]=
                 ;{
                 ;/* Image width: 128 pixels */
                 ;0x80, 0x00,
                 ;/* Image height: 64 pixels */
                 ;0x40, 0x00,
                 ;#ifndef _GLCD_DATA_BYTEY_
                 ;/* Image data for monochrome displays organized
                 ;   as horizontal rows of bytes */
                 ;0x00, 0x00, 0x00, 0x00, 0x00, 0x00, 0x00, 0x00,
                 ;0x00, 0x00, 0x00, 0x00, 0x00, 0x00, 0x00, 0x00,
                 ;0x00, 0x00, 0x00, 0x00, 0x00, 0x00, 0x00, 0x00,
                 ;0x00, 0x00, 0x00, 0x00, 0x00, 0x00, 0x00, 0x00,
                 ;0x00, 0x00, 0x00, 0x00, 0x00, 0x00, 0x00, 0x00,
                 ;0x00, 0x00, 0x00, 0x00, 0x00, 0x00, 0x00, 0x00,
                 ;0x00, 0x00, 0x00, 0x00, 0x00, 0x00, 0x00, 0x00,
                 ;0x00, 0x00, 0x00, 0x00, 0x00, 0x00, 0x00, 0x00,
                 ;0x00, 0x00, 0x00, 0x00, 0x00, 0x00, 0x00, 0x00,
                 ;0x00, 0x00, 0x00, 0x00, 0x00, 0x00, 0x00, 0x00,
                 ;0x00, 0x00, 0x00, 0x00, 0x00, 0x00, 0x00, 0x00,
                 ;0x00, 0x00, 0x00, 0x00, 0x00, 0x00, 0x00, 0x00,
                 ;0x00, 0x00, 0x00, 0x00, 0x00, 0x00, 0x00, 0x00,
                 ;0x00, 0x00, 0x00, 0x00, 0x00, 0x00, 0x00, 0x00,
                 ;0x00, 0x00, 0x00, 0x00, 0x00, 0x00, 0x00, 0x00,
                 ;0x00, 0x00, 0x00, 0x00, 0x00, 0x00, 0x00, 0x00,
                 ;0x00, 0x00, 0x00, 0x00, 0x00, 0x00, 0x00, 0xF8,
                 ;0x01, 0x00, 0x00, 0x00, 0x00, 0x00, 0x00, 0x00,
                 ;0x00, 0x00, 0x00, 0x00, 0x00, 0x00, 0xC0, 0x7F,
                 ;0x1E, 0x00, 0x00, 0x00, 0x00, 0x00, 0x00, 0x00,
                 ;0x00, 0x00, 0x00, 0x00, 0x00, 0x00, 0xC0, 0xFF,
                 ;0x03, 0x00, 0x00, 0x00, 0x00, 0x00, 0x00, 0x00,
                 ;0x00, 0x00, 0x00, 0x00, 0x00, 0x00, 0xC0, 0xFF,
                 ;0x02, 0x20, 0x00, 0x00, 0x00, 0x00, 0x00, 0x00,
                 ;0x00, 0x00, 0x00, 0x00, 0x00, 0x00, 0x00, 0xFE,
                 ;0x04, 0x33, 0x00, 0x00, 0x00, 0x00, 0x00, 0x00,
                 ;0x00, 0x00, 0x00, 0x00, 0x00, 0x00, 0x00, 0xFC,
                 ;0x0C, 0x3C, 0x00, 0x00, 0x00, 0x00, 0x00, 0x00,
                 ;0x00, 0x00, 0x00, 0x00, 0x00, 0x00, 0x00, 0xF8,
                 ;0x00, 0x38, 0x00, 0x00, 0x00, 0x00, 0x00, 0x00,
                 ;0x00, 0x00, 0x00, 0x00, 0x00, 0x00, 0x00, 0xF8,
                 ;0x01, 0x30, 0x00, 0x00, 0x00, 0x00, 0x00, 0x00,
                 ;0x00, 0x00, 0x00, 0x00, 0x00, 0x00, 0x00, 0x7C,
                 ;0x00, 0x20, 0x00, 0x00, 0x00, 0x00, 0x00, 0x00,
                 ;0x00, 0x00, 0x00, 0x00, 0x00, 0x00, 0x80, 0x7F,
                 ;0x00, 0x20, 0x00, 0x00, 0x00, 0x00, 0x00, 0x00,
                 ;0x00, 0x00, 0x00, 0x00, 0x00, 0x00, 0xE0, 0x7F,
                 ;0x00, 0x40, 0x00, 0x00, 0x00, 0x00, 0x00, 0x00,
                 ;0x00, 0x00, 0x00, 0x00, 0x00, 0x00, 0xF0, 0x7F,
                 ;0x00, 0x00, 0x00, 0x00, 0x00, 0x00, 0x00, 0x00,
                 ;0x00, 0x00, 0x00, 0x00, 0x00, 0x00, 0xF8, 0x7F,
                 ;0x00, 0x42, 0x00, 0x00, 0x00, 0x00, 0x00, 0x00,
                 ;0x00, 0x00, 0x00, 0x00, 0x00, 0x00, 0xFC, 0xFF,
                 ;0x00, 0x46, 0x00, 0x00, 0x00, 0x00, 0x00, 0x00,
                 ;0x00, 0x00, 0x00, 0x00, 0x00, 0x00, 0xFE, 0xFF,
                 ;0x00, 0x4E, 0x00, 0x00, 0x00, 0x00, 0x00, 0x00,
                 ;0x00, 0x00, 0x00, 0x00, 0x00, 0x00, 0x80, 0xFF,
                 ;0x07, 0x6E, 0x00, 0x00, 0x00, 0x00, 0x00, 0x00,
                 ;0x00, 0x00, 0x00, 0x00, 0x00, 0x00, 0x00, 0xFC,
                 ;0x1F, 0x26, 0x00, 0x00, 0x00, 0x00, 0x00, 0x00,
                 ;0x00, 0x00, 0x00, 0x00, 0x00, 0x00, 0x00, 0xFC,
                 ;0x03, 0x20, 0x00, 0x00, 0x00, 0x00, 0x00, 0x00,
                 ;0x00, 0x00, 0x00, 0x00, 0x00, 0x00, 0x80, 0xFF,
                 ;0x03, 0x20, 0x00, 0x00, 0x00, 0x00, 0x00, 0x00,
                 ;0x00, 0x00, 0x00, 0x00, 0x00, 0x00, 0xE0, 0xFF,
                 ;0x01, 0xF8, 0x00, 0x00, 0x00, 0x00, 0x00, 0x00,
                 ;0x00, 0x00, 0x00, 0x00, 0x00, 0x00, 0xF0, 0xFF,
                 ;0x01, 0x70, 0x00, 0x00, 0x00, 0x00, 0x00, 0x00,
                 ;0x00, 0x00, 0x00, 0x00, 0x00, 0x00, 0xF0, 0xFF,
                 ;0x03, 0x7E, 0x00, 0x00, 0x00, 0x00, 0x00, 0x00,
                 ;0x00, 0x00, 0x00, 0x00, 0x00, 0x00, 0x38, 0xE0,
                 ;0x07, 0x7E, 0x00, 0x00, 0x00, 0x00, 0x00, 0x00,
                 ;0x00, 0x00, 0x00, 0x00, 0x00, 0x00, 0x1C, 0xC0,
                 ;0xFF, 0x5F, 0x00, 0x00, 0x00, 0x00, 0x00, 0x00,
                 ;0x00, 0x00, 0x00, 0x00, 0x00, 0x08, 0xC0, 0xDF,
                 ;0x1F, 0x12, 0x00, 0x00, 0x00, 0x00, 0x00, 0x00,
                 ;0x00, 0x00, 0x00, 0x00, 0x00, 0x00, 0x18, 0xDC,
                 ;0x10, 0x3E, 0x00, 0x00, 0x00, 0x00, 0x00, 0x00,
                 ;0x00, 0x00, 0x00, 0x00, 0x00, 0x00, 0x00, 0xDC,
                 ;0xD0, 0x3D, 0x00, 0x00, 0x00, 0x00, 0x00, 0x00,
                 ;0x00, 0x00, 0x00, 0x00, 0x00, 0x00, 0x02, 0x5E,
                 ;0x80, 0x01, 0x00, 0x00, 0x00, 0x00, 0x00, 0x00,
                 ;0x00, 0x00, 0x00, 0x00, 0x00, 0x00, 0x80, 0x5F,
                 ;0x00, 0x00, 0x00, 0x00, 0x00, 0x00, 0x00, 0x00,
                 ;0x00, 0x00, 0x00, 0x00, 0x00, 0x20, 0x80, 0x7F,
                 ;0x13, 0x00, 0x70, 0x00, 0x00, 0x00, 0x00, 0x00,
                 ;0x00, 0x00, 0x00, 0x00, 0x00, 0x00, 0x80, 0xF7,
                 ;0x13, 0x00, 0x70, 0x00, 0x00, 0x00, 0x00, 0x00,
                 ;0x00, 0x00, 0x00, 0x00, 0x00, 0x00, 0xF8, 0xC3,
                 ;0x1F, 0x00, 0x38, 0x00, 0x00, 0x00, 0x00, 0x00,
                 ;0x00, 0x00, 0x00, 0x00, 0x00, 0x00, 0xFC, 0xC0,
                 ;0x7F, 0x00, 0x1F, 0x00, 0x00, 0x00, 0x00, 0x00,
                 ;0x00, 0x00, 0x00, 0x00, 0x00, 0x00, 0xFC, 0x13,
                 ;0xE0, 0x01, 0x1F, 0x00, 0x00, 0x00, 0x00, 0x00,
                 ;0x00, 0x00, 0x00, 0x00, 0x00, 0x00, 0xFC, 0x13,
                 ;0x00, 0x03, 0x0C, 0x00, 0x00, 0x00, 0x00, 0x00,
                 ;0x00, 0x00, 0x00, 0x00, 0x00, 0x00, 0xFE, 0x0F,
                 ;0x00, 0x23, 0x08, 0x00, 0x00, 0x00, 0x00, 0x00,
                 ;0x00, 0x00, 0x00, 0x00, 0x00, 0x00, 0xFE, 0x03,
                 ;0x00, 0xF0, 0x00, 0x00, 0x00, 0x00, 0x00, 0x00,
                 ;0x00, 0x00, 0x00, 0x00, 0x00, 0x00, 0xFE, 0x01,
                 ;0x00, 0xF8, 0x05, 0x00, 0x00, 0x00, 0x00, 0x00,
                 ;0x00, 0x00, 0x00, 0x00, 0x00, 0x00, 0xFF, 0x01,
                 ;0x00, 0xF8, 0x03, 0x00, 0x00, 0x00, 0x00, 0x00,
                 ;0x00, 0x00, 0x00, 0x00, 0x00, 0x00, 0x7F, 0x00,
                 ;0x00, 0xFE, 0x03, 0x00, 0x00, 0x00, 0x00, 0x00,
                 ;0x00, 0x00, 0x00, 0x00, 0x00, 0x00, 0x6F, 0x00,
                 ;0x00, 0xFE, 0x01, 0x00, 0x00, 0x00, 0x00, 0x00,
                 ;0x00, 0x00, 0x00, 0x00, 0x00, 0x00, 0x77, 0x00,
                 ;0x00, 0xFE, 0x00, 0x00, 0x00, 0x00, 0x00, 0x00,
                 ;0x00, 0x00, 0x00, 0x00, 0x00, 0xC0, 0x1F, 0x00,
                 ;0x00, 0x78, 0x00, 0x00, 0x00, 0x00, 0x00, 0x00,
                 ;0x00, 0x00, 0x00, 0x00, 0x00, 0xC0, 0x0F, 0x00,
                 ;0x00, 0x30, 0x00, 0x00, 0x00, 0x00, 0x00, 0x00,
                 ;0x00, 0x00, 0x00, 0x00, 0x00, 0xC0, 0x07, 0x00,
                 ;0x00, 0x00, 0x00, 0x00, 0x00, 0x00, 0x00, 0x00,
                 ;0x00, 0x00, 0x00, 0x00, 0x00, 0xC0, 0x03, 0x00,
                 ;0x00, 0x00, 0x00, 0x00, 0x00, 0x00, 0x00, 0x00,
                 ;0x00, 0x00, 0x00, 0x00, 0x00, 0xC0, 0x03, 0x00,
                 ;0x00, 0x00, 0x00, 0x00, 0x00, 0x00, 0x00, 0x00,
                 ;0x00, 0x00, 0x00, 0x00, 0x00, 0x00, 0x00, 0x00,
                 ;0x00, 0x00, 0x00, 0x00, 0x00, 0x00, 0x00, 0x00,
                 ;0x00, 0x00, 0x00, 0x00, 0x00, 0x00, 0x00, 0x00,
                 ;0x00, 0x00, 0x00, 0x00, 0x00, 0x00, 0x00, 0x00,
                 ;0x00, 0x00, 0x00, 0x00, 0x00, 0x00, 0x00, 0x00,
                 ;0x00, 0x00, 0x00, 0x00, 0x00, 0x00, 0x00, 0x00,
                 ;0x00, 0x00, 0x00, 0x00, 0x00, 0x00, 0x00, 0x00,
                 ;0x00, 0x00, 0x00, 0x00, 0x00, 0x00, 0x00, 0x00,
                 ;0x00, 0x00, 0x00, 0x00, 0x00, 0x00, 0x00, 0x00,
                 ;0x00, 0x00, 0x00, 0x00, 0x00, 0x00, 0x00, 0x00,
                 ;0x00, 0x00, 0x00, 0x00, 0x00, 0x00, 0x00, 0x00,
                 ;0x00, 0x00, 0x00, 0x00, 0x00, 0x00, 0x00, 0x00,
                 ;0x00, 0x00, 0x00, 0x00, 0x00, 0x00, 0x00, 0x00,
                 ;0x00, 0x00, 0x00, 0x00, 0x00, 0x00, 0x00, 0x00,
                 ;0x00, 0x00, 0x00, 0x00, 0x00, 0x00, 0x00, 0x00,
                 ;0x00, 0x00, 0x00, 0x00, 0x00, 0x00, 0x00, 0x00,
                 ;0x00, 0x00, 0x00, 0x00, 0x00, 0x00, 0x00, 0x00,
                 ;0x00, 0x00, 0x00, 0x00, 0x00, 0x00, 0x00, 0x00,
                 ;#else
                 ;/* Image data for monochrome displays organized
                 ;   as rows of vertical bytes */
                 ;0x00, 0x00, 0x00, 0x00, 0x00, 0x00, 0x00, 0x00,
                 ;0x00, 0x00, 0x00, 0x00, 0x00, 0x00, 0x00, 0x00,
                 ;0x00, 0x00, 0x00, 0x00, 0x00, 0x00, 0x00, 0x00,
                 ;0x00, 0x00, 0x00, 0x00, 0x00, 0x00, 0x00, 0x00,
                 ;0x00, 0x00, 0x00, 0x00, 0x00, 0x00, 0x00, 0x00,
                 ;0x00, 0x00, 0x00, 0x00, 0x00, 0x00, 0x00, 0x00,
                 ;0x00, 0x00, 0x00, 0x00, 0x00, 0x00, 0x00, 0x00,
                 ;0x00, 0x00, 0x00, 0x00, 0x00, 0x00, 0x00, 0x00,
                 ;0x00, 0x00, 0x00, 0x00, 0x00, 0x00, 0x00, 0x00,
                 ;0x00, 0x00, 0x00, 0x00, 0x00, 0x00, 0x00, 0x00,
                 ;0x00, 0x00, 0x00, 0x00, 0x00, 0x00, 0x00, 0x00,
                 ;0x00, 0x00, 0x00, 0x00, 0x00, 0x00, 0x00, 0x00,
                 ;0x00, 0x00, 0x00, 0x00, 0x00, 0x00, 0x00, 0x00,
                 ;0x00, 0x00, 0x00, 0x00, 0x00, 0x00, 0x00, 0x00,
                 ;0x00, 0x00, 0x00, 0x00, 0x00, 0x00, 0x00, 0x00,
                 ;0x00, 0x00, 0x00, 0x00, 0x00, 0x00, 0x00, 0x00,
                 ;0x00, 0x00, 0x00, 0x00, 0x00, 0x00, 0x00, 0x00,
                 ;0x00, 0x00, 0x00, 0x00, 0x00, 0x00, 0x00, 0x00,
                 ;0x00, 0x00, 0x00, 0x00, 0x00, 0x00, 0x00, 0x00,
                 ;0x00, 0x00, 0x00, 0x00, 0x00, 0x00, 0x00, 0x00,
                 ;0x00, 0x00, 0x00, 0x00, 0x00, 0x00, 0x00, 0x00,
                 ;0x00, 0x00, 0x00, 0x00, 0x00, 0x00, 0x00, 0x00,
                 ;0x00, 0x00, 0x00, 0x00, 0x00, 0x00, 0x0E, 0x0E,
                 ;0x0E, 0x1E, 0x3E, 0xFF, 0xFF, 0xFF, 0xFF, 0xFD,
                 ;0x85, 0x0E, 0x32, 0x22, 0x02, 0x00, 0x00, 0x00,
                 ;0x10, 0x10, 0x20, 0x60, 0xF0, 0xF8, 0x00, 0x00,
                 ;0x00, 0x00, 0x00, 0x00, 0x00, 0x00, 0x00, 0x00,
                 ;0x00, 0x00, 0x00, 0x00, 0x00, 0x00, 0x00, 0x00,
                 ;0x00, 0x00, 0x00, 0x00, 0x00, 0x00, 0x00, 0x00,
                 ;0x00, 0x00, 0x00, 0x00, 0x00, 0x00, 0x00, 0x00,
                 ;0x00, 0x00, 0x00, 0x00, 0x00, 0x00, 0x00, 0x00,
                 ;0x00, 0x00, 0x00, 0x00, 0x00, 0x00, 0x00, 0x00,
                 ;0x00, 0x00, 0x00, 0x00, 0x00, 0x00, 0x00, 0x00,
                 ;0x00, 0x00, 0x00, 0x00, 0x00, 0x00, 0x00, 0x00,
                 ;0x00, 0x00, 0x00, 0x00, 0x00, 0x00, 0x00, 0x00,
                 ;0x00, 0x00, 0x00, 0x00, 0x00, 0x00, 0x00, 0x00,
                 ;0x00, 0x00, 0x00, 0x00, 0x00, 0x00, 0x00, 0x00,
                 ;0x00, 0x00, 0x00, 0x00, 0x00, 0x00, 0x00, 0x00,
                 ;0x00, 0x40, 0x60, 0x70, 0x78, 0x7C, 0x7C, 0xFE,
                 ;0xFE, 0xFE, 0xFF, 0xFF, 0xFF, 0xFF, 0xFF, 0xE0,
                 ;0x80, 0x80, 0x80, 0x00, 0x00, 0x00, 0x00, 0x00,
                 ;0x00, 0xF0, 0xE0, 0xC0, 0x00, 0x83, 0xF4, 0x00,
                 ;0x00, 0x00, 0x00, 0x00, 0x00, 0x00, 0x00, 0x00,
                 ;0x00, 0x00, 0x00, 0x00, 0x00, 0x00, 0x00, 0x00,
                 ;0x00, 0x00, 0x00, 0x00, 0x00, 0x00, 0x00, 0x00,
                 ;0x00, 0x00, 0x00, 0x00, 0x00, 0x00, 0x00, 0x00,
                 ;0x00, 0x00, 0x00, 0x00, 0x00, 0x00, 0x00, 0x00,
                 ;0x00, 0x00, 0x00, 0x00, 0x00, 0x00, 0x00, 0x00,
                 ;0x00, 0x00, 0x00, 0x00, 0x00, 0x00, 0x00, 0x00,
                 ;0x00, 0x00, 0x00, 0x00, 0x00, 0x00, 0x00, 0x00,
                 ;0x00, 0x00, 0x00, 0x00, 0x00, 0x00, 0x00, 0x00,
                 ;0x00, 0x00, 0x00, 0x00, 0x00, 0x00, 0x00, 0x00,
                 ;0x00, 0x00, 0x00, 0x00, 0x00, 0x00, 0x00, 0x00,
                 ;0x00, 0x00, 0x00, 0x00, 0x00, 0x00, 0x00, 0x00,
                 ;0x00, 0x00, 0x80, 0xC0, 0xF0, 0x78, 0x38, 0x3C,
                 ;0x3C, 0x3C, 0x3F, 0x3F, 0x3F, 0x7F, 0xFF, 0xFF,
                 ;0xFF, 0xE7, 0xC1, 0x81, 0x81, 0x80, 0x80, 0x80,
                 ;0x80, 0xE1, 0xE1, 0xE8, 0xF8, 0x7F, 0xF8, 0x08,
                 ;0x00, 0x00, 0x00, 0x00, 0x00, 0x00, 0x00, 0x00,
                 ;0x00, 0x00, 0x00, 0x00, 0x00, 0x00, 0x00, 0x00,
                 ;0x00, 0x00, 0x00, 0x00, 0x00, 0x00, 0x00, 0x00,
                 ;0x00, 0x00, 0x00, 0x00, 0x00, 0x00, 0x00, 0x00,
                 ;0x00, 0x00, 0x00, 0x00, 0x00, 0x00, 0x00, 0x00,
                 ;0x00, 0x00, 0x00, 0x00, 0x00, 0x00, 0x00, 0x00,
                 ;0x00, 0x00, 0x00, 0x00, 0x00, 0x00, 0x00, 0x00,
                 ;0x00, 0x00, 0x00, 0x00, 0x00, 0x00, 0x00, 0x00,
                 ;0x00, 0x00, 0x00, 0x00, 0x00, 0x00, 0x00, 0x00,
                 ;0x00, 0x00, 0x00, 0x00, 0x00, 0x00, 0x00, 0x00,
                 ;0x00, 0x00, 0x00, 0x00, 0x00, 0x00, 0x00, 0x00,
                 ;0x00, 0x00, 0x00, 0x01, 0x00, 0x20, 0x00, 0x00,
                 ;0x00, 0x08, 0x00, 0x82, 0x82, 0x80, 0x81, 0xF1,
                 ;0xF1, 0xF9, 0x7F, 0x3F, 0x7F, 0x60, 0xFF, 0xC7,
                 ;0xE1, 0xE1, 0x81, 0x81, 0xE7, 0x00, 0x04, 0x0C,
                 ;0x0C, 0x03, 0x06, 0x06, 0x07, 0x06, 0x00, 0x00,
                 ;0x00, 0x00, 0x00, 0x80, 0xE0, 0xE0, 0x60, 0x00,
                 ;0x00, 0x00, 0x00, 0x00, 0x00, 0x00, 0x00, 0x00,
                 ;0x00, 0x00, 0x00, 0x00, 0x00, 0x00, 0x00, 0x00,
                 ;0x00, 0x00, 0x00, 0x00, 0x00, 0x00, 0x00, 0x00,
                 ;0x00, 0x00, 0x00, 0x00, 0x00, 0x00, 0x00, 0x00,
                 ;0x00, 0x00, 0x00, 0x00, 0x00, 0x00, 0x00, 0x00,
                 ;0x00, 0x00, 0x00, 0x00, 0x00, 0x00, 0x00, 0x00,
                 ;0x00, 0x00, 0x00, 0x00, 0x00, 0x00, 0x00, 0x00,
                 ;0x00, 0x00, 0x00, 0x00, 0x00, 0x00, 0x00, 0x00,
                 ;0x00, 0x00, 0x00, 0x00, 0x00, 0x00, 0x00, 0x00,
                 ;0x00, 0x00, 0x00, 0x00, 0x00, 0x00, 0x00, 0x00,
                 ;0x00, 0x00, 0x00, 0x00, 0x00, 0x00, 0x00, 0x00,
                 ;0xC0, 0xF8, 0xFF, 0xFF, 0xFF, 0xFF, 0xFF, 0x7F,
                 ;0x7E, 0x1E, 0x08, 0x08, 0x06, 0x00, 0x01, 0x01,
                 ;0x01, 0x01, 0x01, 0x01, 0x01, 0x03, 0x03, 0x02,
                 ;0x0E, 0x8C, 0x80, 0xE0, 0xF0, 0xF8, 0xF0, 0xF0,
                 ;0xE3, 0xC3, 0x27, 0x0F, 0x03, 0x00, 0x00, 0x00,
                 ;0x00, 0x00, 0x00, 0x00, 0x00, 0x00, 0x00, 0x00,
                 ;0x00, 0x00, 0x00, 0x00, 0x00, 0x00, 0x00, 0x00,
                 ;0x00, 0x00, 0x00, 0x00, 0x00, 0x00, 0x00, 0x00,
                 ;0x00, 0x00, 0x00, 0x00, 0x00, 0x00, 0x00, 0x00,
                 ;0x00, 0x00, 0x00, 0x00, 0x00, 0x00, 0x00, 0x00,
                 ;0x00, 0x00, 0x00, 0x00, 0x00, 0x00, 0x00, 0x00,
                 ;0x00, 0x00, 0x00, 0x00, 0x00, 0x00, 0x00, 0x00,
                 ;0x00, 0x00, 0x00, 0x00, 0x00, 0x00, 0x00, 0x00,
                 ;0x00, 0x00, 0x00, 0x00, 0x00, 0x00, 0x00, 0x00,
                 ;0x00, 0x00, 0x00, 0x00, 0x00, 0x00, 0x00, 0x00,
                 ;0x00, 0x00, 0x00, 0x00, 0x00, 0x00, 0x7C, 0x7C,
                 ;0x7F, 0x7F, 0x1F, 0x0D, 0x06, 0x03, 0x03, 0x00,
                 ;0x00, 0x00, 0x00, 0x00, 0x00, 0x00, 0x00, 0x00,
                 ;0x00, 0x00, 0x00, 0x00, 0x00, 0x00, 0x00, 0x00,
                 ;0x00, 0x03, 0x03, 0x07, 0x0F, 0x0F, 0x07, 0x03,
                 ;0x01, 0x00, 0x00, 0x00, 0x00, 0x00, 0x00, 0x00,
                 ;0x00, 0x00, 0x00, 0x00, 0x00, 0x00, 0x00, 0x00,
                 ;0x00, 0x00, 0x00, 0x00, 0x00, 0x00, 0x00, 0x00,
                 ;0x00, 0x00, 0x00, 0x00, 0x00, 0x00, 0x00, 0x00,
                 ;0x00, 0x00, 0x00, 0x00, 0x00, 0x00, 0x00, 0x00,
                 ;0x00, 0x00, 0x00, 0x00, 0x00, 0x00, 0x00, 0x00,
                 ;0x00, 0x00, 0x00, 0x00, 0x00, 0x00, 0x00, 0x00,
                 ;0x00, 0x00, 0x00, 0x00, 0x00, 0x00, 0x00, 0x00,
                 ;0x00, 0x00, 0x00, 0x00, 0x00, 0x00, 0x00, 0x00,
                 ;0x00, 0x00, 0x00, 0x00, 0x00, 0x00, 0x00, 0x00,
                 ;0x00, 0x00, 0x00, 0x00, 0x00, 0x00, 0x00, 0x00,
                 ;0x00, 0x00, 0x00, 0x00, 0x00, 0x00, 0x00, 0x00,
                 ;0x00, 0x00, 0x00, 0x00, 0x00, 0x00, 0x00, 0x00,
                 ;0x00, 0x00, 0x00, 0x00, 0x00, 0x00, 0x00, 0x00,
                 ;0x00, 0x00, 0x00, 0x00, 0x00, 0x00, 0x00, 0x00,
                 ;0x00, 0x00, 0x00, 0x00, 0x00, 0x00, 0x00, 0x00,
                 ;0x00, 0x00, 0x00, 0x00, 0x00, 0x00, 0x00, 0x00,
                 ;0x00, 0x00, 0x00, 0x00, 0x00, 0x00, 0x00, 0x00,
                 ;0x00, 0x00, 0x00, 0x00, 0x00, 0x00, 0x00, 0x00,
                 ;0x00, 0x00, 0x00, 0x00, 0x00, 0x00, 0x00, 0x00,
                 ;0x00, 0x00, 0x00, 0x00, 0x00, 0x00, 0x00, 0x00,
                 ;0x00, 0x00, 0x00, 0x00, 0x00, 0x00, 0x00, 0x00,
                 ;#endif
                 ;};
                 ;
                 ;#include "frames/f11/f11.c"
                 ;/****************************************************************************
                 ;Image data created by the LCD Vision V1.05 font & image editor/converter
                 ;(C) Copyright 2011-2013 Pavel Haiduc, HP InfoTech s.r.l.
                 ;http://www.hpinfotech.com
                 ;
                 ;Graphic LCD controller: KS0108 128x64 CS1,CS2
                 ;Image width: 128 pixels
                 ;Image height: 64 pixels
                 ;Color depth: 1 bits/pixel
                 ;Imported image file name: f11.bmp
                 ;
                 ;Exported monochrome image data size:
                 ;1028 bytes for displays organized as horizontal rows of bytes
                 ;1028 bytes for displays organized as rows of vertical bytes.
                 ;****************************************************************************/
                 ;
                 ;flash unsigned char f11[]=
                 ;{
                 ;/* Image width: 128 pixels */
                 ;0x80, 0x00,
                 ;/* Image height: 64 pixels */
                 ;0x40, 0x00,
                 ;#ifndef _GLCD_DATA_BYTEY_
                 ;/* Image data for monochrome displays organized
                 ;   as horizontal rows of bytes */
                 ;0x00, 0x00, 0x00, 0x00, 0x00, 0x00, 0x00, 0x00,
                 ;0x00, 0x00, 0x00, 0x00, 0x00, 0x00, 0x00, 0x00,
                 ;0x00, 0x00, 0x00, 0x00, 0x00, 0x00, 0x00, 0x00,
                 ;0x00, 0x00, 0x00, 0x00, 0x00, 0x00, 0x00, 0x00,
                 ;0x00, 0x00, 0x00, 0x00, 0x00, 0x00, 0x00, 0x00,
                 ;0x00, 0x00, 0x00, 0x00, 0x00, 0x00, 0x00, 0x00,
                 ;0x00, 0x00, 0x00, 0x00, 0x00, 0x00, 0x00, 0x00,
                 ;0x00, 0x00, 0x00, 0x00, 0x00, 0x00, 0x00, 0x00,
                 ;0x00, 0x00, 0x00, 0x00, 0x00, 0x00, 0x00, 0x00,
                 ;0x00, 0x00, 0x00, 0x00, 0x00, 0x00, 0x00, 0x00,
                 ;0x00, 0x00, 0x00, 0x00, 0x00, 0x00, 0x00, 0x00,
                 ;0x00, 0x00, 0x00, 0x00, 0x00, 0x00, 0x00, 0x00,
                 ;0x00, 0x00, 0x00, 0x00, 0x00, 0x00, 0x00, 0x00,
                 ;0x00, 0x00, 0x00, 0x00, 0x00, 0x00, 0x00, 0x00,
                 ;0x00, 0x00, 0x00, 0x00, 0x00, 0x00, 0x00, 0x00,
                 ;0x00, 0x00, 0x00, 0x00, 0x00, 0x00, 0x00, 0x00,
                 ;0x00, 0x00, 0x00, 0x00, 0x00, 0x00, 0x00, 0xF8,
                 ;0x01, 0x00, 0x00, 0x00, 0x00, 0x00, 0x00, 0x00,
                 ;0x00, 0x00, 0x00, 0x00, 0x00, 0x00, 0xC0, 0x7F,
                 ;0x1E, 0x00, 0x00, 0x00, 0x00, 0x00, 0x00, 0x00,
                 ;0x00, 0x00, 0x00, 0x00, 0x00, 0x00, 0xC0, 0xFF,
                 ;0x03, 0x00, 0x00, 0x00, 0x00, 0x00, 0x00, 0x00,
                 ;0x00, 0x00, 0x00, 0x00, 0x00, 0x00, 0xC0, 0xFF,
                 ;0x02, 0x20, 0x00, 0x00, 0x00, 0x00, 0x00, 0x00,
                 ;0x00, 0x00, 0x00, 0x00, 0x00, 0x00, 0x00, 0xFE,
                 ;0x04, 0x33, 0x00, 0x00, 0x00, 0x00, 0x00, 0x00,
                 ;0x00, 0x00, 0x00, 0x00, 0x00, 0x00, 0x00, 0xFC,
                 ;0x0C, 0x3C, 0x00, 0x00, 0x00, 0x00, 0x00, 0x00,
                 ;0x00, 0x00, 0x00, 0x00, 0x00, 0x00, 0x00, 0xF8,
                 ;0x00, 0x38, 0x00, 0x00, 0x00, 0x00, 0x00, 0x00,
                 ;0x00, 0x00, 0x00, 0x00, 0x00, 0x00, 0x00, 0xF8,
                 ;0x01, 0x30, 0x00, 0x00, 0x00, 0x00, 0x00, 0x00,
                 ;0x00, 0x00, 0x00, 0x00, 0x00, 0x00, 0x00, 0x7C,
                 ;0x00, 0x20, 0x00, 0x00, 0x00, 0x00, 0x00, 0x00,
                 ;0x00, 0x00, 0x00, 0x00, 0x00, 0x00, 0x80, 0x7F,
                 ;0x00, 0x20, 0x00, 0x00, 0x00, 0x00, 0x00, 0x00,
                 ;0x00, 0x00, 0x00, 0x00, 0x00, 0x00, 0xE0, 0x7F,
                 ;0x00, 0x40, 0x00, 0x00, 0x00, 0x00, 0x00, 0x00,
                 ;0x00, 0x00, 0x00, 0x00, 0x00, 0x00, 0xF0, 0x7F,
                 ;0x00, 0x00, 0x00, 0x00, 0x00, 0x00, 0x00, 0x00,
                 ;0x00, 0x00, 0x00, 0x00, 0x00, 0x00, 0xF8, 0x7F,
                 ;0x00, 0x42, 0x00, 0x00, 0x00, 0x00, 0x00, 0x00,
                 ;0x00, 0x00, 0x00, 0x00, 0x00, 0x00, 0xFC, 0xFF,
                 ;0x00, 0x46, 0x00, 0x00, 0x00, 0x00, 0x00, 0x00,
                 ;0x00, 0x00, 0x00, 0x00, 0x00, 0x00, 0xFE, 0xFF,
                 ;0x00, 0x4E, 0x00, 0x00, 0x00, 0x00, 0x00, 0x00,
                 ;0x00, 0x00, 0x00, 0x00, 0x00, 0x00, 0x80, 0xFF,
                 ;0x07, 0x6E, 0x00, 0x00, 0x00, 0x00, 0x00, 0x00,
                 ;0x00, 0x00, 0x00, 0x00, 0x00, 0x00, 0x00, 0xFC,
                 ;0x1F, 0x26, 0x00, 0x00, 0x00, 0x00, 0x00, 0x00,
                 ;0x00, 0x00, 0x00, 0x00, 0x00, 0x00, 0x00, 0xFC,
                 ;0x03, 0x20, 0x00, 0x00, 0x00, 0x00, 0x00, 0x00,
                 ;0x00, 0x00, 0x00, 0x00, 0x00, 0x00, 0x80, 0xFF,
                 ;0x03, 0x20, 0x00, 0x00, 0x00, 0x00, 0x00, 0x00,
                 ;0x00, 0x00, 0x00, 0x00, 0x00, 0x00, 0xE0, 0xFF,
                 ;0x01, 0x78, 0x00, 0x00, 0x00, 0x00, 0x00, 0x00,
                 ;0x00, 0x00, 0x00, 0x00, 0x00, 0x00, 0xF0, 0xFF,
                 ;0x01, 0x00, 0x00, 0x00, 0x00, 0x00, 0x00, 0x00,
                 ;0x00, 0x00, 0x00, 0x00, 0x00, 0x00, 0xF0, 0xFF,
                 ;0x03, 0x0E, 0x00, 0x00, 0x00, 0x00, 0x00, 0x00,
                 ;0x00, 0x00, 0x00, 0x00, 0x00, 0x00, 0xF8, 0xE3,
                 ;0x07, 0x0E, 0x00, 0x00, 0x00, 0x00, 0x00, 0x00,
                 ;0x00, 0x00, 0x00, 0x00, 0x00, 0x00, 0xFC, 0xC1,
                 ;0xFF, 0x07, 0x00, 0x00, 0x00, 0x00, 0x00, 0x00,
                 ;0x00, 0x00, 0x00, 0x00, 0x00, 0x00, 0x00, 0xFC,
                 ;0xFF, 0x01, 0x00, 0x00, 0x00, 0x00, 0x00, 0x00,
                 ;0x00, 0x00, 0x00, 0x00, 0x00, 0x00, 0x80, 0x7F,
                 ;0x0C, 0x00, 0x00, 0x00, 0x00, 0x00, 0x00, 0x00,
                 ;0x00, 0x00, 0x00, 0x00, 0x00, 0x00, 0x00, 0x3E,
                 ;0x00, 0x00, 0x00, 0x00, 0x00, 0x00, 0x00, 0x00,
                 ;0x00, 0x00, 0x00, 0x00, 0x00, 0x40, 0x80, 0x1F,
                 ;0x00, 0x00, 0x00, 0x00, 0x00, 0x00, 0x00, 0x00,
                 ;0x00, 0x00, 0x00, 0x00, 0x00, 0x00, 0x80, 0x1F,
                 ;0x00, 0x00, 0x00, 0x00, 0x00, 0x00, 0x00, 0x00,
                 ;0x00, 0x00, 0x00, 0x00, 0x00, 0x00, 0x88, 0x5F,
                 ;0x28, 0x00, 0x00, 0x00, 0x00, 0x00, 0x00, 0x00,
                 ;0x00, 0x00, 0x00, 0x00, 0x00, 0x00, 0xC0, 0x3F,
                 ;0x2F, 0x01, 0x00, 0x00, 0x00, 0x00, 0x00, 0x00,
                 ;0x00, 0x00, 0x00, 0x00, 0x00, 0x00, 0x00, 0xFC,
                 ;0x2E, 0x01, 0x06, 0x00, 0x00, 0x00, 0x00, 0x00,
                 ;0x00, 0x00, 0x00, 0x00, 0x00, 0x00, 0x03, 0x0C,
                 ;0x16, 0x01, 0x07, 0x00, 0x00, 0x00, 0x00, 0x00,
                 ;0x00, 0x00, 0x00, 0x00, 0x00, 0xC0, 0xC3, 0xF9,
                 ;0x51, 0xC0, 0x07, 0x00, 0x00, 0x00, 0x00, 0x00,
                 ;0x00, 0x00, 0x00, 0x00, 0x00, 0xC0, 0x03, 0x00,
                 ;0x04, 0xC0, 0x07, 0x00, 0x00, 0x00, 0x00, 0x00,
                 ;0x00, 0x00, 0x00, 0x00, 0x00, 0xE0, 0x07, 0x00,
                 ;0x00, 0xF0, 0x07, 0x00, 0x00, 0x00, 0x00, 0x00,
                 ;0x00, 0x00, 0x00, 0x00, 0x00, 0x80, 0x07, 0x00,
                 ;0x80, 0xF1, 0x03, 0x00, 0x00, 0x00, 0x00, 0x00,
                 ;0x00, 0x00, 0x00, 0x00, 0x00, 0x30, 0x0E, 0x00,
                 ;0x80, 0xF1, 0x03, 0x00, 0x00, 0x00, 0x00, 0x00,
                 ;0x00, 0x00, 0x00, 0x00, 0x00, 0x70, 0x06, 0x00,
                 ;0xE0, 0xE1, 0x00, 0x00, 0x00, 0x00, 0x00, 0x00,
                 ;0x00, 0x00, 0x00, 0x00, 0x00, 0xF8, 0x03, 0x00,
                 ;0xE0, 0x73, 0x00, 0x00, 0x00, 0x00, 0x00, 0x00,
                 ;0x00, 0x00, 0x00, 0x00, 0x00, 0xF8, 0x01, 0x00,
                 ;0xF0, 0x3F, 0x00, 0x00, 0x00, 0x00, 0x00, 0x00,
                 ;0x00, 0x00, 0x00, 0x00, 0x00, 0xF8, 0x00, 0x00,
                 ;0xF0, 0x3F, 0x00, 0x00, 0x00, 0x00, 0x00, 0x00,
                 ;0x00, 0x00, 0x00, 0x00, 0x00, 0x78, 0x00, 0x00,
                 ;0xF0, 0x0F, 0x00, 0x00, 0x00, 0x00, 0x00, 0x00,
                 ;0x00, 0x00, 0x00, 0x00, 0x00, 0x38, 0x00, 0x00,
                 ;0xF0, 0x07, 0x00, 0x00, 0x00, 0x00, 0x00, 0x00,
                 ;0x00, 0x00, 0x00, 0x00, 0x00, 0x18, 0x00, 0x00,
                 ;0xE0, 0x01, 0x00, 0x00, 0x00, 0x00, 0x00, 0x00,
                 ;0x00, 0x00, 0x00, 0x00, 0x00, 0x00, 0x00, 0x00,
                 ;0x00, 0x00, 0x00, 0x00, 0x00, 0x00, 0x00, 0x00,
                 ;0x00, 0x00, 0x00, 0x00, 0x00, 0x00, 0x00, 0x00,
                 ;0x00, 0x00, 0x00, 0x00, 0x00, 0x00, 0x00, 0x00,
                 ;0x00, 0x00, 0x00, 0x00, 0x00, 0x00, 0x00, 0x00,
                 ;0x00, 0x00, 0x00, 0x00, 0x00, 0x00, 0x00, 0x00,
                 ;0x00, 0x00, 0x00, 0x00, 0x00, 0x00, 0x00, 0x00,
                 ;0x00, 0x00, 0x00, 0x00, 0x00, 0x00, 0x00, 0x00,
                 ;0x00, 0x00, 0x00, 0x00, 0x00, 0x00, 0x00, 0x00,
                 ;0x00, 0x00, 0x00, 0x00, 0x00, 0x00, 0x00, 0x00,
                 ;0x00, 0x00, 0x00, 0x00, 0x00, 0x00, 0x00, 0x00,
                 ;0x00, 0x00, 0x00, 0x00, 0x00, 0x00, 0x00, 0x00,
                 ;0x00, 0x00, 0x00, 0x00, 0x00, 0x00, 0x00, 0x00,
                 ;0x00, 0x00, 0x00, 0x00, 0x00, 0x00, 0x00, 0x00,
                 ;0x00, 0x00, 0x00, 0x00, 0x00, 0x00, 0x00, 0x00,
                 ;0x00, 0x00, 0x00, 0x00, 0x00, 0x00, 0x00, 0x00,
                 ;0x00, 0x00, 0x00, 0x00, 0x00, 0x00, 0x00, 0x00,
                 ;0x00, 0x00, 0x00, 0x00, 0x00, 0x00, 0x00, 0x00,
                 ;0x00, 0x00, 0x00, 0x00, 0x00, 0x00, 0x00, 0x00,
                 ;0x00, 0x00, 0x00, 0x00, 0x00, 0x00, 0x00, 0x00,
                 ;0x00, 0x00, 0x00, 0x00, 0x00, 0x00, 0x00, 0x00,
                 ;0x00, 0x00, 0x00, 0x00, 0x00, 0x00, 0x00, 0x00,
                 ;#else
                 ;/* Image data for monochrome displays organized
                 ;   as rows of vertical bytes */
                 ;0x00, 0x00, 0x00, 0x00, 0x00, 0x00, 0x00, 0x00,
                 ;0x00, 0x00, 0x00, 0x00, 0x00, 0x00, 0x00, 0x00,
                 ;0x00, 0x00, 0x00, 0x00, 0x00, 0x00, 0x00, 0x00,
                 ;0x00, 0x00, 0x00, 0x00, 0x00, 0x00, 0x00, 0x00,
                 ;0x00, 0x00, 0x00, 0x00, 0x00, 0x00, 0x00, 0x00,
                 ;0x00, 0x00, 0x00, 0x00, 0x00, 0x00, 0x00, 0x00,
                 ;0x00, 0x00, 0x00, 0x00, 0x00, 0x00, 0x00, 0x00,
                 ;0x00, 0x00, 0x00, 0x00, 0x00, 0x00, 0x00, 0x00,
                 ;0x00, 0x00, 0x00, 0x00, 0x00, 0x00, 0x00, 0x00,
                 ;0x00, 0x00, 0x00, 0x00, 0x00, 0x00, 0x00, 0x00,
                 ;0x00, 0x00, 0x00, 0x00, 0x00, 0x00, 0x00, 0x00,
                 ;0x00, 0x00, 0x00, 0x00, 0x00, 0x00, 0x00, 0x00,
                 ;0x00, 0x00, 0x00, 0x00, 0x00, 0x00, 0x00, 0x00,
                 ;0x00, 0x00, 0x00, 0x00, 0x00, 0x00, 0x00, 0x00,
                 ;0x00, 0x00, 0x00, 0x00, 0x00, 0x00, 0x00, 0x00,
                 ;0x00, 0x00, 0x00, 0x00, 0x00, 0x00, 0x00, 0x00,
                 ;0x00, 0x00, 0x00, 0x00, 0x00, 0x00, 0x00, 0x00,
                 ;0x00, 0x00, 0x00, 0x00, 0x00, 0x00, 0x00, 0x00,
                 ;0x00, 0x00, 0x00, 0x00, 0x00, 0x00, 0x00, 0x00,
                 ;0x00, 0x00, 0x00, 0x00, 0x00, 0x00, 0x00, 0x00,
                 ;0x00, 0x00, 0x00, 0x00, 0x00, 0x00, 0x00, 0x00,
                 ;0x00, 0x00, 0x00, 0x00, 0x00, 0x00, 0x00, 0x00,
                 ;0x00, 0x00, 0x00, 0x00, 0x00, 0x00, 0x0E, 0x0E,
                 ;0x0E, 0x1E, 0x3E, 0xFF, 0xFF, 0xFF, 0xFF, 0xFD,
                 ;0x85, 0x0E, 0x32, 0x22, 0x02, 0x00, 0x00, 0x00,
                 ;0x10, 0x10, 0x20, 0x60, 0xF0, 0xF8, 0x00, 0x00,
                 ;0x00, 0x00, 0x00, 0x00, 0x00, 0x00, 0x00, 0x00,
                 ;0x00, 0x00, 0x00, 0x00, 0x00, 0x00, 0x00, 0x00,
                 ;0x00, 0x00, 0x00, 0x00, 0x00, 0x00, 0x00, 0x00,
                 ;0x00, 0x00, 0x00, 0x00, 0x00, 0x00, 0x00, 0x00,
                 ;0x00, 0x00, 0x00, 0x00, 0x00, 0x00, 0x00, 0x00,
                 ;0x00, 0x00, 0x00, 0x00, 0x00, 0x00, 0x00, 0x00,
                 ;0x00, 0x00, 0x00, 0x00, 0x00, 0x00, 0x00, 0x00,
                 ;0x00, 0x00, 0x00, 0x00, 0x00, 0x00, 0x00, 0x00,
                 ;0x00, 0x00, 0x00, 0x00, 0x00, 0x00, 0x00, 0x00,
                 ;0x00, 0x00, 0x00, 0x00, 0x00, 0x00, 0x00, 0x00,
                 ;0x00, 0x00, 0x00, 0x00, 0x00, 0x00, 0x00, 0x00,
                 ;0x00, 0x00, 0x00, 0x00, 0x00, 0x00, 0x00, 0x00,
                 ;0x00, 0x40, 0x60, 0x70, 0x78, 0x7C, 0x7C, 0xFE,
                 ;0xFE, 0xFE, 0xFF, 0xFF, 0xFF, 0xFF, 0xFF, 0xE0,
                 ;0x80, 0x80, 0x80, 0x00, 0x00, 0x00, 0x00, 0x00,
                 ;0x00, 0xF0, 0xE0, 0xC0, 0x00, 0x83, 0xF4, 0x00,
                 ;0x00, 0x00, 0x00, 0x00, 0x00, 0x00, 0x00, 0x00,
                 ;0x00, 0x00, 0x00, 0x00, 0x00, 0x00, 0x00, 0x00,
                 ;0x00, 0x00, 0x00, 0x00, 0x00, 0x00, 0x00, 0x00,
                 ;0x00, 0x00, 0x00, 0x00, 0x00, 0x00, 0x00, 0x00,
                 ;0x00, 0x00, 0x00, 0x00, 0x00, 0x00, 0x00, 0x00,
                 ;0x00, 0x00, 0x00, 0x00, 0x00, 0x00, 0x00, 0x00,
                 ;0x00, 0x00, 0x00, 0x00, 0x00, 0x00, 0x00, 0x00,
                 ;0x00, 0x00, 0x00, 0x00, 0x00, 0x00, 0x00, 0x00,
                 ;0x00, 0x00, 0x00, 0x00, 0x00, 0x00, 0x00, 0x00,
                 ;0x00, 0x00, 0x00, 0x00, 0x00, 0x00, 0x00, 0x00,
                 ;0x00, 0x00, 0x00, 0x00, 0x00, 0x00, 0x00, 0x00,
                 ;0x00, 0x00, 0x00, 0x00, 0x00, 0x00, 0x00, 0x00,
                 ;0x00, 0x00, 0x80, 0xC0, 0xF0, 0xF8, 0xF8, 0xFC,
                 ;0xFC, 0x7C, 0x3F, 0x3F, 0x3F, 0x7F, 0xFF, 0xFF,
                 ;0xFF, 0xE7, 0xC1, 0x81, 0x81, 0x80, 0x80, 0x80,
                 ;0x80, 0xE1, 0xE1, 0x68, 0x08, 0x0F, 0x08, 0x00,
                 ;0x00, 0x00, 0x00, 0x00, 0x00, 0x00, 0x00, 0x00,
                 ;0x00, 0x00, 0x00, 0x00, 0x00, 0x00, 0x00, 0x00,
                 ;0x00, 0x00, 0x00, 0x00, 0x00, 0x00, 0x00, 0x00,
                 ;0x00, 0x00, 0x00, 0x00, 0x00, 0x00, 0x00, 0x00,
                 ;0x00, 0x00, 0x00, 0x00, 0x00, 0x00, 0x00, 0x00,
                 ;0x00, 0x00, 0x00, 0x00, 0x00, 0x00, 0x00, 0x00,
                 ;0x00, 0x00, 0x00, 0x00, 0x00, 0x00, 0x00, 0x00,
                 ;0x00, 0x00, 0x00, 0x00, 0x00, 0x00, 0x00, 0x00,
                 ;0x00, 0x00, 0x00, 0x00, 0x00, 0x00, 0x00, 0x00,
                 ;0x00, 0x00, 0x00, 0x00, 0x00, 0x00, 0x00, 0x00,
                 ;0x00, 0x00, 0x00, 0x00, 0x00, 0x00, 0x00, 0x00,
                 ;0x00, 0x00, 0x00, 0x00, 0x00, 0x00, 0x08, 0x00,
                 ;0x00, 0x00, 0x00, 0x20, 0x00, 0x00, 0x40, 0x7A,
                 ;0x7A, 0x7E, 0xFF, 0xFF, 0xFF, 0xC7, 0xA3, 0x81,
                 ;0x41, 0xC1, 0xC3, 0xE3, 0x01, 0xE1, 0x01, 0x01,
                 ;0xC1, 0x00, 0x00, 0x00, 0x00, 0x00, 0x00, 0x00,
                 ;0x00, 0x80, 0x80, 0x00, 0x00, 0x00, 0x00, 0x00,
                 ;0x00, 0x00, 0x00, 0x00, 0x00, 0x00, 0x00, 0x00,
                 ;0x00, 0x00, 0x00, 0x00, 0x00, 0x00, 0x00, 0x00,
                 ;0x00, 0x00, 0x00, 0x00, 0x00, 0x00, 0x00, 0x00,
                 ;0x00, 0x00, 0x00, 0x00, 0x00, 0x00, 0x00, 0x00,
                 ;0x00, 0x00, 0x00, 0x00, 0x00, 0x00, 0x00, 0x00,
                 ;0x00, 0x00, 0x00, 0x00, 0x00, 0x00, 0x00, 0x00,
                 ;0x00, 0x00, 0x00, 0x00, 0x00, 0x00, 0x00, 0x00,
                 ;0x00, 0x00, 0x00, 0x00, 0x00, 0x00, 0x00, 0x00,
                 ;0x00, 0x00, 0x00, 0x00, 0x00, 0x00, 0x00, 0x00,
                 ;0x00, 0x00, 0x00, 0x00, 0x00, 0x00, 0x00, 0x00,
                 ;0x00, 0x00, 0x00, 0x80, 0xE0, 0xE8, 0xCE, 0x9E,
                 ;0x9F, 0xFF, 0x78, 0x20, 0x00, 0x00, 0x02, 0x02,
                 ;0x02, 0x00, 0x01, 0x03, 0x02, 0x02, 0x02, 0x02,
                 ;0x02, 0x01, 0x05, 0x00, 0x03, 0xC0, 0xC2, 0xF0,
                 ;0xF1, 0x80, 0x00, 0x00, 0xB8, 0xF8, 0xFE, 0x7E,
                 ;0x3F, 0x3F, 0x0F, 0x00, 0x00, 0x00, 0x00, 0x00,
                 ;0x00, 0x00, 0x00, 0x00, 0x00, 0x00, 0x00, 0x00,
                 ;0x00, 0x00, 0x00, 0x00, 0x00, 0x00, 0x00, 0x00,
                 ;0x00, 0x00, 0x00, 0x00, 0x00, 0x00, 0x00, 0x00,
                 ;0x00, 0x00, 0x00, 0x00, 0x00, 0x00, 0x00, 0x00,
                 ;0x00, 0x00, 0x00, 0x00, 0x00, 0x00, 0x00, 0x00,
                 ;0x00, 0x00, 0x00, 0x00, 0x00, 0x00, 0x00, 0x00,
                 ;0x00, 0x00, 0x00, 0x00, 0x00, 0x00, 0x00, 0x00,
                 ;0x00, 0x00, 0x00, 0x00, 0x00, 0x00, 0x00, 0x00,
                 ;0x00, 0x00, 0x00, 0x00, 0x00, 0x00, 0x00, 0x00,
                 ;0x00, 0x00, 0x00, 0x00, 0x00, 0x00, 0x00, 0x00,
                 ;0x00, 0x00, 0x00, 0x1F, 0x1F, 0x0F, 0x07, 0x03,
                 ;0x01, 0x00, 0x00, 0x00, 0x00, 0x00, 0x00, 0x00,
                 ;0x00, 0x00, 0x00, 0x00, 0x00, 0x00, 0x00, 0x00,
                 ;0x00, 0x00, 0x00, 0x00, 0x0F, 0x1F, 0x1F, 0x1F,
                 ;0x1F, 0x0F, 0x0F, 0x07, 0x03, 0x03, 0x00, 0x00,
                 ;0x00, 0x00, 0x00, 0x00, 0x00, 0x00, 0x00, 0x00,
                 ;0x00, 0x00, 0x00, 0x00, 0x00, 0x00, 0x00, 0x00,
                 ;0x00, 0x00, 0x00, 0x00, 0x00, 0x00, 0x00, 0x00,
                 ;0x00, 0x00, 0x00, 0x00, 0x00, 0x00, 0x00, 0x00,
                 ;0x00, 0x00, 0x00, 0x00, 0x00, 0x00, 0x00, 0x00,
                 ;0x00, 0x00, 0x00, 0x00, 0x00, 0x00, 0x00, 0x00,
                 ;0x00, 0x00, 0x00, 0x00, 0x00, 0x00, 0x00, 0x00,
                 ;0x00, 0x00, 0x00, 0x00, 0x00, 0x00, 0x00, 0x00,
                 ;0x00, 0x00, 0x00, 0x00, 0x00, 0x00, 0x00, 0x00,
                 ;0x00, 0x00, 0x00, 0x00, 0x00, 0x00, 0x00, 0x00,
                 ;0x00, 0x00, 0x00, 0x00, 0x00, 0x00, 0x00, 0x00,
                 ;0x00, 0x00, 0x00, 0x00, 0x00, 0x00, 0x00, 0x00,
                 ;0x00, 0x00, 0x00, 0x00, 0x00, 0x00, 0x00, 0x00,
                 ;0x00, 0x00, 0x00, 0x00, 0x00, 0x00, 0x00, 0x00,
                 ;0x00, 0x00, 0x00, 0x00, 0x00, 0x00, 0x00, 0x00,
                 ;0x00, 0x00, 0x00, 0x00, 0x00, 0x00, 0x00, 0x00,
                 ;0x00, 0x00, 0x00, 0x00, 0x00, 0x00, 0x00, 0x00,
                 ;0x00, 0x00, 0x00, 0x00, 0x00, 0x00, 0x00, 0x00,
                 ;0x00, 0x00, 0x00, 0x00, 0x00, 0x00, 0x00, 0x00,
                 ;0x00, 0x00, 0x00, 0x00, 0x00, 0x00, 0x00, 0x00,
                 ;0x00, 0x00, 0x00, 0x00, 0x00, 0x00, 0x00, 0x00,
                 ;0x00, 0x00, 0x00, 0x00, 0x00, 0x00, 0x00, 0x00,
                 ;#endif
                 ;};
                 ;
                 ;#include "frames/f12/f12.c"
                 ;/****************************************************************************
                 ;Image data created by the LCD Vision V1.05 font & image editor/converter
                 ;(C) Copyright 2011-2013 Pavel Haiduc, HP InfoTech s.r.l.
                 ;http://www.hpinfotech.com
                 ;
                 ;Graphic LCD controller: KS0108 128x64 CS1,CS2
                 ;Image width: 128 pixels
                 ;Image height: 64 pixels
                 ;Color depth: 1 bits/pixel
                 ;Imported image file name: f12.bmp
                 ;
                 ;Exported monochrome image data size:
                 ;1028 bytes for displays organized as horizontal rows of bytes
                 ;1028 bytes for displays organized as rows of vertical bytes.
                 ;****************************************************************************/
                 ;
                 ;flash unsigned char f12[]=
                 ;{
                 ;/* Image width: 128 pixels */
                 ;0x80, 0x00,
                 ;/* Image height: 64 pixels */
                 ;0x40, 0x00,
                 ;#ifndef _GLCD_DATA_BYTEY_
                 ;/* Image data for monochrome displays organized
                 ;   as horizontal rows of bytes */
                 ;0x00, 0x00, 0x00, 0x00, 0x00, 0x00, 0x00, 0x00,
                 ;0x00, 0x00, 0x00, 0x00, 0x00, 0x00, 0x00, 0x00,
                 ;0x00, 0x00, 0x00, 0x00, 0x00, 0x00, 0x00, 0x00,
                 ;0x00, 0x00, 0x00, 0x00, 0x00, 0x00, 0x00, 0x00,
                 ;0x00, 0x00, 0x00, 0x00, 0x00, 0x00, 0x00, 0x00,
                 ;0x00, 0x00, 0x00, 0x00, 0x00, 0x00, 0x00, 0x00,
                 ;0x00, 0x00, 0x00, 0x00, 0x00, 0x00, 0x00, 0x00,
                 ;0x00, 0x00, 0x00, 0x00, 0x00, 0x00, 0x00, 0x00,
                 ;0x00, 0x00, 0x00, 0x00, 0x00, 0x00, 0x00, 0x00,
                 ;0x00, 0x00, 0x00, 0x00, 0x00, 0x00, 0x00, 0x00,
                 ;0x00, 0x00, 0x00, 0x00, 0x00, 0x00, 0x00, 0x00,
                 ;0x00, 0x00, 0x00, 0x00, 0x00, 0x00, 0x00, 0x00,
                 ;0x00, 0x00, 0x00, 0x00, 0x00, 0x00, 0x00, 0x00,
                 ;0x00, 0x00, 0x00, 0x00, 0x00, 0x00, 0x00, 0x00,
                 ;0x00, 0x00, 0x00, 0x00, 0x00, 0x00, 0x00, 0x00,
                 ;0x00, 0x00, 0x00, 0x00, 0x00, 0x00, 0x00, 0x00,
                 ;0x00, 0x00, 0x00, 0x00, 0x00, 0x00, 0x00, 0xF8,
                 ;0x01, 0x00, 0x00, 0x00, 0x00, 0x00, 0x00, 0x00,
                 ;0x00, 0x00, 0x00, 0x00, 0x00, 0x00, 0xC0, 0x7F,
                 ;0x1E, 0x00, 0x00, 0x00, 0x00, 0x00, 0x00, 0x00,
                 ;0x00, 0x00, 0x00, 0x00, 0x00, 0x00, 0xC0, 0xFF,
                 ;0x03, 0x00, 0x00, 0x00, 0x00, 0x00, 0x00, 0x00,
                 ;0x00, 0x00, 0x00, 0x00, 0x00, 0x00, 0xC0, 0xFF,
                 ;0x42, 0x20, 0x00, 0x00, 0x00, 0x00, 0x00, 0x00,
                 ;0x00, 0x00, 0x00, 0x00, 0x00, 0x00, 0x00, 0xFE,
                 ;0x04, 0x33, 0x00, 0x00, 0x00, 0x00, 0x00, 0x00,
                 ;0x00, 0x00, 0x00, 0x00, 0x00, 0x00, 0x00, 0xFC,
                 ;0x0C, 0x3C, 0x00, 0x00, 0x00, 0x00, 0x00, 0x00,
                 ;0x00, 0x00, 0x00, 0x00, 0x00, 0x00, 0x00, 0xF8,
                 ;0x00, 0x38, 0x00, 0x00, 0x00, 0x00, 0x00, 0x00,
                 ;0x00, 0x00, 0x00, 0x00, 0x00, 0x00, 0x00, 0xF8,
                 ;0x01, 0x30, 0x00, 0x00, 0x00, 0x00, 0x00, 0x00,
                 ;0x00, 0x00, 0x00, 0x00, 0x00, 0x00, 0x00, 0x7C,
                 ;0x00, 0x20, 0x00, 0x00, 0x00, 0x00, 0x00, 0x00,
                 ;0x00, 0x00, 0x00, 0x00, 0x00, 0x00, 0x80, 0x7F,
                 ;0x00, 0x20, 0x00, 0x00, 0x00, 0x00, 0x00, 0x00,
                 ;0x00, 0x00, 0x00, 0x00, 0x00, 0x00, 0xE0, 0x7F,
                 ;0x00, 0x40, 0x00, 0x00, 0x00, 0x00, 0x00, 0x00,
                 ;0x00, 0x00, 0x00, 0x00, 0x00, 0x00, 0xF0, 0x7F,
                 ;0x00, 0x00, 0x00, 0x00, 0x00, 0x00, 0x00, 0x00,
                 ;0x00, 0x00, 0x00, 0x00, 0x00, 0x00, 0xF8, 0xFF,
                 ;0x00, 0x42, 0x00, 0x00, 0x00, 0x00, 0x00, 0x00,
                 ;0x00, 0x00, 0x00, 0x00, 0x00, 0x00, 0xFC, 0xFF,
                 ;0x00, 0x46, 0x00, 0x00, 0x00, 0x00, 0x00, 0x00,
                 ;0x00, 0x00, 0x00, 0x00, 0x00, 0x00, 0xFE, 0xFF,
                 ;0x00, 0x4E, 0x00, 0x00, 0x00, 0x00, 0x00, 0x00,
                 ;0x00, 0x00, 0x00, 0x00, 0x00, 0x00, 0x80, 0xFF,
                 ;0x07, 0x7E, 0x00, 0x00, 0x00, 0x00, 0x00, 0x00,
                 ;0x00, 0x00, 0x00, 0x00, 0x00, 0x00, 0x00, 0xFC,
                 ;0x1F, 0x26, 0x00, 0x00, 0x00, 0x00, 0x00, 0x00,
                 ;0x00, 0x00, 0x00, 0x00, 0x00, 0x00, 0x00, 0xFC,
                 ;0x03, 0x20, 0x00, 0x00, 0x00, 0x00, 0x00, 0x00,
                 ;0x00, 0x00, 0x00, 0x00, 0x00, 0x00, 0x80, 0xFF,
                 ;0x03, 0x20, 0x00, 0x00, 0x00, 0x00, 0x00, 0x00,
                 ;0x00, 0x00, 0x00, 0x00, 0x00, 0x00, 0xE0, 0xFF,
                 ;0x01, 0x78, 0x00, 0x00, 0x00, 0x00, 0x00, 0x00,
                 ;0x00, 0x00, 0x00, 0x00, 0x00, 0x00, 0xF0, 0xFF,
                 ;0x01, 0x00, 0x00, 0x00, 0x00, 0x00, 0x00, 0x00,
                 ;0x00, 0x00, 0x00, 0x00, 0x00, 0x00, 0xF0, 0xFF,
                 ;0x03, 0x0E, 0x00, 0x00, 0x00, 0x00, 0x00, 0x00,
                 ;0x00, 0x00, 0x00, 0x00, 0x00, 0x00, 0xF8, 0xFF,
                 ;0x07, 0x0E, 0x00, 0x00, 0x00, 0x00, 0x00, 0x00,
                 ;0x00, 0x00, 0x00, 0x00, 0x00, 0x00, 0xFC, 0xFF,
                 ;0xFF, 0x07, 0x00, 0x00, 0x00, 0x00, 0x00, 0x00,
                 ;0x00, 0x00, 0x00, 0x00, 0x00, 0x00, 0x00, 0xDC,
                 ;0xFF, 0x01, 0x00, 0x00, 0x00, 0x00, 0x00, 0x00,
                 ;0x00, 0x00, 0x00, 0x00, 0x00, 0x00, 0x00, 0x6C,
                 ;0x0C, 0x00, 0x00, 0x00, 0x00, 0x00, 0x00, 0x00,
                 ;0x00, 0x00, 0x00, 0x00, 0x00, 0x00, 0x00, 0x3C,
                 ;0x00, 0x00, 0x00, 0x00, 0x00, 0x00, 0x00, 0x00,
                 ;0x00, 0x00, 0x00, 0x00, 0x00, 0x00, 0x00, 0x1C,
                 ;0x00, 0x00, 0x00, 0x00, 0x00, 0x00, 0x00, 0x00,
                 ;0x00, 0x00, 0x00, 0x00, 0x00, 0x00, 0x00, 0x1C,
                 ;0x00, 0x00, 0x00, 0x00, 0x00, 0x00, 0x00, 0x00,
                 ;0x00, 0x00, 0x00, 0x00, 0x00, 0x00, 0x00, 0x5C,
                 ;0x08, 0x00, 0x00, 0x00, 0x00, 0x00, 0x00, 0x00,
                 ;0x00, 0x00, 0x00, 0x00, 0x00, 0x00, 0x04, 0x3F,
                 ;0x2F, 0x01, 0x00, 0x00, 0x00, 0x00, 0x00, 0x00,
                 ;0x00, 0x00, 0x00, 0x00, 0x00, 0x00, 0x04, 0xFF,
                 ;0x2F, 0x01, 0x00, 0x00, 0x00, 0x00, 0x00, 0x00,
                 ;0x00, 0x00, 0x00, 0x00, 0x00, 0x00, 0x0E, 0xFE,
                 ;0x17, 0x01, 0x00, 0x00, 0x00, 0x00, 0x00, 0x00,
                 ;0x00, 0x00, 0x00, 0x00, 0x00, 0x60, 0x9E, 0x3F,
                 ;0x5C, 0x00, 0x00, 0x00, 0x00, 0x00, 0x00, 0x00,
                 ;0x00, 0x00, 0x00, 0x00, 0x00, 0x70, 0x9C, 0x3F,
                 ;0x30, 0x00, 0x00, 0x00, 0x00, 0x00, 0x00, 0x00,
                 ;0x00, 0x00, 0x00, 0x00, 0x00, 0xF0, 0x9C, 0x0F,
                 ;0x00, 0x00, 0x00, 0x00, 0x00, 0x00, 0x00, 0x00,
                 ;0x00, 0x00, 0x00, 0x00, 0x00, 0xF0, 0x99, 0xC7,
                 ;0x00, 0x3C, 0x00, 0x00, 0x00, 0x00, 0x00, 0x00,
                 ;0x00, 0x00, 0x00, 0x00, 0x00, 0xF8, 0xCF, 0xC7,
                 ;0x00, 0x3F, 0x00, 0x00, 0x00, 0x00, 0x00, 0x00,
                 ;0x00, 0x00, 0x00, 0x00, 0x00, 0xF8, 0x03, 0x40,
                 ;0x80, 0x3F, 0x00, 0x00, 0x00, 0x00, 0x00, 0x00,
                 ;0x00, 0x00, 0x00, 0x00, 0x00, 0x78, 0x00, 0x40,
                 ;0xC2, 0x3F, 0x00, 0x00, 0x00, 0x00, 0x00, 0x00,
                 ;0x00, 0x00, 0x00, 0x00, 0x00, 0x00, 0x00, 0x40,
                 ;0xEF, 0x1F, 0x00, 0x00, 0x00, 0x00, 0x00, 0x00,
                 ;0x00, 0x00, 0x00, 0x00, 0x00, 0x00, 0x00, 0xC0,
                 ;0xE7, 0x0F, 0x00, 0x00, 0x00, 0x00, 0x00, 0x00,
                 ;0x00, 0x00, 0x00, 0x00, 0x00, 0x00, 0x00, 0x80,
                 ;0xF7, 0x07, 0x00, 0x00, 0x00, 0x00, 0x00, 0x00,
                 ;0x00, 0x00, 0x00, 0x00, 0x00, 0x00, 0x00, 0xC0,
                 ;0xF3, 0x03, 0x00, 0x00, 0x00, 0x00, 0x00, 0x00,
                 ;0x00, 0x00, 0x00, 0x00, 0x00, 0x00, 0x00, 0xC0,
                 ;0xFB, 0x01, 0x00, 0x00, 0x00, 0x00, 0x00, 0x00,
                 ;0x00, 0x00, 0x00, 0x00, 0x00, 0x00, 0x00, 0xC0,
                 ;0x3F, 0x00, 0x00, 0x00, 0x00, 0x00, 0x00, 0x00,
                 ;0x00, 0x00, 0x00, 0x00, 0x00, 0x00, 0x00, 0xC0,
                 ;0x3F, 0x00, 0x00, 0x00, 0x00, 0x00, 0x00, 0x00,
                 ;0x00, 0x00, 0x00, 0x00, 0x00, 0x00, 0x00, 0x00,
                 ;0x00, 0x00, 0x00, 0x00, 0x00, 0x00, 0x00, 0x00,
                 ;0x00, 0x00, 0x00, 0x00, 0x00, 0x00, 0x00, 0x00,
                 ;0x00, 0x00, 0x00, 0x00, 0x00, 0x00, 0x00, 0x00,
                 ;0x00, 0x00, 0x00, 0x00, 0x00, 0x00, 0x00, 0x00,
                 ;0x00, 0x00, 0x00, 0x00, 0x00, 0x00, 0x00, 0x00,
                 ;0x00, 0x00, 0x00, 0x00, 0x00, 0x00, 0x00, 0x00,
                 ;0x00, 0x00, 0x00, 0x00, 0x00, 0x00, 0x00, 0x00,
                 ;0x00, 0x00, 0x00, 0x00, 0x00, 0x00, 0x00, 0x00,
                 ;0x00, 0x00, 0x00, 0x00, 0x00, 0x00, 0x00, 0x00,
                 ;0x00, 0x00, 0x00, 0x00, 0x00, 0x00, 0x00, 0x00,
                 ;0x00, 0x00, 0x00, 0x00, 0x00, 0x00, 0x00, 0x00,
                 ;0x00, 0x00, 0x00, 0x00, 0x00, 0x00, 0x00, 0x00,
                 ;0x00, 0x00, 0x00, 0x00, 0x00, 0x00, 0x00, 0x00,
                 ;0x00, 0x00, 0x00, 0x00, 0x00, 0x00, 0x00, 0x00,
                 ;0x00, 0x00, 0x00, 0x00, 0x00, 0x00, 0x00, 0x00,
                 ;0x00, 0x00, 0x00, 0x00, 0x00, 0x00, 0x00, 0x00,
                 ;0x00, 0x00, 0x00, 0x00, 0x00, 0x00, 0x00, 0x00,
                 ;#else
                 ;/* Image data for monochrome displays organized
                 ;   as rows of vertical bytes */
                 ;0x00, 0x00, 0x00, 0x00, 0x00, 0x00, 0x00, 0x00,
                 ;0x00, 0x00, 0x00, 0x00, 0x00, 0x00, 0x00, 0x00,
                 ;0x00, 0x00, 0x00, 0x00, 0x00, 0x00, 0x00, 0x00,
                 ;0x00, 0x00, 0x00, 0x00, 0x00, 0x00, 0x00, 0x00,
                 ;0x00, 0x00, 0x00, 0x00, 0x00, 0x00, 0x00, 0x00,
                 ;0x00, 0x00, 0x00, 0x00, 0x00, 0x00, 0x00, 0x00,
                 ;0x00, 0x00, 0x00, 0x00, 0x00, 0x00, 0x00, 0x00,
                 ;0x00, 0x00, 0x00, 0x00, 0x00, 0x00, 0x00, 0x00,
                 ;0x00, 0x00, 0x00, 0x00, 0x00, 0x00, 0x00, 0x00,
                 ;0x00, 0x00, 0x00, 0x00, 0x00, 0x00, 0x00, 0x00,
                 ;0x00, 0x00, 0x00, 0x00, 0x00, 0x00, 0x00, 0x00,
                 ;0x00, 0x00, 0x00, 0x00, 0x00, 0x00, 0x00, 0x00,
                 ;0x00, 0x00, 0x00, 0x00, 0x00, 0x00, 0x00, 0x00,
                 ;0x00, 0x00, 0x00, 0x00, 0x00, 0x00, 0x00, 0x00,
                 ;0x00, 0x00, 0x00, 0x00, 0x00, 0x00, 0x00, 0x00,
                 ;0x00, 0x00, 0x00, 0x00, 0x00, 0x00, 0x00, 0x00,
                 ;0x00, 0x00, 0x00, 0x00, 0x00, 0x00, 0x00, 0x00,
                 ;0x00, 0x00, 0x00, 0x00, 0x00, 0x00, 0x00, 0x00,
                 ;0x00, 0x00, 0x00, 0x00, 0x00, 0x00, 0x00, 0x00,
                 ;0x00, 0x00, 0x00, 0x00, 0x00, 0x00, 0x00, 0x00,
                 ;0x00, 0x00, 0x00, 0x00, 0x00, 0x00, 0x00, 0x00,
                 ;0x00, 0x00, 0x00, 0x00, 0x00, 0x00, 0x00, 0x00,
                 ;0x00, 0x00, 0x00, 0x00, 0x00, 0x00, 0x0E, 0x0E,
                 ;0x0E, 0x1E, 0x3E, 0xFF, 0xFF, 0xFF, 0xFF, 0xFD,
                 ;0x85, 0x0E, 0x32, 0x22, 0x02, 0x00, 0x08, 0x00,
                 ;0x10, 0x10, 0x20, 0x60, 0xF0, 0xF8, 0x00, 0x00,
                 ;0x00, 0x00, 0x00, 0x00, 0x00, 0x00, 0x00, 0x00,
                 ;0x00, 0x00, 0x00, 0x00, 0x00, 0x00, 0x00, 0x00,
                 ;0x00, 0x00, 0x00, 0x00, 0x00, 0x00, 0x00, 0x00,
                 ;0x00, 0x00, 0x00, 0x00, 0x00, 0x00, 0x00, 0x00,
                 ;0x00, 0x00, 0x00, 0x00, 0x00, 0x00, 0x00, 0x00,
                 ;0x00, 0x00, 0x00, 0x00, 0x00, 0x00, 0x00, 0x00,
                 ;0x00, 0x00, 0x00, 0x00, 0x00, 0x00, 0x00, 0x00,
                 ;0x00, 0x00, 0x00, 0x00, 0x00, 0x00, 0x00, 0x00,
                 ;0x00, 0x00, 0x00, 0x00, 0x00, 0x00, 0x00, 0x00,
                 ;0x00, 0x00, 0x00, 0x00, 0x00, 0x00, 0x00, 0x00,
                 ;0x00, 0x00, 0x00, 0x00, 0x00, 0x00, 0x00, 0x00,
                 ;0x00, 0x00, 0x00, 0x00, 0x00, 0x00, 0x00, 0x00,
                 ;0x00, 0x40, 0x60, 0x70, 0x78, 0x7C, 0x7C, 0xFE,
                 ;0xFE, 0xFE, 0xFF, 0xFF, 0xFF, 0xFF, 0xFF, 0xF0,
                 ;0x80, 0x80, 0x80, 0x00, 0x00, 0x00, 0x00, 0x00,
                 ;0x00, 0xF0, 0xE0, 0xC0, 0x80, 0x83, 0xF4, 0x00,
                 ;0x00, 0x00, 0x00, 0x00, 0x00, 0x00, 0x00, 0x00,
                 ;0x00, 0x00, 0x00, 0x00, 0x00, 0x00, 0x00, 0x00,
                 ;0x00, 0x00, 0x00, 0x00, 0x00, 0x00, 0x00, 0x00,
                 ;0x00, 0x00, 0x00, 0x00, 0x00, 0x00, 0x00, 0x00,
                 ;0x00, 0x00, 0x00, 0x00, 0x00, 0x00, 0x00, 0x00,
                 ;0x00, 0x00, 0x00, 0x00, 0x00, 0x00, 0x00, 0x00,
                 ;0x00, 0x00, 0x00, 0x00, 0x00, 0x00, 0x00, 0x00,
                 ;0x00, 0x00, 0x00, 0x00, 0x00, 0x00, 0x00, 0x00,
                 ;0x00, 0x00, 0x00, 0x00, 0x00, 0x00, 0x00, 0x00,
                 ;0x00, 0x00, 0x00, 0x00, 0x00, 0x00, 0x00, 0x00,
                 ;0x00, 0x00, 0x00, 0x00, 0x00, 0x00, 0x00, 0x00,
                 ;0x00, 0x00, 0x00, 0x00, 0x00, 0x00, 0x00, 0x00,
                 ;0x00, 0x00, 0x80, 0xC0, 0xF0, 0xF8, 0xF8, 0xFC,
                 ;0xFC, 0xFC, 0xFF, 0xFF, 0xFF, 0xFF, 0xFF, 0xFF,
                 ;0xFF, 0xE7, 0xC1, 0x81, 0x81, 0x80, 0x80, 0x80,
                 ;0x80, 0xE1, 0xE1, 0x68, 0x08, 0x0F, 0x08, 0x00,
                 ;0x00, 0x00, 0x00, 0x00, 0x00, 0x00, 0x00, 0x00,
                 ;0x00, 0x00, 0x00, 0x00, 0x00, 0x00, 0x00, 0x00,
                 ;0x00, 0x00, 0x00, 0x00, 0x00, 0x00, 0x00, 0x00,
                 ;0x00, 0x00, 0x00, 0x00, 0x00, 0x00, 0x00, 0x00,
                 ;0x00, 0x00, 0x00, 0x00, 0x00, 0x00, 0x00, 0x00,
                 ;0x00, 0x00, 0x00, 0x00, 0x00, 0x00, 0x00, 0x00,
                 ;0x00, 0x00, 0x00, 0x00, 0x00, 0x00, 0x00, 0x00,
                 ;0x00, 0x00, 0x00, 0x00, 0x00, 0x00, 0x00, 0x00,
                 ;0x00, 0x00, 0x00, 0x00, 0x00, 0x00, 0x00, 0x00,
                 ;0x00, 0x00, 0x00, 0x00, 0x00, 0x00, 0x00, 0x00,
                 ;0x00, 0x00, 0x00, 0x00, 0x00, 0x00, 0x00, 0x00,
                 ;0x00, 0x00, 0x00, 0x00, 0x00, 0x00, 0x00, 0x00,
                 ;0x00, 0x00, 0xC0, 0x00, 0x00, 0x00, 0x00, 0x00,
                 ;0xC0, 0xC0, 0xFF, 0xFF, 0xFD, 0xC6, 0xA3, 0x81,
                 ;0xC1, 0xC1, 0xC3, 0xE3, 0x01, 0xC1, 0x01, 0x01,
                 ;0xC1, 0x00, 0x00, 0x00, 0x00, 0x00, 0x00, 0x00,
                 ;0x00, 0x00, 0x00, 0x00, 0x00, 0x00, 0x00, 0x00,
                 ;0x00, 0x00, 0x00, 0x00, 0x00, 0x00, 0x00, 0x00,
                 ;0x00, 0x00, 0x00, 0x00, 0x00, 0x00, 0x00, 0x00,
                 ;0x00, 0x00, 0x00, 0x00, 0x00, 0x00, 0x00, 0x00,
                 ;0x00, 0x00, 0x00, 0x00, 0x00, 0x00, 0x00, 0x00,
                 ;0x00, 0x00, 0x00, 0x00, 0x00, 0x00, 0x00, 0x00,
                 ;0x00, 0x00, 0x00, 0x00, 0x00, 0x00, 0x00, 0x00,
                 ;0x00, 0x00, 0x00, 0x00, 0x00, 0x00, 0x00, 0x00,
                 ;0x00, 0x00, 0x00, 0x00, 0x00, 0x00, 0x00, 0x00,
                 ;0x00, 0x00, 0x00, 0x00, 0x00, 0x00, 0x00, 0x00,
                 ;0x00, 0x00, 0x00, 0x00, 0x00, 0x00, 0x00, 0x00,
                 ;0x00, 0x00, 0x00, 0xE0, 0xFC, 0xFE, 0xFE, 0x78,
                 ;0x70, 0x63, 0x2F, 0x3F, 0x1E, 0x00, 0x20, 0x3E,
                 ;0x3E, 0x3F, 0x3F, 0x0F, 0x07, 0x07, 0xF1, 0x31,
                 ;0x01, 0x81, 0x03, 0x02, 0x07, 0x04, 0x82, 0xC0,
                 ;0xE1, 0xE0, 0xF0, 0xF0, 0xF0, 0xF0, 0x00, 0x00,
                 ;0x00, 0x00, 0x00, 0x00, 0x00, 0x00, 0x00, 0x00,
                 ;0x00, 0x00, 0x00, 0x00, 0x00, 0x00, 0x00, 0x00,
                 ;0x00, 0x00, 0x00, 0x00, 0x00, 0x00, 0x00, 0x00,
                 ;0x00, 0x00, 0x00, 0x00, 0x00, 0x00, 0x00, 0x00,
                 ;0x00, 0x00, 0x00, 0x00, 0x00, 0x00, 0x00, 0x00,
                 ;0x00, 0x00, 0x00, 0x00, 0x00, 0x00, 0x00, 0x00,
                 ;0x00, 0x00, 0x00, 0x00, 0x00, 0x00, 0x00, 0x00,
                 ;0x00, 0x00, 0x00, 0x00, 0x00, 0x00, 0x00, 0x00,
                 ;0x00, 0x00, 0x00, 0x00, 0x00, 0x00, 0x00, 0x00,
                 ;0x00, 0x00, 0x00, 0x00, 0x00, 0x00, 0x00, 0x00,
                 ;0x00, 0x00, 0x00, 0x00, 0x00, 0x00, 0x00, 0x00,
                 ;0x00, 0x00, 0x00, 0x00, 0x00, 0x00, 0x00, 0x00,
                 ;0x00, 0x00, 0x00, 0x00, 0x00, 0x00, 0x00, 0x00,
                 ;0x00, 0x00, 0x00, 0x00, 0x00, 0x00, 0x7B, 0x7E,
                 ;0x7F, 0x7F, 0x67, 0x71, 0x7C, 0x7F, 0x1F, 0x1F,
                 ;0x1F, 0x0F, 0x07, 0x03, 0x01, 0x00, 0x00, 0x00,
                 ;0x00, 0x00, 0x00, 0x00, 0x00, 0x00, 0x00, 0x00,
                 ;0x00, 0x00, 0x00, 0x00, 0x00, 0x00, 0x00, 0x00,
                 ;0x00, 0x00, 0x00, 0x00, 0x00, 0x00, 0x00, 0x00,
                 ;0x00, 0x00, 0x00, 0x00, 0x00, 0x00, 0x00, 0x00,
                 ;0x00, 0x00, 0x00, 0x00, 0x00, 0x00, 0x00, 0x00,
                 ;0x00, 0x00, 0x00, 0x00, 0x00, 0x00, 0x00, 0x00,
                 ;0x00, 0x00, 0x00, 0x00, 0x00, 0x00, 0x00, 0x00,
                 ;0x00, 0x00, 0x00, 0x00, 0x00, 0x00, 0x00, 0x00,
                 ;0x00, 0x00, 0x00, 0x00, 0x00, 0x00, 0x00, 0x00,
                 ;0x00, 0x00, 0x00, 0x00, 0x00, 0x00, 0x00, 0x00,
                 ;0x00, 0x00, 0x00, 0x00, 0x00, 0x00, 0x00, 0x00,
                 ;0x00, 0x00, 0x00, 0x00, 0x00, 0x00, 0x00, 0x00,
                 ;0x00, 0x00, 0x00, 0x00, 0x00, 0x00, 0x00, 0x00,
                 ;0x00, 0x00, 0x00, 0x00, 0x00, 0x00, 0x00, 0x00,
                 ;0x00, 0x00, 0x00, 0x00, 0x00, 0x00, 0x00, 0x00,
                 ;0x00, 0x00, 0x00, 0x00, 0x00, 0x00, 0x00, 0x00,
                 ;0x00, 0x00, 0x00, 0x00, 0x00, 0x00, 0x00, 0x00,
                 ;0x00, 0x00, 0x00, 0x00, 0x00, 0x00, 0x00, 0x00,
                 ;0x00, 0x00, 0x00, 0x00, 0x00, 0x00, 0x00, 0x00,
                 ;0x00, 0x00, 0x00, 0x00, 0x00, 0x00, 0x00, 0x00,
                 ;0x00, 0x00, 0x00, 0x00, 0x00, 0x00, 0x00, 0x00,
                 ;0x00, 0x00, 0x00, 0x00, 0x00, 0x00, 0x00, 0x00,
                 ;#endif
                 ;};
                 ;
                 ;#include <font5x7.h>
                 ;
                 ;void main(void)
                 ; 0000 002A {
                 
                 	.CSEG
                 _main:
                 ; .FSTART _main
                 ; 0000 002B     GLCDINIT_t glcd_init_data;
                 ; 0000 002C 
                 ; 0000 002D     // Port A initialization for GLCD data bus
                 ; 0000 002E     DDRA = 0xFF;
001970 9726      	SBIW R28,6
                 ;	glcd_init_data -> Y+0
001971 efef      	LDI  R30,LOW(255)
001972 bbea      	OUT  0x1A,R30
                 ; 0000 002F     PORTA = 0x00;
001973 e0e0      	LDI  R30,LOW(0)
001974 bbeb      	OUT  0x1B,R30
                 ; 0000 0030 
                 ; 0000 0031     // Port B initialization for GLCD control signals
                 ; 0000 0032     DDRB = (1<<DDB0) | (1<<DDB1) | (1<<DDB2) | (1<<DDB3) | (1<<DDB4) | (1<<DDB5);
001975 e3ef      	LDI  R30,LOW(63)
001976 bbe7      	OUT  0x17,R30
                 ; 0000 0033     PORTB = 0x00;
001977 e0e0      	LDI  R30,LOW(0)
001978 bbe8      	OUT  0x18,R30
                 ; 0000 0034 
                 ; 0000 0035     // Specify the current font for displaying text
                 ; 0000 0036     glcd_init_data.font = font5x7;
001979 e8e4      	LDI  R30,LOW(_font5x7*2)
00197a e3f0      	LDI  R31,HIGH(_font5x7*2)
00197b 83e8      	ST   Y,R30
00197c 83f9      	STD  Y+1,R31
                 ; 0000 0037     glcd_init_data.readxmem = NULL;
00197d e0e0      	LDI  R30,LOW(0)
00197e 83ea      	STD  Y+2,R30
00197f 83eb      	STD  Y+2+1,R30
                 ; 0000 0038     glcd_init_data.writexmem = NULL;
001980 83ec      	STD  Y+4,R30
001981 83ed      	STD  Y+4+1,R30
                 ; 0000 0039 
                 ; 0000 003A     glcd_init(&glcd_init_data);
001982 01de      	MOVW R26,R28
001983 d0be      	RCALL _glcd_init
                 ; 0000 003B 
                 ; 0000 003C     while (1)
                 _0x3:
                 ; 0000 003D     {
                 ; 0000 003E         //glcd_clear();
                 ; 0000 003F         glcd_putimagef(0, 0, f1, GLCD_PUTCOPY);
001984 940e 1dee 	CALL SUBOPT_0x0
001986 e5e4      	LDI  R30,LOW(_f1*2)
001987 e0f0      	LDI  R31,HIGH(_f1*2)
001988 940e 1df2 	CALL SUBOPT_0x1
                 ; 0000 0040         delay_ms(1);
                 ; 0000 0041 
                 ; 0000 0042         //glcd_clear();
                 ; 0000 0043         glcd_putimagef(0, 0, f2, GLCD_PUTCOPY);
00198a e5e8      	LDI  R30,LOW(_f2*2)
00198b e0f4      	LDI  R31,HIGH(_f2*2)
00198c 940e 1df2 	CALL SUBOPT_0x1
                 ; 0000 0044         delay_ms(1);
                 ; 0000 0045 
                 ; 0000 0046         //glcd_clear();
                 ; 0000 0047         glcd_putimagef(0, 0, f3, GLCD_PUTCOPY);
00198e e5ec      	LDI  R30,LOW(_f3*2)
00198f e0f8      	LDI  R31,HIGH(_f3*2)
001990 940e 1df2 	CALL SUBOPT_0x1
                 ; 0000 0048         delay_ms(1);
                 ; 0000 0049 
                 ; 0000 004A         //glcd_clear();
                 ; 0000 004B         glcd_putimagef(0, 0, f4, GLCD_PUTCOPY);
001992 e6e0      	LDI  R30,LOW(_f4*2)
001993 e0fc      	LDI  R31,HIGH(_f4*2)
001994 940e 1df2 	CALL SUBOPT_0x1
                 ; 0000 004C         delay_ms(1);
                 ; 0000 004D 
                 ; 0000 004E         //glcd_clear();
                 ; 0000 004F         glcd_putimagef(0, 0, f5, GLCD_PUTCOPY);
001996 e6e4      	LDI  R30,LOW(_f5*2)
001997 e1f0      	LDI  R31,HIGH(_f5*2)
001998 940e 1df2 	CALL SUBOPT_0x1
                 ; 0000 0050         delay_ms(1);
                 ; 0000 0051 
                 ; 0000 0052         //glcd_clear();
                 ; 0000 0053         glcd_putimagef(0, 0, f6, GLCD_PUTCOPY);
00199a e6e8      	LDI  R30,LOW(_f6*2)
00199b e1f4      	LDI  R31,HIGH(_f6*2)
00199c 940e 1df2 	CALL SUBOPT_0x1
                 ; 0000 0054         delay_ms(1);
                 ; 0000 0055 
                 ; 0000 0056         //glcd_clear();
                 ; 0000 0057         glcd_putimagef(0, 0, f7, GLCD_PUTCOPY);
00199e e6ec      	LDI  R30,LOW(_f7*2)
00199f e1f8      	LDI  R31,HIGH(_f7*2)
0019a0 940e 1df2 	CALL SUBOPT_0x1
                 ; 0000 0058         delay_ms(1);
                 ; 0000 0059 
                 ; 0000 005A         //glcd_clear();
                 ; 0000 005B         glcd_putimagef(0, 0, f8, GLCD_PUTCOPY);
0019a2 e7e0      	LDI  R30,LOW(_f8*2)
0019a3 e1fc      	LDI  R31,HIGH(_f8*2)
0019a4 940e 1df2 	CALL SUBOPT_0x1
                 ; 0000 005C         delay_ms(1);
                 ; 0000 005D 
                 ; 0000 005E         //glcd_clear();
                 ; 0000 005F         glcd_putimagef(0, 0, f9, GLCD_PUTCOPY);
0019a6 e7e4      	LDI  R30,LOW(_f9*2)
0019a7 e2f0      	LDI  R31,HIGH(_f9*2)
0019a8 940e 1df2 	CALL SUBOPT_0x1
                 ; 0000 0060         delay_ms(1);
                 ; 0000 0061 
                 ; 0000 0062         //glcd_clear();
                 ; 0000 0063         glcd_putimagef(0, 0, f10, GLCD_PUTCOPY);
0019aa e7e8      	LDI  R30,LOW(_f10*2)
0019ab e2f4      	LDI  R31,HIGH(_f10*2)
0019ac 940e 1df2 	CALL SUBOPT_0x1
                 ; 0000 0064         delay_ms(1);
                 ; 0000 0065 
                 ; 0000 0066         //glcd_clear();
                 ; 0000 0067         glcd_putimagef(0, 0, f11, GLCD_PUTCOPY);
0019ae e7ec      	LDI  R30,LOW(_f11*2)
0019af e2f8      	LDI  R31,HIGH(_f11*2)
0019b0 940e 1df2 	CALL SUBOPT_0x1
                 ; 0000 0068         delay_ms(1);
                 ; 0000 0069 
                 ; 0000 006A         //glcd_clear();
                 ; 0000 006B         glcd_putimagef(0, 0, f12, GLCD_PUTCOPY);
0019b2 e8e0      	LDI  R30,LOW(_f12*2)
0019b3 e2fc      	LDI  R31,HIGH(_f12*2)
0019b4 93fa      	ST   -Y,R31
0019b5 93ea      	ST   -Y,R30
0019b6 e0a0      	LDI  R26,LOW(0)
0019b7 940e 1d33 	CALL _glcd_putimagef
                 ; 0000 006C         delay_ms(1);
0019b9 e0a1      	LDI  R26,LOW(1)
0019ba e0b0      	LDI  R27,0
0019bb 940e 1e63 	CALL _delay_ms
                 ; 0000 006D     }
0019bd cfc6      	RJMP _0x3
                 ; 0000 006E }
                 _0x6:
0019be cfff      	RJMP _0x6
                 ; .FEND
                 	#ifndef __SLEEP_DEFINED__
                 	#endif
                 
                 	.CSEG
                 _ks0108_enable_G100:
                 ; .FSTART _ks0108_enable_G100
0019bf 0000      	nop
0019c0 9ac0      	SBI  0x18,0
0019c1 0000      	nop
0019c2 9508      	RET
                 ; .FEND
                 _ks0108_disable_G100:
                 ; .FSTART _ks0108_disable_G100
0019c3 98c0      	CBI  0x18,0
0019c4 98c4      	CBI  0x18,4
0019c5 98c5      	CBI  0x18,5
0019c6 9508      	RET
                 ; .FEND
                 _ks0108_rdbus_G100:
                 ; .FSTART _ks0108_rdbus_G100
0019c7 931a      	ST   -Y,R17
0019c8 dff6      	RCALL _ks0108_enable_G100
0019c9 b319      	IN   R17,25
0019ca 98c0      	CBI  0x18,0
0019cb 2fe1      	MOV  R30,R17
0019cc 9119      	LD   R17,Y+
0019cd 9508      	RET
                 ; .FEND
                 _ks0108_busy_G100:
                 ; .FSTART _ks0108_busy_G100
0019ce 93aa      	ST   -Y,R26
0019cf 931a      	ST   -Y,R17
0019d0 e0e0      	LDI  R30,LOW(0)
0019d1 bbea      	OUT  0x1A,R30
0019d2 9ac1      	SBI  0x18,1
0019d3 98c2      	CBI  0x18,2
0019d4 81e9      	LDD  R30,Y+1
0019d5 5fef      	SUBI R30,-LOW(1)
0019d6 2f1e      	MOV  R17,R30
0019d7 ff10      	SBRS R17,0
0019d8 c002      	RJMP _0x2000003
0019d9 9ac4      	SBI  0x18,4
0019da c001      	RJMP _0x2000004
                 _0x2000003:
0019db 98c4      	CBI  0x18,4
                 _0x2000004:
0019dc ff11      	SBRS R17,1
0019dd c002      	RJMP _0x2000005
0019de 9ac5      	SBI  0x18,5
0019df c001      	RJMP _0x2000006
                 _0x2000005:
0019e0 98c5      	CBI  0x18,5
                 _0x2000006:
                 _0x2000007:
0019e1 dfe5      	RCALL _ks0108_rdbus_G100
0019e2 78e0      	ANDI R30,LOW(0x80)
0019e3 f7e9      	BRNE _0x2000007
0019e4 8118      	LDD  R17,Y+0
0019e5 940c 1d86 	JMP  _0x2100003
                 ; .FEND
                 _ks0108_wrcmd_G100:
                 ; .FSTART _ks0108_wrcmd_G100
0019e7 93aa      	ST   -Y,R26
0019e8 81a9      	LDD  R26,Y+1
0019e9 dfe4      	RCALL _ks0108_busy_G100
0019ea 940e 1dfc 	CALL SUBOPT_0x2
0019ec 940c 1d86 	JMP  _0x2100003
                 ; .FEND
                 _ks0108_setloc_G100:
                 ; .FSTART _ks0108_setloc_G100
                +
0019ee 91e0 027e+LDS R30 , _ks0108_coord_G100 + ( 1 )
                 	__GETB1MN _ks0108_coord_G100,1
0019f0 93ea      	ST   -Y,R30
0019f1 91e0 027d 	LDS  R30,_ks0108_coord_G100
0019f3 73ef      	ANDI R30,LOW(0x3F)
0019f4 64e0      	ORI  R30,0x40
0019f5 2fae      	MOV  R26,R30
0019f6 dff0      	RCALL _ks0108_wrcmd_G100
                +
0019f7 91e0 027e+LDS R30 , _ks0108_coord_G100 + ( 1 )
                 	__GETB1MN _ks0108_coord_G100,1
0019f9 93ea      	ST   -Y,R30
                +
0019fa 91e0 027f+LDS R30 , _ks0108_coord_G100 + ( 2 )
                 	__GETB1MN _ks0108_coord_G100,2
0019fc 6be8      	ORI  R30,LOW(0xB8)
0019fd 2fae      	MOV  R26,R30
0019fe dfe8      	RCALL _ks0108_wrcmd_G100
0019ff 9508      	RET
                 ; .FEND
                 _ks0108_gotoxp_G100:
                 ; .FSTART _ks0108_gotoxp_G100
001a00 93aa      	ST   -Y,R26
001a01 81e9      	LDD  R30,Y+1
001a02 93e0 027d 	STS  _ks0108_coord_G100,R30
001a04 95e2      	SWAP R30
001a05 70ef      	ANDI R30,0xF
001a06 95e6      	LSR  R30
001a07 95e6      	LSR  R30
                +
001a08 93e0 027e+STS _ks0108_coord_G100 + ( 1 ) , R30
                 	__PUTB1MN _ks0108_coord_G100,1
001a0a 81e8      	LD   R30,Y
                +
001a0b 93e0 027f+STS _ks0108_coord_G100 + ( 2 ) , R30
                 	__PUTB1MN _ks0108_coord_G100,2
001a0d dfe0      	RCALL _ks0108_setloc_G100
001a0e 940c 1d86 	JMP  _0x2100003
                 ; .FEND
                 _ks0108_nextx_G100:
                 ; .FSTART _ks0108_nextx_G100
001a10 91a0 027d 	LDS  R26,_ks0108_coord_G100
001a12 5faf      	SUBI R26,-LOW(1)
001a13 93a0 027d 	STS  _ks0108_coord_G100,R26
001a15 38a0      	CPI  R26,LOW(0x80)
001a16 f018      	BRLO _0x200000A
001a17 e0e0      	LDI  R30,LOW(0)
001a18 93e0 027d 	STS  _ks0108_coord_G100,R30
                 _0x200000A:
001a1a 91e0 027d 	LDS  R30,_ks0108_coord_G100
001a1c 73ef      	ANDI R30,LOW(0x3F)
001a1d f431      	BRNE _0x200000B
001a1e 91e0 027d 	LDS  R30,_ks0108_coord_G100
001a20 93ea      	ST   -Y,R30
                +
001a21 91a0 027f+LDS R26 , _ks0108_coord_G100 + ( 2 )
                 	__GETB2MN _ks0108_coord_G100,2
001a23 dfdc      	RCALL _ks0108_gotoxp_G100
                 _0x200000B:
001a24 9508      	RET
                 ; .FEND
                 _ks0108_wrdata_G100:
                 ; .FSTART _ks0108_wrdata_G100
001a25 93aa      	ST   -Y,R26
                +
001a26 91a0 027e+LDS R26 , _ks0108_coord_G100 + ( 1 )
                 	__GETB2MN _ks0108_coord_G100,1
001a28 dfa5      	RCALL _ks0108_busy_G100
001a29 9ac2      	SBI  0x18,2
001a2a 940e 1dfc 	CALL SUBOPT_0x2
001a2c 9621      	ADIW R28,1
001a2d 9508      	RET
                 ; .FEND
                 _ks0108_rddata_G100:
                 ; .FSTART _ks0108_rddata_G100
                +
001a2e 91a0 027e+LDS R26 , _ks0108_coord_G100 + ( 1 )
                 	__GETB2MN _ks0108_coord_G100,1
001a30 df9d      	RCALL _ks0108_busy_G100
001a31 e0e0      	LDI  R30,LOW(0)
001a32 bbea      	OUT  0x1A,R30
001a33 9ac1      	SBI  0x18,1
001a34 9ac2      	SBI  0x18,2
001a35 df91      	RCALL _ks0108_rdbus_G100
001a36 9508      	RET
                 ; .FEND
                 _ks0108_rdbyte_G100:
                 ; .FSTART _ks0108_rdbyte_G100
001a37 93aa      	ST   -Y,R26
001a38 81e9      	LDD  R30,Y+1
001a39 93ea      	ST   -Y,R30
001a3a 81e9      	LDD  R30,Y+1
001a3b 940e 1e05 	CALL SUBOPT_0x3
001a3d dff0      	RCALL _ks0108_rddata_G100
001a3e dfaf      	RCALL _ks0108_setloc_G100
001a3f dfee      	RCALL _ks0108_rddata_G100
001a40 940c 1d86 	JMP  _0x2100003
                 ; .FEND
                 _glcd_init:
                 ; .FSTART _glcd_init
001a42 93ba      	ST   -Y,R27
001a43 93aa      	ST   -Y,R26
001a44 931a      	ST   -Y,R17
001a45 9ab8      	SBI  0x17,0
001a46 9ab9      	SBI  0x17,1
001a47 9aba      	SBI  0x17,2
001a48 9abb      	SBI  0x17,3
001a49 9ac3      	SBI  0x18,3
001a4a 9abc      	SBI  0x17,4
001a4b 9abd      	SBI  0x17,5
001a4c df76      	RCALL _ks0108_disable_G100
001a4d 98c3      	CBI  0x18,3
001a4e e6a4      	LDI  R26,LOW(100)
001a4f e0b0      	LDI  R27,0
001a50 940e 1e63 	CALL _delay_ms
001a52 9ac3      	SBI  0x18,3
001a53 e010      	LDI  R17,LOW(0)
                 _0x200000C:
001a54 3012      	CPI  R17,2
001a55 f440      	BRSH _0x200000E
001a56 931a      	ST   -Y,R17
001a57 e3af      	LDI  R26,LOW(63)
001a58 df8e      	RCALL _ks0108_wrcmd_G100
001a59 931a      	ST   -Y,R17
001a5a 9513      	INC  R17
001a5b eca0      	LDI  R26,LOW(192)
001a5c df8a      	RCALL _ks0108_wrcmd_G100
001a5d cff6      	RJMP _0x200000C
                 _0x200000E:
001a5e e0e1      	LDI  R30,LOW(1)
001a5f 93e0 0260 	STS  _glcd_state,R30
001a61 e0e0      	LDI  R30,LOW(0)
                +
001a62 93e0 0261+STS _glcd_state + ( 1 ) , R30
                 	__PUTB1MN _glcd_state,1
001a64 81e9      	LDD  R30,Y+1
001a65 81fa      	LDD  R31,Y+1+1
001a66 9730      	SBIW R30,0
001a67 f0a9      	BREQ _0x200000F
001a68 81a9      	LDD  R26,Y+1
001a69 81ba      	LDD  R27,Y+1+1
001a6a 940e 1ea5 	CALL __GETW1P
                +
001a6c 93e0 0264+STS _glcd_state + ( 4 ) , R30
001a6e 93f0 0265+STS _glcd_state + ( 4 ) + 1 , R31
                 	__PUTW1MN _glcd_state,4
001a70 9612      	ADIW R26,2
001a71 940e 1ea5 	CALL __GETW1P
                +
001a73 93e0 0279+STS _glcd_state + ( 25 ) , R30
001a75 93f0 027a+STS _glcd_state + ( 25 ) + 1 , R31
                 	__PUTW1MN _glcd_state,25
001a77 81a9      	LDD  R26,Y+1
001a78 81ba      	LDD  R27,Y+1+1
001a79 9614      	ADIW R26,4
001a7a 940e 1ea5 	CALL __GETW1P
001a7c c00a      	RJMP _0x20000AC
                 _0x200000F:
001a7d e0e0      	LDI  R30,LOW(0)
001a7e e0f0      	LDI  R31,HIGH(0)
                +
001a7f 93e0 0264+STS _glcd_state + ( 4 ) , R30
001a81 93f0 0265+STS _glcd_state + ( 4 ) + 1 , R31
                 	__PUTW1MN _glcd_state,4
                +
001a83 93e0 0279+STS _glcd_state + ( 25 ) , R30
001a85 93f0 027a+STS _glcd_state + ( 25 ) + 1 , R31
                 	__PUTW1MN _glcd_state,25
                 _0x20000AC:
                +
001a87 93e0 027b+STS _glcd_state + ( 27 ) , R30
001a89 93f0 027c+STS _glcd_state + ( 27 ) + 1 , R31
                 	__PUTW1MN _glcd_state,27
001a8b e0e1      	LDI  R30,LOW(1)
                +
001a8c 93e0 0266+STS _glcd_state + ( 6 ) , R30
                 	__PUTB1MN _glcd_state,6
                +
001a8e 93e0 0267+STS _glcd_state + ( 7 ) , R30
                 	__PUTB1MN _glcd_state,7
                +
001a90 93e0 0268+STS _glcd_state + ( 8 ) , R30
                 	__PUTB1MN _glcd_state,8
001a92 efef      	LDI  R30,LOW(255)
                +
001a93 93e0 0269+STS _glcd_state + ( 9 ) , R30
                 	__PUTB1MN _glcd_state,9
001a95 e0e1      	LDI  R30,LOW(1)
                +
001a96 93e0 0270+STS _glcd_state + ( 16 ) , R30
                 	__PUTB1MN _glcd_state,16
                +
001a98 e7e1     +LDI R30 , LOW ( _glcd_state + ( 17 ) )
001a99 e0f2     +LDI R31 , HIGH ( _glcd_state + ( 17 ) )
                 	__POINTW1MN _glcd_state,17
001a9a 93fa      	ST   -Y,R31
001a9b 93ea      	ST   -Y,R30
001a9c efef      	LDI  R30,LOW(255)
001a9d 93ea      	ST   -Y,R30
001a9e e0a8      	LDI  R26,LOW(8)
001a9f e0b0      	LDI  R27,0
001aa0 940e 1d6d 	CALL _memset
001aa2 d004      	RCALL _glcd_clear
001aa3 e0e1      	LDI  R30,LOW(1)
001aa4 8118      	LDD  R17,Y+0
001aa5 940c 1dcd 	JMP  _0x2100002
                 ; .FEND
                 _glcd_clear:
                 ; .FSTART _glcd_clear
001aa7 940e 1ecc 	CALL __SAVELOCR4
001aa9 e000      	LDI  R16,0
001aaa e030      	LDI  R19,0
                +
001aab 91e0 0261+LDS R30 , _glcd_state + ( 1 )
                 	__GETB1MN _glcd_state,1
001aad 30e0      	CPI  R30,0
001aae f009      	BREQ _0x2000015
001aaf ef0f      	LDI  R16,LOW(255)
                 _0x2000015:
                 _0x2000016:
001ab0 3038      	CPI  R19,8
001ab1 f478      	BRSH _0x2000018
001ab2 e0e0      	LDI  R30,LOW(0)
001ab3 93ea      	ST   -Y,R30
001ab4 2fa3      	MOV  R26,R19
001ab5 5f3f      	SUBI R19,-1
001ab6 df49      	RCALL _ks0108_gotoxp_G100
001ab7 e010      	LDI  R17,LOW(0)
                 _0x2000019:
001ab8 2fa1      	MOV  R26,R17
001ab9 5f1f      	SUBI R17,-1
001aba 38a0      	CPI  R26,LOW(0x80)
001abb f420      	BRSH _0x200001B
001abc 2fa0      	MOV  R26,R16
001abd 940e 1e0b 	CALL SUBOPT_0x4
001abf cff8      	RJMP _0x2000019
                 _0x200001B:
001ac0 cfef      	RJMP _0x2000016
                 _0x2000018:
001ac1 e0e0      	LDI  R30,LOW(0)
001ac2 93ea      	ST   -Y,R30
001ac3 e0a0      	LDI  R26,LOW(0)
001ac4 df3b      	RCALL _ks0108_gotoxp_G100
001ac5 e0e0      	LDI  R30,LOW(0)
001ac6 93ea      	ST   -Y,R30
001ac7 e0a0      	LDI  R26,LOW(0)
001ac8 d298      	RCALL _glcd_moveto
001ac9 940e 1ed3 	CALL __LOADLOCR4
001acb 940c 1dec 	JMP  _0x2100001
                 ; .FEND
                 _ks0108_wrmasked_G100:
                 ; .FSTART _ks0108_wrmasked_G100
001acd 93aa      	ST   -Y,R26
001ace 931a      	ST   -Y,R17
001acf 81ed      	LDD  R30,Y+5
001ad0 93ea      	ST   -Y,R30
001ad1 81ad      	LDD  R26,Y+5
001ad2 df64      	RCALL _ks0108_rdbyte_G100
001ad3 2f1e      	MOV  R17,R30
001ad4 df19      	RCALL _ks0108_setloc_G100
001ad5 81e9      	LDD  R30,Y+1
001ad6 30e7      	CPI  R30,LOW(0x7)
001ad7 f011      	BREQ _0x200002B
001ad8 30e8      	CPI  R30,LOW(0x8)
001ad9 f439      	BRNE _0x200002C
                 _0x200002B:
001ada 81eb      	LDD  R30,Y+3
001adb 93ea      	ST   -Y,R30
001adc 81aa      	LDD  R26,Y+2
001add 940e 1d88 	CALL _glcd_mappixcolor1bit
001adf 83eb      	STD  Y+3,R30
001ae0 c008      	RJMP _0x200002D
                 _0x200002C:
001ae1 30e3      	CPI  R30,LOW(0x3)
001ae2 f421      	BRNE _0x200002F
001ae3 81eb      	LDD  R30,Y+3
001ae4 95e0      	COM  R30
001ae5 83eb      	STD  Y+3,R30
001ae6 c002      	RJMP _0x2000030
                 _0x200002F:
001ae7 30e0      	CPI  R30,0
001ae8 f421      	BRNE _0x2000031
                 _0x2000030:
                 _0x200002D:
001ae9 81ea      	LDD  R30,Y+2
001aea 95e0      	COM  R30
001aeb 231e      	AND  R17,R30
001aec c002      	RJMP _0x2000032
                 _0x2000031:
001aed 30e2      	CPI  R30,LOW(0x2)
001aee f429      	BRNE _0x2000033
                 _0x2000032:
001aef 81ea      	LDD  R30,Y+2
001af0 81ab      	LDD  R26,Y+3
001af1 23ea      	AND  R30,R26
001af2 2b1e      	OR   R17,R30
001af3 c00e      	RJMP _0x2000029
                 _0x2000033:
001af4 30e1      	CPI  R30,LOW(0x1)
001af5 f429      	BRNE _0x2000034
001af6 81ea      	LDD  R30,Y+2
001af7 81ab      	LDD  R26,Y+3
001af8 23ea      	AND  R30,R26
001af9 271e      	EOR  R17,R30
001afa c007      	RJMP _0x2000029
                 _0x2000034:
001afb 30e4      	CPI  R30,LOW(0x4)
001afc f429      	BRNE _0x2000029
001afd 81ea      	LDD  R30,Y+2
001afe 95e0      	COM  R30
001aff 81ab      	LDD  R26,Y+3
001b00 2bea      	OR   R30,R26
001b01 231e      	AND  R17,R30
                 _0x2000029:
001b02 2fa1      	MOV  R26,R17
001b03 940e 1e0b 	CALL SUBOPT_0x4
001b05 8118      	LDD  R17,Y+0
001b06 9626      	ADIW R28,6
001b07 9508      	RET
                 ; .FEND
                 _glcd_block:
                 ; .FSTART _glcd_block
001b08 93aa      	ST   -Y,R26
001b09 9723      	SBIW R28,3
001b0a 940e 1eca 	CALL __SAVELOCR6
001b0c 89a8      	LDD  R26,Y+16
001b0d 38a0      	CPI  R26,LOW(0x80)
001b0e f448      	BRSH _0x2000037
001b0f 85af      	LDD  R26,Y+15
001b10 34a0      	CPI  R26,LOW(0x40)
001b11 f430      	BRSH _0x2000037
001b12 85ae      	LDD  R26,Y+14
001b13 30a0      	CPI  R26,LOW(0x0)
001b14 f019      	BREQ _0x2000037
001b15 85ad      	LDD  R26,Y+13
001b16 30a0      	CPI  R26,LOW(0x0)
001b17 f409      	BRNE _0x2000036
                 _0x2000037:
001b18 c1c8      	RJMP _0x2100005
                 _0x2000036:
001b19 85ee      	LDD  R30,Y+14
001b1a 87e8      	STD  Y+8,R30
001b1b 89a8      	LDD  R26,Y+16
001b1c 27bb      	CLR  R27
001b1d 85ee      	LDD  R30,Y+14
001b1e e0f0      	LDI  R31,0
001b1f 0fae      	ADD  R26,R30
001b20 1fbf      	ADC  R27,R31
001b21 38a1      	CPI  R26,LOW(0x81)
001b22 e0e0      	LDI  R30,HIGH(0x81)
001b23 07be      	CPC  R27,R30
001b24 f020      	BRLO _0x2000039
001b25 89a8      	LDD  R26,Y+16
001b26 e8e0      	LDI  R30,LOW(128)
001b27 1bea      	SUB  R30,R26
001b28 87ee      	STD  Y+14,R30
                 _0x2000039:
001b29 852d      	LDD  R18,Y+13
001b2a 85af      	LDD  R26,Y+15
001b2b 27bb      	CLR  R27
001b2c 85ed      	LDD  R30,Y+13
001b2d e0f0      	LDI  R31,0
001b2e 0fae      	ADD  R26,R30
001b2f 1fbf      	ADC  R27,R31
001b30 34a1      	CPI  R26,LOW(0x41)
001b31 e0e0      	LDI  R30,HIGH(0x41)
001b32 07be      	CPC  R27,R30
001b33 f020      	BRLO _0x200003A
001b34 85af      	LDD  R26,Y+15
001b35 e4e0      	LDI  R30,LOW(64)
001b36 1bea      	SUB  R30,R26
001b37 87ed      	STD  Y+13,R30
                 _0x200003A:
001b38 85a9      	LDD  R26,Y+9
001b39 30a6      	CPI  R26,LOW(0x6)
001b3a f009      	BREQ PC+2
001b3b c05b      	RJMP _0x200003B
001b3c 85ec      	LDD  R30,Y+12
001b3d 30e1      	CPI  R30,LOW(0x1)
001b3e f409      	BRNE _0x200003F
001b3f c1a1      	RJMP _0x2100005
                 _0x200003F:
001b40 30e3      	CPI  R30,LOW(0x3)
001b41 f439      	BRNE _0x2000042
                +
001b42 91e0 027b+LDS R30 , _glcd_state + ( 27 )
001b44 91f0 027c+LDS R31 , _glcd_state + ( 27 ) + 1
                 	__GETW1MN _glcd_state,27
001b46 9730      	SBIW R30,0
001b47 f409      	BRNE _0x2000041
001b48 c198      	RJMP _0x2100005
                 _0x2000041:
                 _0x2000042:
001b49 8508      	LDD  R16,Y+8
001b4a 85ed      	LDD  R30,Y+13
001b4b 95e6      	LSR  R30
001b4c 95e6      	LSR  R30
001b4d 95e6      	LSR  R30
001b4e 2f3e      	MOV  R19,R30
001b4f 2fe2      	MOV  R30,R18
001b50 70e7      	ANDI R30,LOW(0x7)
001b51 f419      	BRNE _0x2000044
001b52 85ad      	LDD  R26,Y+13
001b53 172a      	CP   R18,R26
001b54 f0e9      	BREQ _0x2000043
                 _0x2000044:
001b55 2fa0      	MOV  R26,R16
001b56 27bb      	CLR  R27
001b57 2fe3      	MOV  R30,R19
001b58 e0f0      	LDI  R31,0
001b59 940e 1e7d 	CALL __MULW12U
001b5b 85aa      	LDD  R26,Y+10
001b5c 85bb      	LDD  R27,Y+10+1
001b5d 940e 1e0f 	CALL SUBOPT_0x5
001b5f 9526      	LSR  R18
001b60 9526      	LSR  R18
001b61 9526      	LSR  R18
001b62 2f53      	MOV  R21,R19
                 _0x2000046:
001b63 935f      	PUSH R21
001b64 5f5f      	SUBI R21,-1
001b65 2fe2      	MOV  R30,R18
001b66 91af      	POP  R26
001b67 17ea      	CP   R30,R26
001b68 f048      	BRLO _0x2000048
001b69 2f10      	MOV  R17,R16
                 _0x2000049:
001b6a 2fe1      	MOV  R30,R17
001b6b 5011      	SUBI R17,1
001b6c 30e0      	CPI  R30,0
001b6d f019      	BREQ _0x200004B
001b6e 940e 1e14 	CALL SUBOPT_0x6
001b70 cff9      	RJMP _0x2000049
                 _0x200004B:
001b71 cff1      	RJMP _0x2000046
                 _0x2000048:
                 _0x2000043:
001b72 85ae      	LDD  R26,Y+14
001b73 170a      	CP   R16,R26
001b74 f111      	BREQ _0x200004C
001b75 85ee      	LDD  R30,Y+14
001b76 85aa      	LDD  R26,Y+10
001b77 85bb      	LDD  R27,Y+10+1
001b78 e0f0      	LDI  R31,0
001b79 940e 1e0f 	CALL SUBOPT_0x5
001b7b 85ed      	LDD  R30,Y+13
001b7c 70e7      	ANDI R30,LOW(0x7)
001b7d f009      	BREQ _0x200004D
001b7e 5f3f      	SUBI R19,-LOW(1)
                 _0x200004D:
001b7f e020      	LDI  R18,LOW(0)
                 _0x200004E:
001b80 932f      	PUSH R18
001b81 5f2f      	SUBI R18,-1
001b82 2fe3      	MOV  R30,R19
001b83 91af      	POP  R26
001b84 17ae      	CP   R26,R30
001b85 f488      	BRSH _0x2000050
001b86 851e      	LDD  R17,Y+14
                 _0x2000051:
001b87 931f      	PUSH R17
001b88 5f1f      	SUBI R17,-1
001b89 2fe0      	MOV  R30,R16
001b8a 91af      	POP  R26
001b8b 17ae      	CP   R26,R30
001b8c f418      	BRSH _0x2000053
001b8d 940e 1e14 	CALL SUBOPT_0x6
001b8f cff7      	RJMP _0x2000051
                 _0x2000053:
001b90 85ee      	LDD  R30,Y+14
001b91 81ae      	LDD  R26,Y+6
001b92 81bf      	LDD  R27,Y+6+1
001b93 e0f0      	LDI  R31,0
001b94 940e 1e0f 	CALL SUBOPT_0x5
001b96 cfe9      	RJMP _0x200004E
                 _0x2000050:
                 _0x200004C:
                 _0x200003B:
001b97 85ef      	LDD  R30,Y+15
001b98 70e7      	ANDI R30,LOW(0x7)
001b99 2f3e      	MOV  R19,R30
                 _0x2000054:
001b9a 85ed      	LDD  R30,Y+13
001b9b 30e0      	CPI  R30,0
001b9c f409      	BRNE PC+2
001b9d c143      	RJMP _0x2000056
001b9e 85ea      	LDD  R30,Y+10
001b9f 85fb      	LDD  R31,Y+10+1
001ba0 83ee      	STD  Y+6,R30
001ba1 83ff      	STD  Y+6+1,R31
001ba2 e010      	LDI  R17,LOW(0)
001ba3 8908      	LDD  R16,Y+16
001ba4 3030      	CPI  R19,0
001ba5 f009      	BREQ PC+2
001ba6 c065      	RJMP _0x2000057
001ba7 85ad      	LDD  R26,Y+13
001ba8 30a8      	CPI  R26,LOW(0x8)
001ba9 f408      	BRSH PC+2
001baa c05c      	RJMP _0x2000058
001bab 85e9      	LDD  R30,Y+9
001bac 30e0      	CPI  R30,0
001bad f011      	BREQ _0x200005D
001bae 30e3      	CPI  R30,LOW(0x3)
001baf f409      	BRNE _0x200005E
                 _0x200005D:
001bb0 c002      	RJMP _0x200005F
                 _0x200005E:
001bb1 30e7      	CPI  R30,LOW(0x7)
001bb2 f409      	BRNE _0x2000060
                 _0x200005F:
001bb3 c002      	RJMP _0x2000061
                 _0x2000060:
001bb4 30e8      	CPI  R30,LOW(0x8)
001bb5 f409      	BRNE _0x2000062
                 _0x2000061:
001bb6 c002      	RJMP _0x2000063
                 _0x2000062:
001bb7 30e6      	CPI  R30,LOW(0x6)
001bb8 f409      	BRNE _0x2000064
                 _0x2000063:
001bb9 c002      	RJMP _0x2000065
                 _0x2000064:
001bba 30e9      	CPI  R30,LOW(0x9)
001bbb f409      	BRNE _0x2000066
                 _0x2000065:
001bbc c002      	RJMP _0x2000067
                 _0x2000066:
001bbd 30ea      	CPI  R30,LOW(0xA)
001bbe f421      	BRNE _0x200005B
                 _0x2000067:
001bbf 930a      	ST   -Y,R16
001bc0 89e8      	LDD  R30,Y+16
001bc1 940e 1e05 	CALL SUBOPT_0x3
                 _0x200005B:
                 _0x2000069:
001bc3 931f      	PUSH R17
001bc4 5f1f      	SUBI R17,-1
001bc5 85ee      	LDD  R30,Y+14
001bc6 91af      	POP  R26
001bc7 17ae      	CP   R26,R30
001bc8 f5b8      	BRSH _0x200006B
001bc9 85a9      	LDD  R26,Y+9
001bca 30a6      	CPI  R26,LOW(0x6)
001bcb f461      	BRNE _0x200006C
001bcc de61      	RCALL _ks0108_rddata_G100
001bcd de20      	RCALL _ks0108_setloc_G100
001bce 940e 1e21 	CALL SUBOPT_0x7
001bd0 93fa      	ST   -Y,R31
001bd1 93ea      	ST   -Y,R30
001bd2 de5b      	RCALL _ks0108_rddata_G100
001bd3 2fae      	MOV  R26,R30
001bd4 940e 1dcf 	CALL _glcd_writemem
001bd6 de39      	RCALL _ks0108_nextx_G100
001bd7 c027      	RJMP _0x200006D
                 _0x200006C:
001bd8 85e9      	LDD  R30,Y+9
001bd9 30e9      	CPI  R30,LOW(0x9)
001bda f411      	BRNE _0x2000071
001bdb e050      	LDI  R21,LOW(0)
001bdc c00e      	RJMP _0x2000072
                 _0x2000071:
001bdd 30ea      	CPI  R30,LOW(0xA)
001bde f411      	BRNE _0x2000070
001bdf ef5f      	LDI  R21,LOW(255)
001be0 c00a      	RJMP _0x2000072
                 _0x2000070:
001be1 940e 1e21 	CALL SUBOPT_0x7
001be3 940e 1e2a 	CALL SUBOPT_0x8
001be5 2f5e      	MOV  R21,R30
001be6 85e9      	LDD  R30,Y+9
001be7 30e7      	CPI  R30,LOW(0x7)
001be8 f011      	BREQ _0x2000079
001be9 30e8      	CPI  R30,LOW(0x8)
001bea f421      	BRNE _0x200007A
                 _0x2000079:
                 _0x2000072:
001beb 940e 1e30 	CALL SUBOPT_0x9
001bed 2f5e      	MOV  R21,R30
001bee c006      	RJMP _0x200007B
                 _0x200007A:
001bef 30e3      	CPI  R30,LOW(0x3)
001bf0 f411      	BRNE _0x200007D
001bf1 9550      	COM  R21
001bf2 c002      	RJMP _0x200007E
                 _0x200007D:
001bf3 30e0      	CPI  R30,0
001bf4 f421      	BRNE _0x2000080
                 _0x200007E:
                 _0x200007B:
001bf5 2fa5      	MOV  R26,R21
001bf6 940e 1e0b 	CALL SUBOPT_0x4
001bf8 c006      	RJMP _0x2000077
                 _0x2000080:
001bf9 940e 1e34 	CALL SUBOPT_0xA
001bfb efef      	LDI  R30,LOW(255)
001bfc 93ea      	ST   -Y,R30
001bfd 85ad      	LDD  R26,Y+13
001bfe dece      	RCALL _ks0108_wrmasked_G100
                 _0x2000077:
                 _0x200006D:
001bff cfc3      	RJMP _0x2000069
                 _0x200006B:
001c00 85ef      	LDD  R30,Y+15
001c01 5fe8      	SUBI R30,-LOW(8)
001c02 87ef      	STD  Y+15,R30
001c03 85ed      	LDD  R30,Y+13
001c04 50e8      	SUBI R30,LOW(8)
001c05 87ed      	STD  Y+13,R30
001c06 c0d1      	RJMP _0x2000081
                 _0x2000058:
001c07 855d      	LDD  R21,Y+13
001c08 e020      	LDI  R18,LOW(0)
001c09 e0e0      	LDI  R30,LOW(0)
001c0a 87ed      	STD  Y+13,R30
001c0b c07a      	RJMP _0x2000082
                 _0x2000057:
001c0c 2fe3      	MOV  R30,R19
001c0d 85ad      	LDD  R26,Y+13
001c0e 0fae      	ADD  R26,R30
001c0f 30a9      	CPI  R26,LOW(0x9)
001c10 f420      	BRSH _0x2000083
001c11 852d      	LDD  R18,Y+13
001c12 e0e0      	LDI  R30,LOW(0)
001c13 87ed      	STD  Y+13,R30
001c14 c003      	RJMP _0x2000084
                 _0x2000083:
001c15 e0e8      	LDI  R30,LOW(8)
001c16 1be3      	SUB  R30,R19
001c17 2f2e      	MOV  R18,R30
                 _0x2000084:
001c18 933a      	ST   -Y,R19
001c19 2fa2      	MOV  R26,R18
001c1a 940e 1d7d 	CALL _glcd_getmask
001c1c 2f4e      	MOV  R20,R30
001c1d 85e9      	LDD  R30,Y+9
001c1e 30e6      	CPI  R30,LOW(0x6)
001c1f f4f1      	BRNE _0x2000088
                 _0x2000089:
001c20 931f      	PUSH R17
001c21 5f1f      	SUBI R17,-1
001c22 85ee      	LDD  R30,Y+14
001c23 91af      	POP  R26
001c24 17ae      	CP   R26,R30
001c25 f4b8      	BRSH _0x200008B
001c26 940e 1e3a 	CALL SUBOPT_0xB
001c28 2fae      	MOV  R26,R30
001c29 2fe3      	MOV  R30,R19
001c2a 940e 1e75 	CALL __LSRB12
001c2c 940e 1e41 	CALL SUBOPT_0xC
001c2e 2fe3      	MOV  R30,R19
001c2f 2fa4      	MOV  R26,R20
001c30 940e 1e75 	CALL __LSRB12
001c32 95e0      	COM  R30
001c33 21e1      	AND  R30,R1
001c34 2b5e      	OR   R21,R30
001c35 940e 1e21 	CALL SUBOPT_0x7
001c37 93fa      	ST   -Y,R31
001c38 93ea      	ST   -Y,R30
001c39 2fa5      	MOV  R26,R21
001c3a 940e 1dcf 	CALL _glcd_writemem
001c3c cfe3      	RJMP _0x2000089
                 _0x200008B:
001c3d c02c      	RJMP _0x2000087
                 _0x2000088:
001c3e 30e9      	CPI  R30,LOW(0x9)
001c3f f411      	BRNE _0x200008C
001c40 e050      	LDI  R21,LOW(0)
001c41 c003      	RJMP _0x200008D
                 _0x200008C:
001c42 30ea      	CPI  R30,LOW(0xA)
001c43 f4a9      	BRNE _0x2000093
001c44 ef5f      	LDI  R21,LOW(255)
                 _0x200008D:
001c45 940e 1e30 	CALL SUBOPT_0x9
001c47 2fae      	MOV  R26,R30
001c48 2fe3      	MOV  R30,R19
001c49 940e 1e6d 	CALL __LSLB12
001c4b 2f5e      	MOV  R21,R30
                 _0x2000090:
001c4c 931f      	PUSH R17
001c4d 5f1f      	SUBI R17,-1
001c4e 85ee      	LDD  R30,Y+14
001c4f 91af      	POP  R26
001c50 17ae      	CP   R26,R30
001c51 f430      	BRSH _0x2000092
001c52 940e 1e34 	CALL SUBOPT_0xA
001c54 934a      	ST   -Y,R20
001c55 e0a0      	LDI  R26,LOW(0)
001c56 de76      	RCALL _ks0108_wrmasked_G100
001c57 cff4      	RJMP _0x2000090
                 _0x2000092:
001c58 c011      	RJMP _0x2000087
                 _0x2000093:
                 _0x2000094:
001c59 931f      	PUSH R17
001c5a 5f1f      	SUBI R17,-1
001c5b 85ee      	LDD  R30,Y+14
001c5c 91af      	POP  R26
001c5d 17ae      	CP   R26,R30
001c5e f458      	BRSH _0x2000096
001c5f 940e 1e4c 	CALL SUBOPT_0xD
001c61 2fae      	MOV  R26,R30
001c62 2fe3      	MOV  R30,R19
001c63 940e 1e6d 	CALL __LSLB12
001c65 93ea      	ST   -Y,R30
001c66 934a      	ST   -Y,R20
001c67 85ad      	LDD  R26,Y+13
001c68 de64      	RCALL _ks0108_wrmasked_G100
001c69 cfef      	RJMP _0x2000094
                 _0x2000096:
                 _0x2000087:
001c6a 85ed      	LDD  R30,Y+13
001c6b 30e0      	CPI  R30,0
001c6c f409      	BRNE _0x2000097
001c6d c073      	RJMP _0x2000056
                 _0x2000097:
001c6e 85ad      	LDD  R26,Y+13
001c6f 30a8      	CPI  R26,LOW(0x8)
001c70 f428      	BRSH _0x2000098
001c71 85ed      	LDD  R30,Y+13
001c72 1be2      	SUB  R30,R18
001c73 2f5e      	MOV  R21,R30
001c74 e0e0      	LDI  R30,LOW(0)
001c75 c003      	RJMP _0x20000AD
                 _0x2000098:
001c76 2f53      	MOV  R21,R19
001c77 85ed      	LDD  R30,Y+13
001c78 50e8      	SUBI R30,LOW(8)
                 _0x20000AD:
001c79 87ed      	STD  Y+13,R30
001c7a e010      	LDI  R17,LOW(0)
001c7b 85ef      	LDD  R30,Y+15
001c7c 5fe8      	SUBI R30,-LOW(8)
001c7d 87ef      	STD  Y+15,R30
001c7e e0e8      	LDI  R30,LOW(8)
001c7f 1be3      	SUB  R30,R19
001c80 2f2e      	MOV  R18,R30
001c81 8908      	LDD  R16,Y+16
001c82 85ea      	LDD  R30,Y+10
001c83 85fb      	LDD  R31,Y+10+1
001c84 83ee      	STD  Y+6,R30
001c85 83ff      	STD  Y+6+1,R31
                 _0x2000082:
001c86 2fe5      	MOV  R30,R21
001c87 e0f0      	LDI  R31,0
001c88 59e8      	SUBI R30,LOW(-__glcd_mask*2)
001c89 4cfd      	SBCI R31,HIGH(-__glcd_mask*2)
001c8a 9144      	LPM  R20,Z
001c8b 85e9      	LDD  R30,Y+9
001c8c 30e6      	CPI  R30,LOW(0x6)
001c8d f4f1      	BRNE _0x200009D
                 _0x200009E:
001c8e 931f      	PUSH R17
001c8f 5f1f      	SUBI R17,-1
001c90 85ee      	LDD  R30,Y+14
001c91 91af      	POP  R26
001c92 17ae      	CP   R26,R30
001c93 f4b8      	BRSH _0x20000A0
001c94 940e 1e3a 	CALL SUBOPT_0xB
001c96 2fae      	MOV  R26,R30
001c97 2fe2      	MOV  R30,R18
001c98 940e 1e6d 	CALL __LSLB12
001c9a 940e 1e41 	CALL SUBOPT_0xC
001c9c 2fe2      	MOV  R30,R18
001c9d 2fa4      	MOV  R26,R20
001c9e 940e 1e6d 	CALL __LSLB12
001ca0 95e0      	COM  R30
001ca1 21e1      	AND  R30,R1
001ca2 2b5e      	OR   R21,R30
001ca3 940e 1e21 	CALL SUBOPT_0x7
001ca5 93fa      	ST   -Y,R31
001ca6 93ea      	ST   -Y,R30
001ca7 2fa5      	MOV  R26,R21
001ca8 940e 1dcf 	CALL _glcd_writemem
001caa cfe3      	RJMP _0x200009E
                 _0x20000A0:
001cab c02c      	RJMP _0x200009C
                 _0x200009D:
001cac 30e9      	CPI  R30,LOW(0x9)
001cad f411      	BRNE _0x20000A1
001cae e050      	LDI  R21,LOW(0)
001caf c003      	RJMP _0x20000A2
                 _0x20000A1:
001cb0 30ea      	CPI  R30,LOW(0xA)
001cb1 f4a9      	BRNE _0x20000A8
001cb2 ef5f      	LDI  R21,LOW(255)
                 _0x20000A2:
001cb3 940e 1e30 	CALL SUBOPT_0x9
001cb5 2fae      	MOV  R26,R30
001cb6 2fe2      	MOV  R30,R18
001cb7 940e 1e75 	CALL __LSRB12
001cb9 2f5e      	MOV  R21,R30
                 _0x20000A5:
001cba 931f      	PUSH R17
001cbb 5f1f      	SUBI R17,-1
001cbc 85ee      	LDD  R30,Y+14
001cbd 91af      	POP  R26
001cbe 17ae      	CP   R26,R30
001cbf f430      	BRSH _0x20000A7
001cc0 940e 1e34 	CALL SUBOPT_0xA
001cc2 934a      	ST   -Y,R20
001cc3 e0a0      	LDI  R26,LOW(0)
001cc4 de08      	RCALL _ks0108_wrmasked_G100
001cc5 cff4      	RJMP _0x20000A5
                 _0x20000A7:
001cc6 c011      	RJMP _0x200009C
                 _0x20000A8:
                 _0x20000A9:
001cc7 931f      	PUSH R17
001cc8 5f1f      	SUBI R17,-1
001cc9 85ee      	LDD  R30,Y+14
001cca 91af      	POP  R26
001ccb 17ae      	CP   R26,R30
001ccc f458      	BRSH _0x20000AB
001ccd 940e 1e4c 	CALL SUBOPT_0xD
001ccf 2fae      	MOV  R26,R30
001cd0 2fe2      	MOV  R30,R18
001cd1 940e 1e75 	CALL __LSRB12
001cd3 93ea      	ST   -Y,R30
001cd4 934a      	ST   -Y,R20
001cd5 85ad      	LDD  R26,Y+13
001cd6 ddf6      	RCALL _ks0108_wrmasked_G100
001cd7 cfef      	RJMP _0x20000A9
                 _0x20000AB:
                 _0x200009C:
                 _0x2000081:
001cd8 85e8      	LDD  R30,Y+8
001cd9 85aa      	LDD  R26,Y+10
001cda 85bb      	LDD  R27,Y+10+1
001cdb e0f0      	LDI  R31,0
001cdc 0fea      	ADD  R30,R26
001cdd 1ffb      	ADC  R31,R27
001cde 87ea      	STD  Y+10,R30
001cdf 87fb      	STD  Y+10+1,R31
001ce0 ceb9      	RJMP _0x2000054
                 _0x2000056:
                 _0x2100005:
001ce1 940e 1ed1 	CALL __LOADLOCR6
001ce3 9661      	ADIW R28,17
001ce4 9508      	RET
                 ; .FEND
                 
                 	.CSEG
                 _glcd_clipx:
                 ; .FSTART _glcd_clipx
001ce5 940e 1e59 	CALL SUBOPT_0xE
001ce7 f01c      	BRLT _0x2020003
001ce8 e0e0      	LDI  R30,LOW(0)
001ce9 e0f0      	LDI  R31,HIGH(0)
001cea c09b      	RJMP _0x2100003
                 _0x2020003:
001ceb 81a8      	LD   R26,Y
001cec 81b9      	LDD  R27,Y+1
001ced 38a0      	CPI  R26,LOW(0x80)
001cee e0e0      	LDI  R30,HIGH(0x80)
001cef 07be      	CPC  R27,R30
001cf0 f01c      	BRLT _0x2020004
001cf1 e7ef      	LDI  R30,LOW(127)
001cf2 e0f0      	LDI  R31,HIGH(127)
001cf3 c092      	RJMP _0x2100003
                 _0x2020004:
001cf4 81e8      	LD   R30,Y
001cf5 81f9      	LDD  R31,Y+1
001cf6 c08f      	RJMP _0x2100003
                 ; .FEND
                 _glcd_clipy:
                 ; .FSTART _glcd_clipy
001cf7 940e 1e59 	CALL SUBOPT_0xE
001cf9 f01c      	BRLT _0x2020005
001cfa e0e0      	LDI  R30,LOW(0)
001cfb e0f0      	LDI  R31,HIGH(0)
001cfc c089      	RJMP _0x2100003
                 _0x2020005:
001cfd 81a8      	LD   R26,Y
001cfe 81b9      	LDD  R27,Y+1
001cff 34a0      	CPI  R26,LOW(0x40)
001d00 e0e0      	LDI  R30,HIGH(0x40)
001d01 07be      	CPC  R27,R30
001d02 f01c      	BRLT _0x2020006
001d03 e3ef      	LDI  R30,LOW(63)
001d04 e0f0      	LDI  R31,HIGH(63)
001d05 c080      	RJMP _0x2100003
                 _0x2020006:
001d06 81e8      	LD   R30,Y
001d07 81f9      	LDD  R31,Y+1
001d08 c07d      	RJMP _0x2100003
                 ; .FEND
                 _glcd_imagesize:
                 ; .FSTART _glcd_imagesize
001d09 93aa      	ST   -Y,R26
001d0a 931a      	ST   -Y,R17
001d0b 81aa      	LDD  R26,Y+2
001d0c 38a0      	CPI  R26,LOW(0x80)
001d0d f418      	BRSH _0x2020008
001d0e 81a9      	LDD  R26,Y+1
001d0f 34a0      	CPI  R26,LOW(0x40)
001d10 f030      	BRLO _0x2020007
                 _0x2020008:
                +
001d11 e0e0     +LDI R30 , LOW ( 0x0 )
001d12 e0f0     +LDI R31 , HIGH ( 0x0 )
001d13 e060     +LDI R22 , BYTE3 ( 0x0 )
001d14 e070     +LDI R23 , BYTE4 ( 0x0 )
                 	__GETD1N 0x0
001d15 8118      	LDD  R17,Y+0
001d16 c0b6      	RJMP _0x2100002
                 _0x2020007:
001d17 81e9      	LDD  R30,Y+1
001d18 70e7      	ANDI R30,LOW(0x7)
001d19 2f1e      	MOV  R17,R30
001d1a 81e9      	LDD  R30,Y+1
001d1b 95e6      	LSR  R30
001d1c 95e6      	LSR  R30
001d1d 95e6      	LSR  R30
001d1e 83e9      	STD  Y+1,R30
001d1f 3010      	CPI  R17,0
001d20 f011      	BREQ _0x202000A
001d21 5fef      	SUBI R30,-LOW(1)
001d22 83e9      	STD  Y+1,R30
                 _0x202000A:
001d23 81aa      	LDD  R26,Y+2
001d24 27bb      	CLR  R27
001d25 2788      	CLR  R24
001d26 2799      	CLR  R25
001d27 81e9      	LDD  R30,Y+1
001d28 27ff      	CLR  R31
001d29 2766      	CLR  R22
001d2a 2777      	CLR  R23
001d2b 940e 1e85 	CALL __MULD12U
                +
001d2d 5fec     +SUBI R30 , LOW ( - 4 )
001d2e 4fff     +SBCI R31 , HIGH ( - 4 )
001d2f 4f6f     +SBCI R22 , BYTE3 ( - 4 )
001d30 4f7f     +SBCI R23 , BYTE4 ( - 4 )
                 	__ADDD1N 4
001d31 8118      	LDD  R17,Y+0
001d32 c09a      	RJMP _0x2100002
                 ; .FEND
                 _glcd_putimagef:
                 ; .FSTART _glcd_putimagef
001d33 93aa      	ST   -Y,R26
001d34 940e 1ecc 	CALL __SAVELOCR4
001d36 81ac      	LDD  R26,Y+4
001d37 30a5      	CPI  R26,LOW(0x5)
001d38 f500      	BRSH _0x2020038
001d39 81ed      	LDD  R30,Y+5
001d3a 81fe      	LDD  R31,Y+5+1
001d3b 9105      	LPM  R16,Z+
001d3c 940e 1e60 	CALL SUBOPT_0xF
001d3e 9115      	LPM  R17,Z+
001d3f 940e 1e60 	CALL SUBOPT_0xF
001d41 9125      	LPM  R18,Z+
001d42 940e 1e60 	CALL SUBOPT_0xF
001d44 9135      	LPM  R19,Z+
001d45 83ed      	STD  Y+5,R30
001d46 83fe      	STD  Y+5+1,R31
001d47 85e8      	LDD  R30,Y+8
001d48 93ea      	ST   -Y,R30
001d49 85e8      	LDD  R30,Y+8
001d4a 93ea      	ST   -Y,R30
001d4b 930a      	ST   -Y,R16
001d4c 932a      	ST   -Y,R18
001d4d e0e1      	LDI  R30,LOW(1)
001d4e 93ea      	ST   -Y,R30
001d4f 85ea      	LDD  R30,Y+10
001d50 85fb      	LDD  R31,Y+10+1
001d51 93fa      	ST   -Y,R31
001d52 93ea      	ST   -Y,R30
001d53 85ab      	LDD  R26,Y+11
001d54 ddb3      	RCALL _glcd_block
001d55 930a      	ST   -Y,R16
001d56 2fa2      	MOV  R26,R18
001d57 dfb1      	RCALL _glcd_imagesize
001d58 c004      	RJMP _0x2100004
                 _0x2020038:
                +
001d59 e0e0     +LDI R30 , LOW ( 0x0 )
001d5a e0f0     +LDI R31 , HIGH ( 0x0 )
001d5b e060     +LDI R22 , BYTE3 ( 0x0 )
001d5c e070     +LDI R23 , BYTE4 ( 0x0 )
                 	__GETD1N 0x0
                 _0x2100004:
001d5d 940e 1ed3 	CALL __LOADLOCR4
001d5f 9629      	ADIW R28,9
001d60 9508      	RET
                 ; .FEND
                 _glcd_moveto:
                 ; .FSTART _glcd_moveto
001d61 93aa      	ST   -Y,R26
001d62 81a9      	LDD  R26,Y+1
001d63 27bb      	CLR  R27
001d64 df80      	RCALL _glcd_clipx
                +
001d65 93e0 0262+STS _glcd_state + ( 2 ) , R30
                 	__PUTB1MN _glcd_state,2
001d67 81a8      	LD   R26,Y
001d68 27bb      	CLR  R27
001d69 df8d      	RCALL _glcd_clipy
                +
001d6a 93e0 0263+STS _glcd_state + ( 3 ) , R30
                 	__PUTB1MN _glcd_state,3
001d6c c019      	RJMP _0x2100003
                 ; .FEND
                 
                 	.CSEG
                 _memset:
                 ; .FSTART _memset
001d6d 93ba      	ST   -Y,R27
001d6e 93aa      	ST   -Y,R26
001d6f 81b9          ldd  r27,y+1
001d70 81a8          ld   r26,y
001d71 9610          adiw r26,0
001d72 f031          breq memset1
001d73 81fc          ldd  r31,y+4
001d74 81eb          ldd  r30,y+3
001d75 816a          ldd  r22,y+2
                 memset0:
001d76 9361          st   z+,r22
001d77 9711          sbiw r26,1
001d78 f7e9          brne memset0
                 memset1:
001d79 81eb          ldd  r30,y+3
001d7a 81fc          ldd  r31,y+4
001d7b 9625      	ADIW R28,5
001d7c 9508      	RET
                 ; .FEND
                 
                 	.CSEG
                 _glcd_getmask:
                 ; .FSTART _glcd_getmask
001d7d 93aa      	ST   -Y,R26
001d7e 81e8      	LD   R30,Y
001d7f e0f0      	LDI  R31,0
001d80 59e8      	SUBI R30,LOW(-__glcd_mask*2)
001d81 4cfd      	SBCI R31,HIGH(-__glcd_mask*2)
001d82 91a4      	LPM  R26,Z
001d83 81e9      	LDD  R30,Y+1
001d84 940e 1e6d 	CALL __LSLB12
                 _0x2100003:
001d86 9622      	ADIW R28,2
001d87 9508      	RET
                 ; .FEND
                 _glcd_mappixcolor1bit:
                 ; .FSTART _glcd_mappixcolor1bit
001d88 93aa      	ST   -Y,R26
001d89 931a      	ST   -Y,R17
001d8a 81e9      	LDD  R30,Y+1
001d8b 30e7      	CPI  R30,LOW(0x7)
001d8c f011      	BREQ _0x2080007
001d8d 30ea      	CPI  R30,LOW(0xA)
001d8e f419      	BRNE _0x2080008
                 _0x2080007:
001d8f 9110 0260 	LDS  R17,_glcd_state
001d91 c009      	RJMP _0x2080009
                 _0x2080008:
001d92 30e9      	CPI  R30,LOW(0x9)
001d93 f419      	BRNE _0x208000B
                +
001d94 9110 0261+LDS R17 , _glcd_state + ( 1 )
                 	__GETBRMN 17,_glcd_state,1
001d96 c004      	RJMP _0x2080009
                 _0x208000B:
001d97 30e8      	CPI  R30,LOW(0x8)
001d98 f4a1      	BRNE _0x2080005
                +
001d99 9110 0270+LDS R17 , _glcd_state + ( 16 )
                 	__GETBRMN 17,_glcd_state,16
                 _0x2080009:
                +
001d9b 91e0 0261+LDS R30 , _glcd_state + ( 1 )
                 	__GETB1MN _glcd_state,1
001d9d 30e0      	CPI  R30,0
001d9e f049      	BREQ _0x208000E
001d9f 3010      	CPI  R17,0
001da0 f019      	BREQ _0x208000F
001da1 efef      	LDI  R30,LOW(255)
001da2 8118      	LDD  R17,Y+0
001da3 c029      	RJMP _0x2100002
                 _0x208000F:
001da4 81ea      	LDD  R30,Y+2
001da5 95e0      	COM  R30
001da6 8118      	LDD  R17,Y+0
001da7 c025      	RJMP _0x2100002
                 _0x208000E:
001da8 3010      	CPI  R17,0
001da9 f419      	BRNE _0x2080011
001daa e0e0      	LDI  R30,LOW(0)
001dab 8118      	LDD  R17,Y+0
001dac c020      	RJMP _0x2100002
                 _0x2080011:
                 _0x2080005:
001dad 81ea      	LDD  R30,Y+2
001dae 8118      	LDD  R17,Y+0
001daf c01d      	RJMP _0x2100002
                 ; .FEND
                 _glcd_readmem:
                 ; .FSTART _glcd_readmem
001db0 93ba      	ST   -Y,R27
001db1 93aa      	ST   -Y,R26
001db2 81ea      	LDD  R30,Y+2
001db3 30e1      	CPI  R30,LOW(0x1)
001db4 f421      	BRNE _0x2080015
001db5 81e8      	LD   R30,Y
001db6 81f9      	LDD  R31,Y+1
001db7 91e4      	LPM  R30,Z
001db8 c014      	RJMP _0x2100002
                 _0x2080015:
001db9 30e2      	CPI  R30,LOW(0x2)
001dba f429      	BRNE _0x2080016
001dbb 81a8      	LD   R26,Y
001dbc 81b9      	LDD  R27,Y+1
001dbd 940e 1ea9 	CALL __EEPROMRDB
001dbf c00d      	RJMP _0x2100002
                 _0x2080016:
001dc0 30e3      	CPI  R30,LOW(0x3)
001dc1 f441      	BRNE _0x2080018
001dc2 81a8      	LD   R26,Y
001dc3 81b9      	LDD  R27,Y+1
                +
001dc4 91e0 0279+LDS R30 , _glcd_state + ( 25 )
001dc6 91f0 027a+LDS R31 , _glcd_state + ( 25 ) + 1
001dc8 9509     +ICALL
                 	__CALL1MN _glcd_state,25
001dc9 c003      	RJMP _0x2100002
                 _0x2080018:
001dca 81a8      	LD   R26,Y
001dcb 81b9      	LDD  R27,Y+1
001dcc 91ec      	LD   R30,X
                 _0x2100002:
001dcd 9623      	ADIW R28,3
001dce 9508      	RET
                 ; .FEND
                 _glcd_writemem:
                 ; .FSTART _glcd_writemem
001dcf 93aa      	ST   -Y,R26
001dd0 81eb      	LDD  R30,Y+3
001dd1 30e0      	CPI  R30,0
001dd2 f429      	BRNE _0x208001C
001dd3 81e8      	LD   R30,Y
001dd4 81a9      	LDD  R26,Y+1
001dd5 81ba      	LDD  R27,Y+1+1
001dd6 93ec      	ST   X,R30
001dd7 c014      	RJMP _0x208001B
                 _0x208001C:
001dd8 30e2      	CPI  R30,LOW(0x2)
001dd9 f431      	BRNE _0x208001D
001dda 81e8      	LD   R30,Y
001ddb 81a9      	LDD  R26,Y+1
001ddc 81ba      	LDD  R27,Y+1+1
001ddd 940e 1eb5 	CALL __EEPROMWRB
001ddf c00c      	RJMP _0x208001B
                 _0x208001D:
001de0 30e3      	CPI  R30,LOW(0x3)
001de1 f451      	BRNE _0x208001B
001de2 81e9      	LDD  R30,Y+1
001de3 81fa      	LDD  R31,Y+1+1
001de4 93fa      	ST   -Y,R31
001de5 93ea      	ST   -Y,R30
001de6 81aa      	LDD  R26,Y+2
                +
001de7 91e0 027b+LDS R30 , _glcd_state + ( 27 )
001de9 91f0 027c+LDS R31 , _glcd_state + ( 27 ) + 1
001deb 9509     +ICALL
                 	__CALL1MN _glcd_state,27
                 _0x208001B:
                 _0x2100001:
001dec 9624      	ADIW R28,4
001ded 9508      	RET
                 ; .FEND
                 
                 	.CSEG
                 
                 	.CSEG
                 
                 	.DSEG
                 
                 	.CSEG
                 
                 	.CSEG
                 
                 	.DSEG
                 _glcd_state:
000260           	.BYTE 0x1D
                 _ks0108_coord_G100:
00027d           	.BYTE 0x3
                 __seed_G106:
000280           	.BYTE 0x4
                 
                 	.CSEG
                 ;OPTIMIZER ADDED SUBROUTINE, CALLED 12 TIMES, CODE SIZE REDUCTION:19 WORDS
                 SUBOPT_0x0:
001dee e0e0      	LDI  R30,LOW(0)
001def 93ea      	ST   -Y,R30
001df0 93ea      	ST   -Y,R30
001df1 9508      	RET
                 
                 ;OPTIMIZER ADDED SUBROUTINE, CALLED 11 TIMES, CODE SIZE REDUCTION:87 WORDS
                 SUBOPT_0x1:
001df2 93fa      	ST   -Y,R31
001df3 93ea      	ST   -Y,R30
001df4 e0a0      	LDI  R26,LOW(0)
001df5 940e 1d33 	CALL _glcd_putimagef
001df7 e0a1      	LDI  R26,LOW(1)
001df8 e0b0      	LDI  R27,0
001df9 940e 1e63 	CALL _delay_ms
001dfb cff2      	RJMP SUBOPT_0x0
                 
                 ;OPTIMIZER ADDED SUBROUTINE, CALLED 2 TIMES, CODE SIZE REDUCTION:4 WORDS
                 SUBOPT_0x2:
001dfc 98c1      	CBI  0x18,1
001dfd efef      	LDI  R30,LOW(255)
001dfe bbea      	OUT  0x1A,R30
001dff 81e8      	LD   R30,Y
001e00 bbeb      	OUT  0x1B,R30
001e01 940e 19bf 	CALL _ks0108_enable_G100
001e03 940c 19c3 	JMP  _ks0108_disable_G100
                 
                 ;OPTIMIZER ADDED SUBROUTINE, CALLED 2 TIMES, CODE SIZE REDUCTION:1 WORDS
                 SUBOPT_0x3:
001e05 95e6      	LSR  R30
001e06 95e6      	LSR  R30
001e07 95e6      	LSR  R30
001e08 2fae      	MOV  R26,R30
001e09 940c 1a00 	JMP  _ks0108_gotoxp_G100
                 
                 ;OPTIMIZER ADDED SUBROUTINE, CALLED 3 TIMES, CODE SIZE REDUCTION:1 WORDS
                 SUBOPT_0x4:
001e0b 940e 1a25 	CALL _ks0108_wrdata_G100
001e0d 940c 1a10 	JMP  _ks0108_nextx_G100
                 
                 ;OPTIMIZER ADDED SUBROUTINE, CALLED 3 TIMES, CODE SIZE REDUCTION:1 WORDS
                 SUBOPT_0x5:
001e0f 0fea      	ADD  R30,R26
001e10 1ffb      	ADC  R31,R27
001e11 83ee      	STD  Y+6,R30
001e12 83ff      	STD  Y+6+1,R31
001e13 9508      	RET
                 
                 ;OPTIMIZER ADDED SUBROUTINE, CALLED 2 TIMES, CODE SIZE REDUCTION:8 WORDS
                 SUBOPT_0x6:
001e14 85ec      	LDD  R30,Y+12
001e15 93ea      	ST   -Y,R30
001e16 81ef      	LDD  R30,Y+7
001e17 85f8      	LDD  R31,Y+7+1
001e18 9631      	ADIW R30,1
001e19 83ef      	STD  Y+7,R30
001e1a 87f8      	STD  Y+7+1,R31
001e1b 9731      	SBIW R30,1
001e1c 93fa      	ST   -Y,R31
001e1d 93ea      	ST   -Y,R30
001e1e e0a0      	LDI  R26,LOW(0)
001e1f 940c 1dcf 	JMP  _glcd_writemem
                 
                 ;OPTIMIZER ADDED SUBROUTINE, CALLED 4 TIMES, CODE SIZE REDUCTION:15 WORDS
                 SUBOPT_0x7:
001e21 85ec      	LDD  R30,Y+12
001e22 93ea      	ST   -Y,R30
001e23 81ef      	LDD  R30,Y+7
001e24 85f8      	LDD  R31,Y+7+1
001e25 9631      	ADIW R30,1
001e26 83ef      	STD  Y+7,R30
001e27 87f8      	STD  Y+7+1,R31
001e28 9731      	SBIW R30,1
001e29 9508      	RET
                 
                 ;OPTIMIZER ADDED SUBROUTINE, CALLED 3 TIMES, CODE SIZE REDUCTION:5 WORDS
                 SUBOPT_0x8:
001e2a 2766      	CLR  R22
001e2b 2777      	CLR  R23
001e2c 01df      	MOVW R26,R30
001e2d 01cb      	MOVW R24,R22
001e2e 940c 1db0 	JMP  _glcd_readmem
                 
                 ;OPTIMIZER ADDED SUBROUTINE, CALLED 3 TIMES, CODE SIZE REDUCTION:1 WORDS
                 SUBOPT_0x9:
001e30 935a      	ST   -Y,R21
001e31 85aa      	LDD  R26,Y+10
001e32 940c 1d88 	JMP  _glcd_mappixcolor1bit
                 
                 ;OPTIMIZER ADDED SUBROUTINE, CALLED 3 TIMES, CODE SIZE REDUCTION:3 WORDS
                 SUBOPT_0xA:
001e34 930a      	ST   -Y,R16
001e35 9503      	INC  R16
001e36 89e8      	LDD  R30,Y+16
001e37 93ea      	ST   -Y,R30
001e38 935a      	ST   -Y,R21
001e39 9508      	RET
                 
                 ;OPTIMIZER ADDED SUBROUTINE, CALLED 2 TIMES, CODE SIZE REDUCTION:1 WORDS
                 SUBOPT_0xB:
001e3a 930a      	ST   -Y,R16
001e3b 9503      	INC  R16
001e3c 89a8      	LDD  R26,Y+16
001e3d 940e 1a37 	CALL _ks0108_rdbyte_G100
001e3f 23e4      	AND  R30,R20
001e40 9508      	RET
                 
                 ;OPTIMIZER ADDED SUBROUTINE, CALLED 2 TIMES, CODE SIZE REDUCTION:5 WORDS
                 SUBOPT_0xC:
001e41 2f5e      	MOV  R21,R30
001e42 85ec      	LDD  R30,Y+12
001e43 93ea      	ST   -Y,R30
001e44 81af      	LDD  R26,Y+7
001e45 85b8      	LDD  R27,Y+7+1
001e46 2788      	CLR  R24
001e47 2799      	CLR  R25
001e48 940e 1db0 	CALL _glcd_readmem
001e4a 2e1e      	MOV  R1,R30
001e4b 9508      	RET
                 
                 ;OPTIMIZER ADDED SUBROUTINE, CALLED 2 TIMES, CODE SIZE REDUCTION:9 WORDS
                 SUBOPT_0xD:
001e4c 930a      	ST   -Y,R16
001e4d 9503      	INC  R16
001e4e 89e8      	LDD  R30,Y+16
001e4f 93ea      	ST   -Y,R30
001e50 85ee      	LDD  R30,Y+14
001e51 93ea      	ST   -Y,R30
001e52 85e9      	LDD  R30,Y+9
001e53 85fa      	LDD  R31,Y+9+1
001e54 9631      	ADIW R30,1
001e55 87e9      	STD  Y+9,R30
001e56 87fa      	STD  Y+9+1,R31
001e57 9731      	SBIW R30,1
001e58 cfd1      	RJMP SUBOPT_0x8
                 
                 ;OPTIMIZER ADDED SUBROUTINE, CALLED 2 TIMES, CODE SIZE REDUCTION:1 WORDS
                 SUBOPT_0xE:
001e59 93ba      	ST   -Y,R27
001e5a 93aa      	ST   -Y,R26
001e5b 81a8      	LD   R26,Y
001e5c 81b9      	LDD  R27,Y+1
001e5d 940e 1ec6 	CALL __CPW02
001e5f 9508      	RET
                 
                 ;OPTIMIZER ADDED SUBROUTINE, CALLED 3 TIMES, CODE SIZE REDUCTION:1 WORDS
                 SUBOPT_0xF:
001e60 83ed      	STD  Y+5,R30
001e61 83fe      	STD  Y+5+1,R31
001e62 9508      	RET
                 
                 
                 	.CSEG
                 _delay_ms:
001e63 9610      	adiw r26,0
001e64 f039      	breq __delay_ms1
                 __delay_ms0:
                +
001e65 ed80     +LDI R24 , LOW ( 0x7D0 )
001e66 e097     +LDI R25 , HIGH ( 0x7D0 )
                +__DELAY_USW_LOOP :
001e67 9701     +SBIW R24 , 1
001e68 f7f1     +BRNE __DELAY_USW_LOOP
                 	__DELAY_USW 0x7D0
001e69 95a8      	wdr
001e6a 9711      	sbiw r26,1
001e6b f7c9      	brne __delay_ms0
                 __delay_ms1:
001e6c 9508      	ret
                 
                 __LSLB12:
001e6d 23ee      	TST  R30
001e6e 2e0e      	MOV  R0,R30
001e6f 2fea      	MOV  R30,R26
001e70 f019      	BREQ __LSLB12R
                 __LSLB12L:
001e71 0fee      	LSL  R30
001e72 940a      	DEC  R0
001e73 f7e9      	BRNE __LSLB12L
                 __LSLB12R:
001e74 9508      	RET
                 
                 __LSRB12:
001e75 23ee      	TST  R30
001e76 2e0e      	MOV  R0,R30
001e77 2fea      	MOV  R30,R26
001e78 f019      	BREQ __LSRB12R
                 __LSRB12L:
001e79 95e6      	LSR  R30
001e7a 940a      	DEC  R0
001e7b f7e9      	BRNE __LSRB12L
                 __LSRB12R:
001e7c 9508      	RET
                 
                 __MULW12U:
001e7d 9ffa      	MUL  R31,R26
001e7e 2df0      	MOV  R31,R0
001e7f 9feb      	MUL  R30,R27
001e80 0df0      	ADD  R31,R0
001e81 9fea      	MUL  R30,R26
001e82 2de0      	MOV  R30,R0
001e83 0df1      	ADD  R31,R1
001e84 9508      	RET
                 
                 __MULD12U:
001e85 9f7a      	MUL  R23,R26
001e86 2d70      	MOV  R23,R0
001e87 9f6b      	MUL  R22,R27
001e88 0d70      	ADD  R23,R0
001e89 9ff8      	MUL  R31,R24
001e8a 0d70      	ADD  R23,R0
001e8b 9fe9      	MUL  R30,R25
001e8c 0d70      	ADD  R23,R0
001e8d 9f6a      	MUL  R22,R26
001e8e 2d60      	MOV  R22,R0
001e8f 0d71      	ADD  R23,R1
001e90 9ffb      	MUL  R31,R27
001e91 0d60      	ADD  R22,R0
001e92 1d71      	ADC  R23,R1
001e93 9fe8      	MUL  R30,R24
001e94 0d60      	ADD  R22,R0
001e95 1d71      	ADC  R23,R1
001e96 2788      	CLR  R24
001e97 9ffa      	MUL  R31,R26
001e98 2df0      	MOV  R31,R0
001e99 0d61      	ADD  R22,R1
001e9a 1f78      	ADC  R23,R24
001e9b 9feb      	MUL  R30,R27
001e9c 0df0      	ADD  R31,R0
001e9d 1d61      	ADC  R22,R1
001e9e 1f78      	ADC  R23,R24
001e9f 9fea      	MUL  R30,R26
001ea0 2de0      	MOV  R30,R0
001ea1 0df1      	ADD  R31,R1
001ea2 1f68      	ADC  R22,R24
001ea3 1f78      	ADC  R23,R24
001ea4 9508      	RET
                 
                 __GETW1P:
001ea5 91ed      	LD   R30,X+
001ea6 91fc      	LD   R31,X
001ea7 9711      	SBIW R26,1
001ea8 9508      	RET
                 
                 __EEPROMRDB:
001ea9 99e1      	SBIC EECR,EEWE
001eaa cffe      	RJMP __EEPROMRDB
001eab 93ff      	PUSH R31
001eac b7ff      	IN   R31,SREG
001ead 94f8      	CLI
001eae bbae      	OUT  EEARL,R26
001eaf bbbf      	OUT  EEARH,R27
001eb0 9ae0      	SBI  EECR,EERE
001eb1 b3ed      	IN   R30,EEDR
001eb2 bfff      	OUT  SREG,R31
001eb3 91ff      	POP  R31
001eb4 9508      	RET
                 
                 __EEPROMWRB:
001eb5 9be1      	SBIS EECR,EEWE
001eb6 c002      	RJMP __EEPROMWRB1
001eb7 95a8      	WDR
001eb8 cffc      	RJMP __EEPROMWRB
                 __EEPROMWRB1:
001eb9 b79f      	IN   R25,SREG
001eba 94f8      	CLI
001ebb bbae      	OUT  EEARL,R26
001ebc bbbf      	OUT  EEARH,R27
001ebd 9ae0      	SBI  EECR,EERE
001ebe b38d      	IN   R24,EEDR
001ebf 17e8      	CP   R30,R24
001ec0 f019      	BREQ __EEPROMWRB0
001ec1 bbed      	OUT  EEDR,R30
001ec2 9ae2      	SBI  EECR,EEMWE
001ec3 9ae1      	SBI  EECR,EEWE
                 __EEPROMWRB0:
001ec4 bf9f      	OUT  SREG,R25
001ec5 9508      	RET
                 
                 __CPW02:
001ec6 2400      	CLR  R0
001ec7 160a      	CP   R0,R26
001ec8 060b      	CPC  R0,R27
001ec9 9508      	RET
                 
                 __SAVELOCR6:
001eca 935a      	ST   -Y,R21
                 __SAVELOCR5:
001ecb 934a      	ST   -Y,R20
                 __SAVELOCR4:
001ecc 933a      	ST   -Y,R19
                 __SAVELOCR3:
001ecd 932a      	ST   -Y,R18
                 __SAVELOCR2:
001ece 931a      	ST   -Y,R17
001ecf 930a      	ST   -Y,R16
001ed0 9508      	RET
                 
                 __LOADLOCR6:
001ed1 815d      	LDD  R21,Y+5
                 __LOADLOCR5:
001ed2 814c      	LDD  R20,Y+4
                 __LOADLOCR4:
001ed3 813b      	LDD  R19,Y+3
                 __LOADLOCR3:
001ed4 812a      	LDD  R18,Y+2
                 __LOADLOCR2:
001ed5 8119      	LDD  R17,Y+1
001ed6 8108      	LD   R16,Y
001ed7 9508      	RET
                 
                 ;END OF CODE MARKER
                 __END_OF_CODE:


RESOURCE USE INFORMATION
------------------------

Notice:
The register and instruction counts are symbol table hit counts,
and hence implicitly used resources are not counted, eg, the
'lpm' instruction without operands implicitly uses r0 and z,
none of which are counted.

x,y,z are separate entities in the symbol table and are
counted separately from r26..r31 here.

.dseg memory usage only counts static data declared with .byte

ATmega32 register use summary:
r0 :  24 r1 :  11 r2 :   0 r3 :   0 r4 :   0 r5 :   0 r6 :   0 r7 :   0 
r8 :   0 r9 :   0 r10:   0 r11:   0 r12:   0 r13:   0 r14:   0 r15:   0 
r16:  22 r17:  67 r18:  25 r19:  23 r20:  11 r21:  28 r22:  18 r23:  16 
r24:  21 r25:   8 r26: 182 r27:  47 r28:  12 r29:   1 r30: 435 r31:  96 
x  :   7 y  : 310 z  :  15 
Registers used: 21 out of 35 (60.0%)

ATmega32 instruction use summary:
.lds  :   0 .lds.l:   0 .sts  :   0 .sts.l:   0 adc   :  11 add   :  16 
adiw  :  15 and   :   7 andi  :   8 asr   :   0 bclr  :   0 bld   :   0 
brbc  :   0 brbs  :   0 brcc  :   0 brcs  :   0 break :   0 breq  :  22 
brge  :   0 brhc  :   0 brhs  :   0 brid  :   0 brie  :   0 brlo  :   5 
brlt  :   4 brmi  :   0 brne  :  51 brpl  :   0 brsh  :  19 brtc  :   0 
brts  :   0 brvc  :   0 brvs  :   0 bset  :   0 bst   :   0 call  :  84 
cbi   :   9 cbr   :   0 clc   :   0 clh   :   0 cli   :   3 cln   :   0 
clr   :  19 cls   :   0 clt   :   0 clv   :   0 clz   :   0 com   :   7 
cp    :  14 cpc   :   5 cpi   :  67 cpse  :   0 dec   :   3 des   :   0 
eor   :   1 fmul  :   0 fmuls :   0 fmulsu:   0 icall :   2 ijmp  :   0 
in    :   5 inc   :   4 jmp   :  34 ld    :  21 ldd   : 164 ldi   : 135 
lds   :  21 lpm   :  17 lsl   :   1 lsr   :  15 mov   :  67 movw  :   6 
mul   :  13 muls  :   0 mulsu :   0 neg   :   0 nop   :   2 or    :   4 
ori   :   2 out   :  21 pop   :  11 push  :  11 rcall :  36 ret   :  33 
reti  :   0 rjmp  :  83 rol   :   0 ror   :   0 sbc   :   0 sbci  :   5 
sbi   :  19 sbic  :   1 sbis  :   1 sbiw  :  14 sbr   :   0 sbrc  :   0 
sbrs  :   2 sec   :   0 seh   :   0 sei   :   0 sen   :   0 ser   :   0 
ses   :   0 set   :   0 sev   :   0 sez   :   0 sleep :   0 spm   :   0 
st    :  97 std   :  36 sts   :  24 sub   :   5 subi  :  24 swap  :   1 
tst   :   2 wdr   :   2 
Instructions used: 57 out of 116 (49.1%)

ATmega32 memory use summary [bytes]:
Segment   Begin    End      Code   Data   Used    Size   Use%
---------------------------------------------------------------
[.cseg] 0x000000 0x003db0   2942  12850  15792   32768  48.2%
[.dseg] 0x000060 0x000284      0     36     36    2048   1.8%
[.eseg] 0x000000 0x000000      0      0      0    1024   0.0%

Assembly complete, 0 errors, 3 warnings
